aggregation_version,experiment,family,phase,source_kind,model,source_model_version,source_analysis_version,protocol,regime,mode,horizon_seconds,nominal_coverage,calibrated,metric,aggregation,n_seeds,seeds,value_median,value_minimum,value_maximum,users,sessions,origins,seed_inferential_test
0.22.0,held_sport,indoor_virtual_cycling,evaluation,interval,history_quantile_tcn,0.12.0,,held_sport,joint_user_sport__indoor_virtual_cycling,history_informed,60,0.5,false,absolute_coverage_error,"origin-within-session, session-within-user, equal-user mean",3,20260722;20260723;20260724,0.0140908658504486,0.0022797584533691,0.0142849385738372,18,234,1523,False
0.22.0,held_sport,indoor_virtual_cycling,evaluation,interval,history_quantile_tcn,0.12.0,,held_sport,joint_user_sport__indoor_virtual_cycling,history_informed,60,0.5,false,conformal_adjustment_bpm,"origin-within-session, session-within-user, equal-user mean",3,20260722;20260723;20260724,0.0,0.0,0.0,18,234,1523,False
0.22.0,held_sport,indoor_virtual_cycling,evaluation,interval,history_quantile_tcn,0.12.0,,held_sport,joint_user_sport__indoor_virtual_cycling,history_informed,60,0.5,false,mean_interval_width_bpm,"origin-within-session, session-within-user, equal-user mean",3,20260722;20260723;20260724,10.389909744262695,10.31259822845459,10.414420127868652,18,234,1523,False
0.22.0,held_sport,indoor_virtual_cycling,evaluation,interval,history_quantile_tcn,0.12.0,,held_sport,joint_user_sport__indoor_virtual_cycling,history_informed,60,0.5,false,picp,"origin-within-session, session-within-user, equal-user mean",3,20260722;20260723;20260724,0.4859091341495514,0.4857150614261627,0.5022797584533691,18,234,1523,False
0.22.0,held_sport,indoor_virtual_cycling,evaluation,interval,history_quantile_tcn,0.12.0,,held_sport,joint_user_sport__indoor_virtual_cycling,history_informed,60,0.5,true,absolute_coverage_error,"origin-within-session, session-within-user, equal-user mean",3,20260722;20260723;20260724,0.0112177431583404,0.0022797584533691,0.0140908658504486,18,234,1523,False
0.22.0,held_sport,indoor_virtual_cycling,evaluation,interval,history_quantile_tcn,0.12.0,,held_sport,joint_user_sport__indoor_virtual_cycling,history_informed,60,0.5,true,conformal_adjustment_bpm,"origin-within-session, session-within-user, equal-user mean",3,20260722;20260723;20260724,0.0,0.0,0.0146484375,18,234,1523,False
0.22.0,held_sport,indoor_virtual_cycling,evaluation,interval,history_quantile_tcn,0.12.0,,held_sport,joint_user_sport__indoor_virtual_cycling,history_informed,60,0.5,true,mean_interval_width_bpm,"origin-within-session, session-within-user, equal-user mean",3,20260722;20260723;20260724,10.389909744262695,10.31259822845459,10.443717002868652,18,234,1523,False
0.22.0,held_sport,indoor_virtual_cycling,evaluation,interval,history_quantile_tcn,0.12.0,,held_sport,joint_user_sport__indoor_virtual_cycling,history_informed,60,0.5,true,picp,"origin-within-session, session-within-user, equal-user mean",3,20260722;20260723;20260724,0.4887822568416595,0.4859091341495514,0.5022797584533691,18,234,1523,False
0.22.0,held_sport,indoor_virtual_cycling,evaluation,interval,history_quantile_tcn,0.12.0,,held_sport,joint_user_sport__indoor_virtual_cycling,history_informed,60,0.8,false,absolute_coverage_error,"origin-within-session, session-within-user, equal-user mean",3,20260722;20260723;20260724,0.0290013074874877,0.0021122574806213,0.0473918437957763,18,234,1523,False
0.22.0,held_sport,indoor_virtual_cycling,evaluation,interval,history_quantile_tcn,0.12.0,,held_sport,joint_user_sport__indoor_virtual_cycling,history_informed,60,0.8,false,conformal_adjustment_bpm,"origin-within-session, session-within-user, equal-user mean",3,20260722;20260723;20260724,0.0,0.0,0.0,18,234,1523,False
0.22.0,held_sport,indoor_virtual_cycling,evaluation,interval,history_quantile_tcn,0.12.0,,held_sport,joint_user_sport__indoor_virtual_cycling,history_informed,60,0.8,false,mean_interval_width_bpm,"origin-within-session, session-within-user, equal-user mean",3,20260722;20260723;20260724,20.986391067504883,20.835771560668945,21.138086318969727,18,234,1523,False
0.22.0,held_sport,indoor_virtual_cycling,evaluation,interval,history_quantile_tcn,0.12.0,,held_sport,joint_user_sport__indoor_virtual_cycling,history_informed,60,0.8,false,picp,"origin-within-session, session-within-user, equal-user mean",3,20260722;20260723;20260724,0.8290013074874878,0.7978877425193787,0.8473918437957764,18,234,1523,False
0.22.0,held_sport,indoor_virtual_cycling,evaluation,interval,history_quantile_tcn,0.12.0,,held_sport,joint_user_sport__indoor_virtual_cycling,history_informed,60,0.8,true,absolute_coverage_error,"origin-within-session, session-within-user, equal-user mean",3,20260722;20260723;20260724,0.0292255401611327,0.0021122574806213,0.0473918437957763,18,234,1523,False
0.22.0,held_sport,indoor_virtual_cycling,evaluation,interval,history_quantile_tcn,0.12.0,,held_sport,joint_user_sport__indoor_virtual_cycling,history_informed,60,0.8,true,conformal_adjustment_bpm,"origin-within-session, session-within-user, equal-user mean",3,20260722;20260723;20260724,0.0,0.0,0.029296875,18,234,1523,False
0.22.0,held_sport,indoor_virtual_cycling,evaluation,interval,history_quantile_tcn,0.12.0,,held_sport,joint_user_sport__indoor_virtual_cycling,history_informed,60,0.8,true,mean_interval_width_bpm,"origin-within-session, session-within-user, equal-user mean",3,20260722;20260723;20260724,21.044984817504883,20.835771560668945,21.138086318969727,18,234,1523,False
0.22.0,held_sport,indoor_virtual_cycling,evaluation,interval,history_quantile_tcn,0.12.0,,held_sport,joint_user_sport__indoor_virtual_cycling,history_informed,60,0.8,true,picp,"origin-within-session, session-within-user, equal-user mean",3,20260722;20260723;20260724,0.8292255401611328,0.7978877425193787,0.8473918437957764,18,234,1523,False
0.22.0,held_sport,indoor_virtual_cycling,evaluation,interval,history_quantile_tcn,0.12.0,,held_sport,joint_user_sport__indoor_virtual_cycling,history_informed,60,0.9,false,absolute_coverage_error,"origin-within-session, session-within-user, equal-user mean",3,20260722;20260723;20260724,0.0110262393951415,0.0079700112342834,0.0247754216194152,18,234,1523,False
0.22.0,held_sport,indoor_virtual_cycling,evaluation,interval,history_quantile_tcn,0.12.0,,held_sport,joint_user_sport__indoor_virtual_cycling,history_informed,60,0.9,false,conformal_adjustment_bpm,"origin-within-session, session-within-user, equal-user mean",3,20260722;20260723;20260724,0.0,0.0,0.0,18,234,1523,False
0.22.0,held_sport,indoor_virtual_cycling,evaluation,interval,history_quantile_tcn,0.12.0,,held_sport,joint_user_sport__indoor_virtual_cycling,history_informed,60,0.9,false,mean_interval_width_bpm,"origin-within-session, session-within-user, equal-user mean",3,20260722;20260723;20260724,28.55227279663086,28.363903045654297,28.829458236694336,18,234,1523,False
0.22.0,held_sport,indoor_virtual_cycling,evaluation,interval,history_quantile_tcn,0.12.0,,held_sport,joint_user_sport__indoor_virtual_cycling,history_informed,60,0.9,false,picp,"origin-within-session, session-within-user, equal-user mean",3,20260722;20260723;20260724,0.9110262393951416,0.9079700112342834,0.9247754216194152,18,234,1523,False
0.22.0,held_sport,indoor_virtual_cycling,evaluation,interval,history_quantile_tcn,0.12.0,,held_sport,joint_user_sport__indoor_virtual_cycling,history_informed,60,0.9,true,absolute_coverage_error,"origin-within-session, session-within-user, equal-user mean",3,20260722;20260723;20260724,0.0110262393951415,0.0081436991691589,0.0247754216194152,18,234,1523,False
0.22.0,held_sport,indoor_virtual_cycling,evaluation,interval,history_quantile_tcn,0.12.0,,held_sport,joint_user_sport__indoor_virtual_cycling,history_informed,60,0.9,true,conformal_adjustment_bpm,"origin-within-session, session-within-user, equal-user mean",3,20260722;20260723;20260724,0.0,0.0,0.0539093017578125,18,234,1523,False
0.22.0,held_sport,indoor_virtual_cycling,evaluation,interval,history_quantile_tcn,0.12.0,,held_sport,joint_user_sport__indoor_virtual_cycling,history_informed,60,0.9,true,mean_interval_width_bpm,"origin-within-session, session-within-user, equal-user mean",3,20260722;20260723;20260724,28.660091400146484,28.363903045654297,28.829458236694336,18,234,1523,False
0.22.0,held_sport,indoor_virtual_cycling,evaluation,interval,history_quantile_tcn,0.12.0,,held_sport,joint_user_sport__indoor_virtual_cycling,history_informed,60,0.9,true,picp,"origin-within-session, session-within-user, equal-user mean",3,20260722;20260723;20260724,0.9110262393951416,0.9081436991691588,0.9247754216194152,18,234,1523,False
0.22.0,held_sport,indoor_virtual_cycling,evaluation,interval,history_quantile_tcn,0.12.0,,held_sport,joint_user_sport__indoor_virtual_cycling,history_informed,180,0.5,false,absolute_coverage_error,"origin-within-session, session-within-user, equal-user mean",3,20260722;20260723;20260724,0.0491541028022766,0.0438174605369567,0.0608230829238891,18,234,1523,False
0.22.0,held_sport,indoor_virtual_cycling,evaluation,interval,history_quantile_tcn,0.12.0,,held_sport,joint_user_sport__indoor_virtual_cycling,history_informed,180,0.5,false,conformal_adjustment_bpm,"origin-within-session, session-within-user, equal-user mean",3,20260722;20260723;20260724,0.0,0.0,0.0,18,234,1523,False
0.22.0,held_sport,indoor_virtual_cycling,evaluation,interval,history_quantile_tcn,0.12.0,,held_sport,joint_user_sport__indoor_virtual_cycling,history_informed,180,0.5,false,mean_interval_width_bpm,"origin-within-session, session-within-user, equal-user mean",3,20260722;20260723;20260724,13.70578384399414,13.166011810302734,13.881376266479492,18,234,1523,False
0.22.0,held_sport,indoor_virtual_cycling,evaluation,interval,history_quantile_tcn,0.12.0,,held_sport,joint_user_sport__indoor_virtual_cycling,history_informed,180,0.5,false,picp,"origin-within-session, session-within-user, equal-user mean",3,20260722;20260723;20260724,0.5491541028022766,0.5438174605369568,0.5608230829238892,18,234,1523,False
0.22.0,held_sport,indoor_virtual_cycling,evaluation,interval,history_quantile_tcn,0.12.0,,held_sport,joint_user_sport__indoor_virtual_cycling,history_informed,180,0.5,true,absolute_coverage_error,"origin-within-session, session-within-user, equal-user mean",3,20260722;20260723;20260724,0.0491541028022766,0.0438174605369567,0.0608230829238891,18,234,1523,False
0.22.0,held_sport,indoor_virtual_cycling,evaluation,interval,history_quantile_tcn,0.12.0,,held_sport,joint_user_sport__indoor_virtual_cycling,history_informed,180,0.5,true,conformal_adjustment_bpm,"origin-within-session, session-within-user, equal-user mean",3,20260722;20260723;20260724,0.0,0.0,0.0,18,234,1523,False
0.22.0,held_sport,indoor_virtual_cycling,evaluation,interval,history_quantile_tcn,0.12.0,,held_sport,joint_user_sport__indoor_virtual_cycling,history_informed,180,0.5,true,mean_interval_width_bpm,"origin-within-session, session-within-user, equal-user mean",3,20260722;20260723;20260724,13.70578384399414,13.166011810302734,13.881376266479492,18,234,1523,False
0.22.0,held_sport,indoor_virtual_cycling,evaluation,interval,history_quantile_tcn,0.12.0,,held_sport,joint_user_sport__indoor_virtual_cycling,history_informed,180,0.5,true,picp,"origin-within-session, session-within-user, equal-user mean",3,20260722;20260723;20260724,0.5491541028022766,0.5438174605369568,0.5608230829238892,18,234,1523,False
0.22.0,held_sport,indoor_virtual_cycling,evaluation,interval,history_quantile_tcn,0.12.0,,held_sport,joint_user_sport__indoor_virtual_cycling,history_informed,180,0.8,false,absolute_coverage_error,"origin-within-session, session-within-user, equal-user mean",3,20260722;20260723;20260724,0.0250049114227295,0.0175711989402771,0.0259724140167236,18,234,1523,False
0.22.0,held_sport,indoor_virtual_cycling,evaluation,interval,history_quantile_tcn,0.12.0,,held_sport,joint_user_sport__indoor_virtual_cycling,history_informed,180,0.8,false,conformal_adjustment_bpm,"origin-within-session, session-within-user, equal-user mean",3,20260722;20260723;20260724,0.0,0.0,0.0,18,234,1523,False
0.22.0,held_sport,indoor_virtual_cycling,evaluation,interval,history_quantile_tcn,0.12.0,,held_sport,joint_user_sport__indoor_virtual_cycling,history_informed,180,0.8,false,mean_interval_width_bpm,"origin-within-session, session-within-user, equal-user mean",3,20260722;20260723;20260724,27.300968170166016,26.358917236328125,28.172807693481445,18,234,1523,False
0.22.0,held_sport,indoor_virtual_cycling,evaluation,interval,history_quantile_tcn,0.12.0,,held_sport,joint_user_sport__indoor_virtual_cycling,history_informed,180,0.8,false,picp,"origin-within-session, session-within-user, equal-user mean",3,20260722;20260723;20260724,0.7749950885772705,0.7740275859832764,0.7824288010597229,18,234,1523,False
0.22.0,held_sport,indoor_virtual_cycling,evaluation,interval,history_quantile_tcn,0.12.0,,held_sport,joint_user_sport__indoor_virtual_cycling,history_informed,180,0.8,true,absolute_coverage_error,"origin-within-session, session-within-user, equal-user mean",3,20260722;20260723;20260724,0.0248410582542419,0.0175711989402771,0.0259724140167236,18,234,1523,False
0.22.0,held_sport,indoor_virtual_cycling,evaluation,interval,history_quantile_tcn,0.12.0,,held_sport,joint_user_sport__indoor_virtual_cycling,history_informed,180,0.8,true,conformal_adjustment_bpm,"origin-within-session, session-within-user, equal-user mean",3,20260722;20260723;20260724,0.0,0.0,0.02734375,18,234,1523,False
0.22.0,held_sport,indoor_virtual_cycling,evaluation,interval,history_quantile_tcn,0.12.0,,held_sport,joint_user_sport__indoor_virtual_cycling,history_informed,180,0.8,true,mean_interval_width_bpm,"origin-within-session, session-within-user, equal-user mean",3,20260722;20260723;20260724,27.355655670166016,26.358917236328125,28.172807693481445,18,234,1523,False
0.22.0,held_sport,indoor_virtual_cycling,evaluation,interval,history_quantile_tcn,0.12.0,,held_sport,joint_user_sport__indoor_virtual_cycling,history_informed,180,0.8,true,picp,"origin-within-session, session-within-user, equal-user mean",3,20260722;20260723;20260724,0.7751589417457581,0.7740275859832764,0.7824288010597229,18,234,1523,False
0.22.0,held_sport,indoor_virtual_cycling,evaluation,interval,history_quantile_tcn,0.12.0,,held_sport,joint_user_sport__indoor_virtual_cycling,history_informed,180,0.9,false,absolute_coverage_error,"origin-within-session, session-within-user, equal-user mean",3,20260722;20260723;20260724,0.0348679065704345,0.0340762376785278,0.0350295543670654,18,234,1523,False
0.22.0,held_sport,indoor_virtual_cycling,evaluation,interval,history_quantile_tcn,0.12.0,,held_sport,joint_user_sport__indoor_virtual_cycling,history_informed,180,0.9,false,conformal_adjustment_bpm,"origin-within-session, session-within-user, equal-user mean",3,20260722;20260723;20260724,0.0,0.0,0.0,18,234,1523,False
0.22.0,held_sport,indoor_virtual_cycling,evaluation,interval,history_quantile_tcn,0.12.0,,held_sport,joint_user_sport__indoor_virtual_cycling,history_informed,180,0.9,false,mean_interval_width_bpm,"origin-within-session, session-within-user, equal-user mean",3,20260722;20260723;20260724,37.41551971435547,36.25298309326172,39.01057434082031,18,234,1523,False
0.22.0,held_sport,indoor_virtual_cycling,evaluation,interval,history_quantile_tcn,0.12.0,,held_sport,joint_user_sport__indoor_virtual_cycling,history_informed,180,0.9,false,picp,"origin-within-session, session-within-user, equal-user mean",3,20260722;20260723;20260724,0.8651320934295654,0.8649704456329346,0.8659237623214722,18,234,1523,False
0.22.0,held_sport,indoor_virtual_cycling,evaluation,interval,history_quantile_tcn,0.12.0,,held_sport,joint_user_sport__indoor_virtual_cycling,history_informed,180,0.9,true,absolute_coverage_error,"origin-within-session, session-within-user, equal-user mean",3,20260722;20260723;20260724,0.0347135305404663,0.0340762376785278,0.0350295543670654,18,234,1523,False
0.22.0,held_sport,indoor_virtual_cycling,evaluation,interval,history_quantile_tcn,0.12.0,,held_sport,joint_user_sport__indoor_virtual_cycling,history_informed,180,0.9,true,conformal_adjustment_bpm,"origin-within-session, session-within-user, equal-user mean",3,20260722;20260723;20260724,0.0,0.0,0.099822998046875,18,234,1523,False
0.22.0,held_sport,indoor_virtual_cycling,evaluation,interval,history_quantile_tcn,0.12.0,,held_sport,joint_user_sport__indoor_virtual_cycling,history_informed,180,0.9,true,mean_interval_width_bpm,"origin-within-session, session-within-user, equal-user mean",3,20260722;20260723;20260724,37.61516571044922,36.25298309326172,39.01057434082031,18,234,1523,False
0.22.0,held_sport,indoor_virtual_cycling,evaluation,interval,history_quantile_tcn,0.12.0,,held_sport,joint_user_sport__indoor_virtual_cycling,history_informed,180,0.9,true,picp,"origin-within-session, session-within-user, equal-user mean",3,20260722;20260723;20260724,0.8652864694595337,0.8649704456329346,0.8659237623214722,18,234,1523,False
0.22.0,held_sport,indoor_virtual_cycling,evaluation,interval,history_quantile_tcn,0.12.0,,held_sport,joint_user_sport__indoor_virtual_cycling,history_informed,300,0.5,false,absolute_coverage_error,"origin-within-session, session-within-user, equal-user mean",3,20260722;20260723;20260724,0.0661322474479675,0.0492528676986694,0.0779176950454711,18,234,1523,False
0.22.0,held_sport,indoor_virtual_cycling,evaluation,interval,history_quantile_tcn,0.12.0,,held_sport,joint_user_sport__indoor_virtual_cycling,history_informed,300,0.5,false,conformal_adjustment_bpm,"origin-within-session, session-within-user, equal-user mean",3,20260722;20260723;20260724,0.0,0.0,0.0,18,234,1523,False
0.22.0,held_sport,indoor_virtual_cycling,evaluation,interval,history_quantile_tcn,0.12.0,,held_sport,joint_user_sport__indoor_virtual_cycling,history_informed,300,0.5,false,mean_interval_width_bpm,"origin-within-session, session-within-user, equal-user mean",3,20260722;20260723;20260724,14.895444869995115,14.299689292907717,15.238856315612791,18,234,1523,False
0.22.0,held_sport,indoor_virtual_cycling,evaluation,interval,history_quantile_tcn,0.12.0,,held_sport,joint_user_sport__indoor_virtual_cycling,history_informed,300,0.5,false,picp,"origin-within-session, session-within-user, equal-user mean",3,20260722;20260723;20260724,0.4338677525520324,0.4220823049545288,0.4507471323013305,18,234,1523,False
0.22.0,held_sport,indoor_virtual_cycling,evaluation,interval,history_quantile_tcn,0.12.0,,held_sport,joint_user_sport__indoor_virtual_cycling,history_informed,300,0.5,true,absolute_coverage_error,"origin-within-session, session-within-user, equal-user mean",3,20260722;20260723;20260724,0.0661322474479675,0.0492528676986694,0.0779176950454711,18,234,1523,False
0.22.0,held_sport,indoor_virtual_cycling,evaluation,interval,history_quantile_tcn,0.12.0,,held_sport,joint_user_sport__indoor_virtual_cycling,history_informed,300,0.5,true,conformal_adjustment_bpm,"origin-within-session, session-within-user, equal-user mean",3,20260722;20260723;20260724,0.0,0.0,0.0,18,234,1523,False
0.22.0,held_sport,indoor_virtual_cycling,evaluation,interval,history_quantile_tcn,0.12.0,,held_sport,joint_user_sport__indoor_virtual_cycling,history_informed,300,0.5,true,mean_interval_width_bpm,"origin-within-session, session-within-user, equal-user mean",3,20260722;20260723;20260724,14.895444869995115,14.299689292907717,15.238856315612791,18,234,1523,False
0.22.0,held_sport,indoor_virtual_cycling,evaluation,interval,history_quantile_tcn,0.12.0,,held_sport,joint_user_sport__indoor_virtual_cycling,history_informed,300,0.5,true,picp,"origin-within-session, session-within-user, equal-user mean",3,20260722;20260723;20260724,0.4338677525520324,0.4220823049545288,0.4507471323013305,18,234,1523,False
0.22.0,held_sport,indoor_virtual_cycling,evaluation,interval,history_quantile_tcn,0.12.0,,held_sport,joint_user_sport__indoor_virtual_cycling,history_informed,300,0.8,false,absolute_coverage_error,"origin-within-session, session-within-user, equal-user mean",3,20260722;20260723;20260724,0.0654068470001221,0.0498694658279419,0.0872169017791748,18,234,1523,False
0.22.0,held_sport,indoor_virtual_cycling,evaluation,interval,history_quantile_tcn,0.12.0,,held_sport,joint_user_sport__indoor_virtual_cycling,history_informed,300,0.8,false,conformal_adjustment_bpm,"origin-within-session, session-within-user, equal-user mean",3,20260722;20260723;20260724,0.0,0.0,0.0,18,234,1523,False
0.22.0,held_sport,indoor_virtual_cycling,evaluation,interval,history_quantile_tcn,0.12.0,,held_sport,joint_user_sport__indoor_virtual_cycling,history_informed,300,0.8,false,mean_interval_width_bpm,"origin-within-session, session-within-user, equal-user mean",3,20260722;20260723;20260724,30.344099044799805,28.98046112060547,31.51598358154297,18,234,1523,False
0.22.0,held_sport,indoor_virtual_cycling,evaluation,interval,history_quantile_tcn,0.12.0,,held_sport,joint_user_sport__indoor_virtual_cycling,history_informed,300,0.8,false,picp,"origin-within-session, session-within-user, equal-user mean",3,20260722;20260723;20260724,0.7345931529998779,0.7127830982208252,0.7501305341720581,18,234,1523,False
0.22.0,held_sport,indoor_virtual_cycling,evaluation,interval,history_quantile_tcn,0.12.0,,held_sport,joint_user_sport__indoor_virtual_cycling,history_informed,300,0.8,true,absolute_coverage_error,"origin-within-session, session-within-user, equal-user mean",3,20260722;20260723;20260724,0.0654068470001221,0.0498694658279419,0.0872169017791748,18,234,1523,False
0.22.0,held_sport,indoor_virtual_cycling,evaluation,interval,history_quantile_tcn,0.12.0,,held_sport,joint_user_sport__indoor_virtual_cycling,history_informed,300,0.8,true,conformal_adjustment_bpm,"origin-within-session, session-within-user, equal-user mean",3,20260722;20260723;20260724,0.0,0.0,0.0,18,234,1523,False
0.22.0,held_sport,indoor_virtual_cycling,evaluation,interval,history_quantile_tcn,0.12.0,,held_sport,joint_user_sport__indoor_virtual_cycling,history_informed,300,0.8,true,mean_interval_width_bpm,"origin-within-session, session-within-user, equal-user mean",3,20260722;20260723;20260724,30.344099044799805,28.98046112060547,31.51598358154297,18,234,1523,False
0.22.0,held_sport,indoor_virtual_cycling,evaluation,interval,history_quantile_tcn,0.12.0,,held_sport,joint_user_sport__indoor_virtual_cycling,history_informed,300,0.8,true,picp,"origin-within-session, session-within-user, equal-user mean",3,20260722;20260723;20260724,0.7345931529998779,0.7127830982208252,0.7501305341720581,18,234,1523,False
0.22.0,held_sport,indoor_virtual_cycling,evaluation,interval,history_quantile_tcn,0.12.0,,held_sport,joint_user_sport__indoor_virtual_cycling,history_informed,300,0.9,false,absolute_coverage_error,"origin-within-session, session-within-user, equal-user mean",3,20260722;20260723;20260724,0.0150915622711181,0.0079867601394653,0.0796998381614685,18,234,1523,False
0.22.0,held_sport,indoor_virtual_cycling,evaluation,interval,history_quantile_tcn,0.12.0,,held_sport,joint_user_sport__indoor_virtual_cycling,history_informed,300,0.9,false,conformal_adjustment_bpm,"origin-within-session, session-within-user, equal-user mean",3,20260722;20260723;20260724,0.0,0.0,0.0,18,234,1523,False
0.22.0,held_sport,indoor_virtual_cycling,evaluation,interval,history_quantile_tcn,0.12.0,,held_sport,joint_user_sport__indoor_virtual_cycling,history_informed,300,0.9,false,mean_interval_width_bpm,"origin-within-session, session-within-user, equal-user mean",3,20260722;20260723;20260724,41.22784805297852,39.56622314453125,43.35966110229492,18,234,1523,False
0.22.0,held_sport,indoor_virtual_cycling,evaluation,interval,history_quantile_tcn,0.12.0,,held_sport,joint_user_sport__indoor_virtual_cycling,history_informed,300,0.9,false,picp,"origin-within-session, session-within-user, equal-user mean",3,20260722;20260723;20260724,0.8849084377288818,0.8203001618385315,0.9079867601394652,18,234,1523,False
0.22.0,held_sport,indoor_virtual_cycling,evaluation,interval,history_quantile_tcn,0.12.0,,held_sport,joint_user_sport__indoor_virtual_cycling,history_informed,300,0.9,true,absolute_coverage_error,"origin-within-session, session-within-user, equal-user mean",3,20260722;20260723;20260724,0.014931583404541,0.0079867601394653,0.0795007586479187,18,234,1523,False
0.22.0,held_sport,indoor_virtual_cycling,evaluation,interval,history_quantile_tcn,0.12.0,,held_sport,joint_user_sport__indoor_virtual_cycling,history_informed,300,0.9,true,conformal_adjustment_bpm,"origin-within-session, session-within-user, equal-user mean",3,20260722;20260723;20260724,0.0221405029296875,0.0,0.02734375,18,234,1523,False
0.22.0,held_sport,indoor_virtual_cycling,evaluation,interval,history_quantile_tcn,0.12.0,,held_sport,joint_user_sport__indoor_virtual_cycling,history_informed,300,0.9,true,mean_interval_width_bpm,"origin-within-session, session-within-user, equal-user mean",3,20260722;20260723;20260724,41.27212905883789,39.62091064453125,43.35966110229492,18,234,1523,False
0.22.0,held_sport,indoor_virtual_cycling,evaluation,interval,history_quantile_tcn,0.12.0,,held_sport,joint_user_sport__indoor_virtual_cycling,history_informed,300,0.9,true,picp,"origin-within-session, session-within-user, equal-user mean",3,20260722;20260723;20260724,0.885068416595459,0.8204992413520813,0.9079867601394652,18,234,1523,False
0.22.0,held_sport,indoor_virtual_cycling,evaluation,interval,history_quantile_tcn,0.12.0,,held_sport,joint_user_sport__indoor_virtual_cycling,zero_history,60,0.5,false,absolute_coverage_error,"origin-within-session, session-within-user, equal-user mean",3,20260722;20260723;20260724,0.001988410949707,0.0018534660339355,0.0318216681480407,18,234,1523,False
0.22.0,held_sport,indoor_virtual_cycling,evaluation,interval,history_quantile_tcn,0.12.0,,held_sport,joint_user_sport__indoor_virtual_cycling,zero_history,60,0.5,false,conformal_adjustment_bpm,"origin-within-session, session-within-user, equal-user mean",3,20260722;20260723;20260724,0.0,0.0,0.0,18,234,1523,False
0.22.0,held_sport,indoor_virtual_cycling,evaluation,interval,history_quantile_tcn,0.12.0,,held_sport,joint_user_sport__indoor_virtual_cycling,zero_history,60,0.5,false,mean_interval_width_bpm,"origin-within-session, session-within-user, equal-user mean",3,20260722;20260723;20260724,10.075002670288086,9.88888931274414,10.202103614807127,18,234,1523,False
0.22.0,held_sport,indoor_virtual_cycling,evaluation,interval,history_quantile_tcn,0.12.0,,held_sport,joint_user_sport__indoor_virtual_cycling,zero_history,60,0.5,false,picp,"origin-within-session, session-within-user, equal-user mean",3,20260722;20260723;20260724,0.4981465339660644,0.4980115890502929,0.5318216681480408,18,234,1523,False
0.22.0,held_sport,indoor_virtual_cycling,evaluation,interval,history_quantile_tcn,0.12.0,,held_sport,joint_user_sport__indoor_virtual_cycling,zero_history,60,0.5,true,absolute_coverage_error,"origin-within-session, session-within-user, equal-user mean",3,20260722;20260723;20260724,0.001988410949707,0.0018534660339355,0.0318216681480407,18,234,1523,False
0.22.0,held_sport,indoor_virtual_cycling,evaluation,interval,history_quantile_tcn,0.12.0,,held_sport,joint_user_sport__indoor_virtual_cycling,zero_history,60,0.5,true,conformal_adjustment_bpm,"origin-within-session, session-within-user, equal-user mean",3,20260722;20260723;20260724,0.0,0.0,0.0,18,234,1523,False
0.22.0,held_sport,indoor_virtual_cycling,evaluation,interval,history_quantile_tcn,0.12.0,,held_sport,joint_user_sport__indoor_virtual_cycling,zero_history,60,0.5,true,mean_interval_width_bpm,"origin-within-session, session-within-user, equal-user mean",3,20260722;20260723;20260724,10.075002670288086,9.88888931274414,10.202103614807127,18,234,1523,False
0.22.0,held_sport,indoor_virtual_cycling,evaluation,interval,history_quantile_tcn,0.12.0,,held_sport,joint_user_sport__indoor_virtual_cycling,zero_history,60,0.5,true,picp,"origin-within-session, session-within-user, equal-user mean",3,20260722;20260723;20260724,0.4981465339660644,0.4980115890502929,0.5318216681480408,18,234,1523,False
0.22.0,held_sport,indoor_virtual_cycling,evaluation,interval,history_quantile_tcn,0.12.0,,held_sport,joint_user_sport__indoor_virtual_cycling,zero_history,60,0.8,false,absolute_coverage_error,"origin-within-session, session-within-user, equal-user mean",3,20260722;20260723;20260724,0.0280988335609435,0.0113695740699768,0.0381578922271728,18,234,1523,False
0.22.0,held_sport,indoor_virtual_cycling,evaluation,interval,history_quantile_tcn,0.12.0,,held_sport,joint_user_sport__indoor_virtual_cycling,zero_history,60,0.8,false,conformal_adjustment_bpm,"origin-within-session, session-within-user, equal-user mean",3,20260722;20260723;20260724,0.0,0.0,0.0,18,234,1523,False
0.22.0,held_sport,indoor_virtual_cycling,evaluation,interval,history_quantile_tcn,0.12.0,,held_sport,joint_user_sport__indoor_virtual_cycling,zero_history,60,0.8,false,mean_interval_width_bpm,"origin-within-session, session-within-user, equal-user mean",3,20260722;20260723;20260724,19.945554733276367,19.637596130371094,20.14491081237793,18,234,1523,False
0.22.0,held_sport,indoor_virtual_cycling,evaluation,interval,history_quantile_tcn,0.12.0,,held_sport,joint_user_sport__indoor_virtual_cycling,zero_history,60,0.8,false,picp,"origin-within-session, session-within-user, equal-user mean",3,20260722;20260723;20260724,0.8280988335609436,0.7886304259300232,0.8381578922271729,18,234,1523,False
0.22.0,held_sport,indoor_virtual_cycling,evaluation,interval,history_quantile_tcn,0.12.0,,held_sport,joint_user_sport__indoor_virtual_cycling,zero_history,60,0.8,true,absolute_coverage_error,"origin-within-session, session-within-user, equal-user mean",3,20260722;20260723;20260724,0.0280988335609435,0.0113695740699768,0.0381578922271728,18,234,1523,False
0.22.0,held_sport,indoor_virtual_cycling,evaluation,interval,history_quantile_tcn,0.12.0,,held_sport,joint_user_sport__indoor_virtual_cycling,zero_history,60,0.8,true,conformal_adjustment_bpm,"origin-within-session, session-within-user, equal-user mean",3,20260722;20260723;20260724,0.0,0.0,0.0,18,234,1523,False
0.22.0,held_sport,indoor_virtual_cycling,evaluation,interval,history_quantile_tcn,0.12.0,,held_sport,joint_user_sport__indoor_virtual_cycling,zero_history,60,0.8,true,mean_interval_width_bpm,"origin-within-session, session-within-user, equal-user mean",3,20260722;20260723;20260724,19.945554733276367,19.637596130371094,20.14491081237793,18,234,1523,False
0.22.0,held_sport,indoor_virtual_cycling,evaluation,interval,history_quantile_tcn,0.12.0,,held_sport,joint_user_sport__indoor_virtual_cycling,zero_history,60,0.8,true,picp,"origin-within-session, session-within-user, equal-user mean",3,20260722;20260723;20260724,0.8280988335609436,0.7886304259300232,0.8381578922271729,18,234,1523,False
0.22.0,held_sport,indoor_virtual_cycling,evaluation,interval,history_quantile_tcn,0.12.0,,held_sport,joint_user_sport__indoor_virtual_cycling,zero_history,60,0.9,false,absolute_coverage_error,"origin-within-session, session-within-user, equal-user mean",3,20260722;20260723;20260724,0.0018753051757812,0.000721251964569,0.0203190207481384,18,234,1523,False
0.22.0,held_sport,indoor_virtual_cycling,evaluation,interval,history_quantile_tcn,0.12.0,,held_sport,joint_user_sport__indoor_virtual_cycling,zero_history,60,0.9,false,conformal_adjustment_bpm,"origin-within-session, session-within-user, equal-user mean",3,20260722;20260723;20260724,0.0,0.0,0.0,18,234,1523,False
0.22.0,held_sport,indoor_virtual_cycling,evaluation,interval,history_quantile_tcn,0.12.0,,held_sport,joint_user_sport__indoor_virtual_cycling,zero_history,60,0.9,false,mean_interval_width_bpm,"origin-within-session, session-within-user, equal-user mean",3,20260722;20260723;20260724,26.939847946166992,26.50427627563477,27.23382568359375,18,234,1523,False
0.22.0,held_sport,indoor_virtual_cycling,evaluation,interval,history_quantile_tcn,0.12.0,,held_sport,joint_user_sport__indoor_virtual_cycling,zero_history,60,0.9,false,picp,"origin-within-session, session-within-user, equal-user mean",3,20260722;20260723;20260724,0.9007212519645692,0.8981246948242188,0.9203190207481384,18,234,1523,False
0.22.0,held_sport,indoor_virtual_cycling,evaluation,interval,history_quantile_tcn,0.12.0,,held_sport,joint_user_sport__indoor_virtual_cycling,zero_history,60,0.9,true,absolute_coverage_error,"origin-within-session, session-within-user, equal-user mean",3,20260722;20260723;20260724,0.0018753051757812,0.00092533826828,0.0203190207481384,18,234,1523,False
0.22.0,held_sport,indoor_virtual_cycling,evaluation,interval,history_quantile_tcn,0.12.0,,held_sport,joint_user_sport__indoor_virtual_cycling,zero_history,60,0.9,true,conformal_adjustment_bpm,"origin-within-session, session-within-user, equal-user mean",3,20260722;20260723;20260724,0.0,0.0,0.015625,18,234,1523,False
0.22.0,held_sport,indoor_virtual_cycling,evaluation,interval,history_quantile_tcn,0.12.0,,held_sport,joint_user_sport__indoor_virtual_cycling,zero_history,60,0.9,true,mean_interval_width_bpm,"origin-within-session, session-within-user, equal-user mean",3,20260722;20260723;20260724,26.939847946166992,26.53552627563477,27.23382568359375,18,234,1523,False
0.22.0,held_sport,indoor_virtual_cycling,evaluation,interval,history_quantile_tcn,0.12.0,,held_sport,joint_user_sport__indoor_virtual_cycling,zero_history,60,0.9,true,picp,"origin-within-session, session-within-user, equal-user mean",3,20260722;20260723;20260724,0.90092533826828,0.8981246948242188,0.9203190207481384,18,234,1523,False
0.22.0,held_sport,indoor_virtual_cycling,evaluation,interval,history_quantile_tcn,0.12.0,,held_sport,joint_user_sport__indoor_virtual_cycling,zero_history,180,0.5,false,absolute_coverage_error,"origin-within-session, session-within-user, equal-user mean",3,20260722;20260723;20260724,0.0068414807319641,0.0038229823112487,0.02202570438385,18,234,1523,False
0.22.0,held_sport,indoor_virtual_cycling,evaluation,interval,history_quantile_tcn,0.12.0,,held_sport,joint_user_sport__indoor_virtual_cycling,zero_history,180,0.5,false,conformal_adjustment_bpm,"origin-within-session, session-within-user, equal-user mean",3,20260722;20260723;20260724,0.0,0.0,0.0,18,234,1523,False
0.22.0,held_sport,indoor_virtual_cycling,evaluation,interval,history_quantile_tcn,0.12.0,,held_sport,joint_user_sport__indoor_virtual_cycling,zero_history,180,0.5,false,mean_interval_width_bpm,"origin-within-session, session-within-user, equal-user mean",3,20260722;20260723;20260724,12.73104476928711,12.44686508178711,12.752692222595217,18,234,1523,False
0.22.0,held_sport,indoor_virtual_cycling,evaluation,interval,history_quantile_tcn,0.12.0,,held_sport,joint_user_sport__indoor_virtual_cycling,zero_history,180,0.5,false,picp,"origin-within-session, session-within-user, equal-user mean",3,20260722;20260723;20260724,0.5068414807319641,0.5038229823112488,0.5220257043838501,18,234,1523,False
0.22.0,held_sport,indoor_virtual_cycling,evaluation,interval,history_quantile_tcn,0.12.0,,held_sport,joint_user_sport__indoor_virtual_cycling,zero_history,180,0.5,true,absolute_coverage_error,"origin-within-session, session-within-user, equal-user mean",3,20260722;20260723;20260724,0.0068414807319641,0.0038229823112487,0.02202570438385,18,234,1523,False
0.22.0,held_sport,indoor_virtual_cycling,evaluation,interval,history_quantile_tcn,0.12.0,,held_sport,joint_user_sport__indoor_virtual_cycling,zero_history,180,0.5,true,conformal_adjustment_bpm,"origin-within-session, session-within-user, equal-user mean",3,20260722;20260723;20260724,0.0,0.0,0.0,18,234,1523,False
0.22.0,held_sport,indoor_virtual_cycling,evaluation,interval,history_quantile_tcn,0.12.0,,held_sport,joint_user_sport__indoor_virtual_cycling,zero_history,180,0.5,true,mean_interval_width_bpm,"origin-within-session, session-within-user, equal-user mean",3,20260722;20260723;20260724,12.73104476928711,12.44686508178711,12.752692222595217,18,234,1523,False
0.22.0,held_sport,indoor_virtual_cycling,evaluation,interval,history_quantile_tcn,0.12.0,,held_sport,joint_user_sport__indoor_virtual_cycling,zero_history,180,0.5,true,picp,"origin-within-session, session-within-user, equal-user mean",3,20260722;20260723;20260724,0.5068414807319641,0.5038229823112488,0.5220257043838501,18,234,1523,False
0.22.0,held_sport,indoor_virtual_cycling,evaluation,interval,history_quantile_tcn,0.12.0,,held_sport,joint_user_sport__indoor_virtual_cycling,zero_history,180,0.8,false,absolute_coverage_error,"origin-within-session, session-within-user, equal-user mean",3,20260722;20260723;20260724,0.0442494034767151,0.0389557361602783,0.0485688924789429,18,234,1523,False
0.22.0,held_sport,indoor_virtual_cycling,evaluation,interval,history_quantile_tcn,0.12.0,,held_sport,joint_user_sport__indoor_virtual_cycling,zero_history,180,0.8,false,conformal_adjustment_bpm,"origin-within-session, session-within-user, equal-user mean",3,20260722;20260723;20260724,0.0,0.0,0.0,18,234,1523,False
0.22.0,held_sport,indoor_virtual_cycling,evaluation,interval,history_quantile_tcn,0.12.0,,held_sport,joint_user_sport__indoor_virtual_cycling,zero_history,180,0.8,false,mean_interval_width_bpm,"origin-within-session, session-within-user, equal-user mean",3,20260722;20260723;20260724,25.16509437561035,24.700719833374023,25.397846221923828,18,234,1523,False
0.22.0,held_sport,indoor_virtual_cycling,evaluation,interval,history_quantile_tcn,0.12.0,,held_sport,joint_user_sport__indoor_virtual_cycling,zero_history,180,0.8,false,picp,"origin-within-session, session-within-user, equal-user mean",3,20260722;20260723;20260724,0.7557505965232849,0.7514311075210571,0.7610442638397217,18,234,1523,False
0.22.0,held_sport,indoor_virtual_cycling,evaluation,interval,history_quantile_tcn,0.12.0,,held_sport,joint_user_sport__indoor_virtual_cycling,zero_history,180,0.8,true,absolute_coverage_error,"origin-within-session, session-within-user, equal-user mean",3,20260722;20260723;20260724,0.0442494034767151,0.0389557361602783,0.0485688924789429,18,234,1523,False
0.22.0,held_sport,indoor_virtual_cycling,evaluation,interval,history_quantile_tcn,0.12.0,,held_sport,joint_user_sport__indoor_virtual_cycling,zero_history,180,0.8,true,conformal_adjustment_bpm,"origin-within-session, session-within-user, equal-user mean",3,20260722;20260723;20260724,0.0,0.0,0.0,18,234,1523,False
0.22.0,held_sport,indoor_virtual_cycling,evaluation,interval,history_quantile_tcn,0.12.0,,held_sport,joint_user_sport__indoor_virtual_cycling,zero_history,180,0.8,true,mean_interval_width_bpm,"origin-within-session, session-within-user, equal-user mean",3,20260722;20260723;20260724,25.16509437561035,24.700719833374023,25.397846221923828,18,234,1523,False
0.22.0,held_sport,indoor_virtual_cycling,evaluation,interval,history_quantile_tcn,0.12.0,,held_sport,joint_user_sport__indoor_virtual_cycling,zero_history,180,0.8,true,picp,"origin-within-session, session-within-user, equal-user mean",3,20260722;20260723;20260724,0.7557505965232849,0.7514311075210571,0.7610442638397217,18,234,1523,False
0.22.0,held_sport,indoor_virtual_cycling,evaluation,interval,history_quantile_tcn,0.12.0,,held_sport,joint_user_sport__indoor_virtual_cycling,zero_history,180,0.9,false,absolute_coverage_error,"origin-within-session, session-within-user, equal-user mean",3,20260722;20260723;20260724,0.046803617477417,0.0460262537002563,0.0696496605873108,18,234,1523,False
0.22.0,held_sport,indoor_virtual_cycling,evaluation,interval,history_quantile_tcn,0.12.0,,held_sport,joint_user_sport__indoor_virtual_cycling,zero_history,180,0.9,false,conformal_adjustment_bpm,"origin-within-session, session-within-user, equal-user mean",3,20260722;20260723;20260724,0.0,0.0,0.0,18,234,1523,False
0.22.0,held_sport,indoor_virtual_cycling,evaluation,interval,history_quantile_tcn,0.12.0,,held_sport,joint_user_sport__indoor_virtual_cycling,zero_history,180,0.9,false,mean_interval_width_bpm,"origin-within-session, session-within-user, equal-user mean",3,20260722;20260723;20260724,34.62350845336914,33.98005294799805,35.00212097167969,18,234,1523,False
0.22.0,held_sport,indoor_virtual_cycling,evaluation,interval,history_quantile_tcn,0.12.0,,held_sport,joint_user_sport__indoor_virtual_cycling,zero_history,180,0.9,false,picp,"origin-within-session, session-within-user, equal-user mean",3,20260722;20260723;20260724,0.853196382522583,0.8303503394126892,0.8539737462997437,18,234,1523,False
0.22.0,held_sport,indoor_virtual_cycling,evaluation,interval,history_quantile_tcn,0.12.0,,held_sport,joint_user_sport__indoor_virtual_cycling,zero_history,180,0.9,true,absolute_coverage_error,"origin-within-session, session-within-user, equal-user mean",3,20260722;20260723;20260724,0.046803617477417,0.0460262537002563,0.0696496605873108,18,234,1523,False
0.22.0,held_sport,indoor_virtual_cycling,evaluation,interval,history_quantile_tcn,0.12.0,,held_sport,joint_user_sport__indoor_virtual_cycling,zero_history,180,0.9,true,conformal_adjustment_bpm,"origin-within-session, session-within-user, equal-user mean",3,20260722;20260723;20260724,0.0,0.0,0.0,18,234,1523,False
0.22.0,held_sport,indoor_virtual_cycling,evaluation,interval,history_quantile_tcn,0.12.0,,held_sport,joint_user_sport__indoor_virtual_cycling,zero_history,180,0.9,true,mean_interval_width_bpm,"origin-within-session, session-within-user, equal-user mean",3,20260722;20260723;20260724,34.62350845336914,33.98005294799805,35.00212097167969,18,234,1523,False
0.22.0,held_sport,indoor_virtual_cycling,evaluation,interval,history_quantile_tcn,0.12.0,,held_sport,joint_user_sport__indoor_virtual_cycling,zero_history,180,0.9,true,picp,"origin-within-session, session-within-user, equal-user mean",3,20260722;20260723;20260724,0.853196382522583,0.8303503394126892,0.8539737462997437,18,234,1523,False
0.22.0,held_sport,indoor_virtual_cycling,evaluation,interval,history_quantile_tcn,0.12.0,,held_sport,joint_user_sport__indoor_virtual_cycling,zero_history,300,0.5,false,absolute_coverage_error,"origin-within-session, session-within-user, equal-user mean",3,20260722;20260723;20260724,0.1219597458839416,0.1079498827457428,0.1424570679664611,18,234,1523,False
0.22.0,held_sport,indoor_virtual_cycling,evaluation,interval,history_quantile_tcn,0.12.0,,held_sport,joint_user_sport__indoor_virtual_cycling,zero_history,300,0.5,false,conformal_adjustment_bpm,"origin-within-session, session-within-user, equal-user mean",3,20260722;20260723;20260724,0.0,0.0,0.0,18,234,1523,False
0.22.0,held_sport,indoor_virtual_cycling,evaluation,interval,history_quantile_tcn,0.12.0,,held_sport,joint_user_sport__indoor_virtual_cycling,zero_history,300,0.5,false,mean_interval_width_bpm,"origin-within-session, session-within-user, equal-user mean",3,20260722;20260723;20260724,13.656577110290527,13.348018646240234,13.834415435791016,18,234,1523,False
0.22.0,held_sport,indoor_virtual_cycling,evaluation,interval,history_quantile_tcn,0.12.0,,held_sport,joint_user_sport__indoor_virtual_cycling,zero_history,300,0.5,false,picp,"origin-within-session, session-within-user, equal-user mean",3,20260722;20260723;20260724,0.3780402541160583,0.3575429320335388,0.3920501172542572,18,234,1523,False
0.22.0,held_sport,indoor_virtual_cycling,evaluation,interval,history_quantile_tcn,0.12.0,,held_sport,joint_user_sport__indoor_virtual_cycling,zero_history,300,0.5,true,absolute_coverage_error,"origin-within-session, session-within-user, equal-user mean",3,20260722;20260723;20260724,0.1219597458839416,0.1079498827457428,0.1424570679664611,18,234,1523,False
0.22.0,held_sport,indoor_virtual_cycling,evaluation,interval,history_quantile_tcn,0.12.0,,held_sport,joint_user_sport__indoor_virtual_cycling,zero_history,300,0.5,true,conformal_adjustment_bpm,"origin-within-session, session-within-user, equal-user mean",3,20260722;20260723;20260724,0.0,0.0,0.0,18,234,1523,False
0.22.0,held_sport,indoor_virtual_cycling,evaluation,interval,history_quantile_tcn,0.12.0,,held_sport,joint_user_sport__indoor_virtual_cycling,zero_history,300,0.5,true,mean_interval_width_bpm,"origin-within-session, session-within-user, equal-user mean",3,20260722;20260723;20260724,13.656577110290527,13.348018646240234,13.834415435791016,18,234,1523,False
0.22.0,held_sport,indoor_virtual_cycling,evaluation,interval,history_quantile_tcn,0.12.0,,held_sport,joint_user_sport__indoor_virtual_cycling,zero_history,300,0.5,true,picp,"origin-within-session, session-within-user, equal-user mean",3,20260722;20260723;20260724,0.3780402541160583,0.3575429320335388,0.3920501172542572,18,234,1523,False
0.22.0,held_sport,indoor_virtual_cycling,evaluation,interval,history_quantile_tcn,0.12.0,,held_sport,joint_user_sport__indoor_virtual_cycling,zero_history,300,0.8,false,absolute_coverage_error,"origin-within-session, session-within-user, equal-user mean",3,20260722;20260723;20260724,0.104538369178772,0.0885029315948486,0.1311232924461365,18,234,1523,False
0.22.0,held_sport,indoor_virtual_cycling,evaluation,interval,history_quantile_tcn,0.12.0,,held_sport,joint_user_sport__indoor_virtual_cycling,zero_history,300,0.8,false,conformal_adjustment_bpm,"origin-within-session, session-within-user, equal-user mean",3,20260722;20260723;20260724,0.0,0.0,0.0,18,234,1523,False
0.22.0,held_sport,indoor_virtual_cycling,evaluation,interval,history_quantile_tcn,0.12.0,,held_sport,joint_user_sport__indoor_virtual_cycling,zero_history,300,0.8,false,mean_interval_width_bpm,"origin-within-session, session-within-user, equal-user mean",3,20260722;20260723;20260724,27.70574378967285,26.9924259185791,28.21967124938965,18,234,1523,False
0.22.0,held_sport,indoor_virtual_cycling,evaluation,interval,history_quantile_tcn,0.12.0,,held_sport,joint_user_sport__indoor_virtual_cycling,zero_history,300,0.8,false,picp,"origin-within-session, session-within-user, equal-user mean",3,20260722;20260723;20260724,0.695461630821228,0.6688767075538635,0.7114970684051514,18,234,1523,False
0.22.0,held_sport,indoor_virtual_cycling,evaluation,interval,history_quantile_tcn,0.12.0,,held_sport,joint_user_sport__indoor_virtual_cycling,zero_history,300,0.8,true,absolute_coverage_error,"origin-within-session, session-within-user, equal-user mean",3,20260722;20260723;20260724,0.104538369178772,0.0885029315948486,0.1311232924461365,18,234,1523,False
0.22.0,held_sport,indoor_virtual_cycling,evaluation,interval,history_quantile_tcn,0.12.0,,held_sport,joint_user_sport__indoor_virtual_cycling,zero_history,300,0.8,true,conformal_adjustment_bpm,"origin-within-session, session-within-user, equal-user mean",3,20260722;20260723;20260724,0.0,0.0,0.0,18,234,1523,False
0.22.0,held_sport,indoor_virtual_cycling,evaluation,interval,history_quantile_tcn,0.12.0,,held_sport,joint_user_sport__indoor_virtual_cycling,zero_history,300,0.8,true,mean_interval_width_bpm,"origin-within-session, session-within-user, equal-user mean",3,20260722;20260723;20260724,27.70574378967285,26.9924259185791,28.21967124938965,18,234,1523,False
0.22.0,held_sport,indoor_virtual_cycling,evaluation,interval,history_quantile_tcn,0.12.0,,held_sport,joint_user_sport__indoor_virtual_cycling,zero_history,300,0.8,true,picp,"origin-within-session, session-within-user, equal-user mean",3,20260722;20260723;20260724,0.695461630821228,0.6688767075538635,0.7114970684051514,18,234,1523,False
0.22.0,held_sport,indoor_virtual_cycling,evaluation,interval,history_quantile_tcn,0.12.0,,held_sport,joint_user_sport__indoor_virtual_cycling,zero_history,300,0.9,false,absolute_coverage_error,"origin-within-session, session-within-user, equal-user mean",3,20260722;20260723;20260724,0.0857460141181946,0.0801016926765442,0.0884796023368835,18,234,1523,False
0.22.0,held_sport,indoor_virtual_cycling,evaluation,interval,history_quantile_tcn,0.12.0,,held_sport,joint_user_sport__indoor_virtual_cycling,zero_history,300,0.9,false,conformal_adjustment_bpm,"origin-within-session, session-within-user, equal-user mean",3,20260722;20260723;20260724,0.0,0.0,0.0,18,234,1523,False
0.22.0,held_sport,indoor_virtual_cycling,evaluation,interval,history_quantile_tcn,0.12.0,,held_sport,joint_user_sport__indoor_virtual_cycling,zero_history,300,0.9,false,mean_interval_width_bpm,"origin-within-session, session-within-user, equal-user mean",3,20260722;20260723;20260724,38.10977935791016,37.01620864868164,38.81722259521485,18,234,1523,False
0.22.0,held_sport,indoor_virtual_cycling,evaluation,interval,history_quantile_tcn,0.12.0,,held_sport,joint_user_sport__indoor_virtual_cycling,zero_history,300,0.9,false,picp,"origin-within-session, session-within-user, equal-user mean",3,20260722;20260723;20260724,0.8142539858818054,0.8115203976631165,0.8198983073234558,18,234,1523,False
0.22.0,held_sport,indoor_virtual_cycling,evaluation,interval,history_quantile_tcn,0.12.0,,held_sport,joint_user_sport__indoor_virtual_cycling,zero_history,300,0.9,true,absolute_coverage_error,"origin-within-session, session-within-user, equal-user mean",3,20260722;20260723;20260724,0.0857460141181946,0.0801016926765442,0.0884796023368835,18,234,1523,False
0.22.0,held_sport,indoor_virtual_cycling,evaluation,interval,history_quantile_tcn,0.12.0,,held_sport,joint_user_sport__indoor_virtual_cycling,zero_history,300,0.9,true,conformal_adjustment_bpm,"origin-within-session, session-within-user, equal-user mean",3,20260722;20260723;20260724,0.0,0.0,0.0,18,234,1523,False
0.22.0,held_sport,indoor_virtual_cycling,evaluation,interval,history_quantile_tcn,0.12.0,,held_sport,joint_user_sport__indoor_virtual_cycling,zero_history,300,0.9,true,mean_interval_width_bpm,"origin-within-session, session-within-user, equal-user mean",3,20260722;20260723;20260724,38.10977935791016,37.01620864868164,38.81722259521485,18,234,1523,False
0.22.0,held_sport,indoor_virtual_cycling,evaluation,interval,history_quantile_tcn,0.12.0,,held_sport,joint_user_sport__indoor_virtual_cycling,zero_history,300,0.9,true,picp,"origin-within-session, session-within-user, equal-user mean",3,20260722;20260723;20260724,0.8142539858818054,0.8115203976631165,0.8198983073234558,18,234,1523,False
0.22.0,held_sport,indoor_virtual_cycling,evaluation,interval,history_quantile_tcn,0.12.0,,held_sport,unseen_sport__indoor_virtual_cycling,history_informed,60,0.5,false,absolute_coverage_error,"origin-within-session, session-within-user, equal-user mean",3,20260722;20260723;20260724,0.0105842351913452,0.0080421864986419,0.0143650770187377,118,1571,11591,False
0.22.0,held_sport,indoor_virtual_cycling,evaluation,interval,history_quantile_tcn,0.12.0,,held_sport,unseen_sport__indoor_virtual_cycling,history_informed,60,0.5,false,conformal_adjustment_bpm,"origin-within-session, session-within-user, equal-user mean",3,20260722;20260723;20260724,0.0,0.0,0.0,118,1571,11591,False
0.22.0,held_sport,indoor_virtual_cycling,evaluation,interval,history_quantile_tcn,0.12.0,,held_sport,unseen_sport__indoor_virtual_cycling,history_informed,60,0.5,false,mean_interval_width_bpm,"origin-within-session, session-within-user, equal-user mean",3,20260722;20260723;20260724,9.934961318969728,9.51994514465332,10.026494026184082,118,1571,11591,False
0.22.0,held_sport,indoor_virtual_cycling,evaluation,interval,history_quantile_tcn,0.12.0,,held_sport,unseen_sport__indoor_virtual_cycling,history_informed,60,0.5,false,picp,"origin-within-session, session-within-user, equal-user mean",3,20260722;20260723;20260724,0.5105842351913452,0.491957813501358,0.5143650770187378,118,1571,11591,False
0.22.0,held_sport,indoor_virtual_cycling,evaluation,interval,history_quantile_tcn,0.12.0,,held_sport,unseen_sport__indoor_virtual_cycling,history_informed,60,0.5,true,absolute_coverage_error,"origin-within-session, session-within-user, equal-user mean",3,20260722;20260723;20260724,0.0105842351913452,0.006757766008377,0.0143650770187377,118,1571,11591,False
0.22.0,held_sport,indoor_virtual_cycling,evaluation,interval,history_quantile_tcn,0.12.0,,held_sport,unseen_sport__indoor_virtual_cycling,history_informed,60,0.5,true,conformal_adjustment_bpm,"origin-within-session, session-within-user, equal-user mean",3,20260722;20260723;20260724,0.0,0.0,0.0146484375,118,1571,11591,False
0.22.0,held_sport,indoor_virtual_cycling,evaluation,interval,history_quantile_tcn,0.12.0,,held_sport,unseen_sport__indoor_virtual_cycling,history_informed,60,0.5,true,mean_interval_width_bpm,"origin-within-session, session-within-user, equal-user mean",3,20260722;20260723;20260724,9.934961318969728,9.54924201965332,10.026494026184082,118,1571,11591,False
0.22.0,held_sport,indoor_virtual_cycling,evaluation,interval,history_quantile_tcn,0.12.0,,held_sport,unseen_sport__indoor_virtual_cycling,history_informed,60,0.5,true,picp,"origin-within-session, session-within-user, equal-user mean",3,20260722;20260723;20260724,0.5105842351913452,0.4932422339916229,0.5143650770187378,118,1571,11591,False
0.22.0,held_sport,indoor_virtual_cycling,evaluation,interval,history_quantile_tcn,0.12.0,,held_sport,unseen_sport__indoor_virtual_cycling,history_informed,60,0.8,false,absolute_coverage_error,"origin-within-session, session-within-user, equal-user mean",3,20260722;20260723;20260724,0.0180906176567077,0.0028926253318786,0.0317845463752746,118,1571,11591,False
0.22.0,held_sport,indoor_virtual_cycling,evaluation,interval,history_quantile_tcn,0.12.0,,held_sport,unseen_sport__indoor_virtual_cycling,history_informed,60,0.8,false,conformal_adjustment_bpm,"origin-within-session, session-within-user, equal-user mean",3,20260722;20260723;20260724,0.0,0.0,0.0,118,1571,11591,False
0.22.0,held_sport,indoor_virtual_cycling,evaluation,interval,history_quantile_tcn,0.12.0,,held_sport,unseen_sport__indoor_virtual_cycling,history_informed,60,0.8,false,mean_interval_width_bpm,"origin-within-session, session-within-user, equal-user mean",3,20260722;20260723;20260724,20.11660385131836,19.44218635559082,20.517702102661133,118,1571,11591,False
0.22.0,held_sport,indoor_virtual_cycling,evaluation,interval,history_quantile_tcn,0.12.0,,held_sport,unseen_sport__indoor_virtual_cycling,history_informed,60,0.8,false,picp,"origin-within-session, session-within-user, equal-user mean",3,20260722;20260723;20260724,0.8180906176567078,0.8028926253318787,0.8317845463752747,118,1571,11591,False
0.22.0,held_sport,indoor_virtual_cycling,evaluation,interval,history_quantile_tcn,0.12.0,,held_sport,unseen_sport__indoor_virtual_cycling,history_informed,60,0.8,true,absolute_coverage_error,"origin-within-session, session-within-user, equal-user mean",3,20260722;20260723;20260724,0.0180906176567077,0.0057895302772521,0.0317845463752746,118,1571,11591,False
0.22.0,held_sport,indoor_virtual_cycling,evaluation,interval,history_quantile_tcn,0.12.0,,held_sport,unseen_sport__indoor_virtual_cycling,history_informed,60,0.8,true,conformal_adjustment_bpm,"origin-within-session, session-within-user, equal-user mean",3,20260722;20260723;20260724,0.0,0.0,0.029296875,118,1571,11591,False
0.22.0,held_sport,indoor_virtual_cycling,evaluation,interval,history_quantile_tcn,0.12.0,,held_sport,unseen_sport__indoor_virtual_cycling,history_informed,60,0.8,true,mean_interval_width_bpm,"origin-within-session, session-within-user, equal-user mean",3,20260722;20260723;20260724,20.11660385131836,19.50078010559082,20.517702102661133,118,1571,11591,False
0.22.0,held_sport,indoor_virtual_cycling,evaluation,interval,history_quantile_tcn,0.12.0,,held_sport,unseen_sport__indoor_virtual_cycling,history_informed,60,0.8,true,picp,"origin-within-session, session-within-user, equal-user mean",3,20260722;20260723;20260724,0.8180906176567078,0.8057895302772522,0.8317845463752747,118,1571,11591,False
0.22.0,held_sport,indoor_virtual_cycling,evaluation,interval,history_quantile_tcn,0.12.0,,held_sport,unseen_sport__indoor_virtual_cycling,history_informed,60,0.9,false,absolute_coverage_error,"origin-within-session, session-within-user, equal-user mean",3,20260722;20260723;20260724,0.0203420877456664,0.0025906920433044,0.02123544216156,118,1571,11591,False
0.22.0,held_sport,indoor_virtual_cycling,evaluation,interval,history_quantile_tcn,0.12.0,,held_sport,unseen_sport__indoor_virtual_cycling,history_informed,60,0.9,false,conformal_adjustment_bpm,"origin-within-session, session-within-user, equal-user mean",3,20260722;20260723;20260724,0.0,0.0,0.0,118,1571,11591,False
0.22.0,held_sport,indoor_virtual_cycling,evaluation,interval,history_quantile_tcn,0.12.0,,held_sport,unseen_sport__indoor_virtual_cycling,history_informed,60,0.9,false,mean_interval_width_bpm,"origin-within-session, session-within-user, equal-user mean",3,20260722;20260723;20260724,27.53355407714844,26.696441650390625,28.143165588378903,118,1571,11591,False
0.22.0,held_sport,indoor_virtual_cycling,evaluation,interval,history_quantile_tcn,0.12.0,,held_sport,unseen_sport__indoor_virtual_cycling,history_informed,60,0.9,false,picp,"origin-within-session, session-within-user, equal-user mean",3,20260722;20260723;20260724,0.9203420877456664,0.9025906920433044,0.92123544216156,118,1571,11591,False
0.22.0,held_sport,indoor_virtual_cycling,evaluation,interval,history_quantile_tcn,0.12.0,,held_sport,unseen_sport__indoor_virtual_cycling,history_informed,60,0.9,true,absolute_coverage_error,"origin-within-session, session-within-user, equal-user mean",3,20260722;20260723;20260724,0.0203420877456664,0.0045458436012267,0.02123544216156,118,1571,11591,False
0.22.0,held_sport,indoor_virtual_cycling,evaluation,interval,history_quantile_tcn,0.12.0,,held_sport,unseen_sport__indoor_virtual_cycling,history_informed,60,0.9,true,conformal_adjustment_bpm,"origin-within-session, session-within-user, equal-user mean",3,20260722;20260723;20260724,0.0,0.0,0.0539093017578125,118,1571,11591,False
0.22.0,held_sport,indoor_virtual_cycling,evaluation,interval,history_quantile_tcn,0.12.0,,held_sport,unseen_sport__indoor_virtual_cycling,history_informed,60,0.9,true,mean_interval_width_bpm,"origin-within-session, session-within-user, equal-user mean",3,20260722;20260723;20260724,27.53355407714844,26.80426406860352,28.143165588378903,118,1571,11591,False
0.22.0,held_sport,indoor_virtual_cycling,evaluation,interval,history_quantile_tcn,0.12.0,,held_sport,unseen_sport__indoor_virtual_cycling,history_informed,60,0.9,true,picp,"origin-within-session, session-within-user, equal-user mean",3,20260722;20260723;20260724,0.9203420877456664,0.9045458436012268,0.92123544216156,118,1571,11591,False
0.22.0,held_sport,indoor_virtual_cycling,evaluation,interval,history_quantile_tcn,0.12.0,,held_sport,unseen_sport__indoor_virtual_cycling,history_informed,180,0.5,false,absolute_coverage_error,"origin-within-session, session-within-user, equal-user mean",3,20260722;20260723;20260724,0.0091953873634338,0.0052999258041381,0.0127570927143096,118,1571,11591,False
0.22.0,held_sport,indoor_virtual_cycling,evaluation,interval,history_quantile_tcn,0.12.0,,held_sport,unseen_sport__indoor_virtual_cycling,history_informed,180,0.5,false,conformal_adjustment_bpm,"origin-within-session, session-within-user, equal-user mean",3,20260722;20260723;20260724,0.0,0.0,0.0,118,1571,11591,False
0.22.0,held_sport,indoor_virtual_cycling,evaluation,interval,history_quantile_tcn,0.12.0,,held_sport,unseen_sport__indoor_virtual_cycling,history_informed,180,0.5,false,mean_interval_width_bpm,"origin-within-session, session-within-user, equal-user mean",3,20260722;20260723;20260724,12.818193435668944,12.786433219909668,13.458324432373049,118,1571,11591,False
0.22.0,held_sport,indoor_virtual_cycling,evaluation,interval,history_quantile_tcn,0.12.0,,held_sport,unseen_sport__indoor_virtual_cycling,history_informed,180,0.5,false,picp,"origin-within-session, session-within-user, equal-user mean",3,20260722;20260723;20260724,0.5052999258041382,0.4872429072856903,0.5091953873634338,118,1571,11591,False
0.22.0,held_sport,indoor_virtual_cycling,evaluation,interval,history_quantile_tcn,0.12.0,,held_sport,unseen_sport__indoor_virtual_cycling,history_informed,180,0.5,true,absolute_coverage_error,"origin-within-session, session-within-user, equal-user mean",3,20260722;20260723;20260724,0.0091953873634338,0.0052999258041381,0.0127570927143096,118,1571,11591,False
0.22.0,held_sport,indoor_virtual_cycling,evaluation,interval,history_quantile_tcn,0.12.0,,held_sport,unseen_sport__indoor_virtual_cycling,history_informed,180,0.5,true,conformal_adjustment_bpm,"origin-within-session, session-within-user, equal-user mean",3,20260722;20260723;20260724,0.0,0.0,0.0,118,1571,11591,False
0.22.0,held_sport,indoor_virtual_cycling,evaluation,interval,history_quantile_tcn,0.12.0,,held_sport,unseen_sport__indoor_virtual_cycling,history_informed,180,0.5,true,mean_interval_width_bpm,"origin-within-session, session-within-user, equal-user mean",3,20260722;20260723;20260724,12.818193435668944,12.786433219909668,13.458324432373049,118,1571,11591,False
0.22.0,held_sport,indoor_virtual_cycling,evaluation,interval,history_quantile_tcn,0.12.0,,held_sport,unseen_sport__indoor_virtual_cycling,history_informed,180,0.5,true,picp,"origin-within-session, session-within-user, equal-user mean",3,20260722;20260723;20260724,0.5052999258041382,0.4872429072856903,0.5091953873634338,118,1571,11591,False
0.22.0,held_sport,indoor_virtual_cycling,evaluation,interval,history_quantile_tcn,0.12.0,,held_sport,unseen_sport__indoor_virtual_cycling,history_informed,180,0.8,false,absolute_coverage_error,"origin-within-session, session-within-user, equal-user mean",3,20260722;20260723;20260724,0.0150262236595153,0.0032281160354614,0.0199898004531859,118,1571,11591,False
0.22.0,held_sport,indoor_virtual_cycling,evaluation,interval,history_quantile_tcn,0.12.0,,held_sport,unseen_sport__indoor_virtual_cycling,history_informed,180,0.8,false,conformal_adjustment_bpm,"origin-within-session, session-within-user, equal-user mean",3,20260722;20260723;20260724,0.0,0.0,0.0,118,1571,11591,False
0.22.0,held_sport,indoor_virtual_cycling,evaluation,interval,history_quantile_tcn,0.12.0,,held_sport,unseen_sport__indoor_virtual_cycling,history_informed,180,0.8,false,mean_interval_width_bpm,"origin-within-session, session-within-user, equal-user mean",3,20260722;20260723;20260724,26.53149032592773,25.713947296142575,26.886409759521484,118,1571,11591,False
0.22.0,held_sport,indoor_virtual_cycling,evaluation,interval,history_quantile_tcn,0.12.0,,held_sport,unseen_sport__indoor_virtual_cycling,history_informed,180,0.8,false,picp,"origin-within-session, session-within-user, equal-user mean",3,20260722;20260723;20260724,0.8150262236595154,0.7967718839645386,0.819989800453186,118,1571,11591,False
0.22.0,held_sport,indoor_virtual_cycling,evaluation,interval,history_quantile_tcn,0.12.0,,held_sport,unseen_sport__indoor_virtual_cycling,history_informed,180,0.8,true,absolute_coverage_error,"origin-within-session, session-within-user, equal-user mean",3,20260722;20260723;20260724,0.0150262236595153,0.0032281160354614,0.0202126026153564,118,1571,11591,False
0.22.0,held_sport,indoor_virtual_cycling,evaluation,interval,history_quantile_tcn,0.12.0,,held_sport,unseen_sport__indoor_virtual_cycling,history_informed,180,0.8,true,conformal_adjustment_bpm,"origin-within-session, session-within-user, equal-user mean",3,20260722;20260723;20260724,0.0,0.0,0.02734375,118,1571,11591,False
0.22.0,held_sport,indoor_virtual_cycling,evaluation,interval,history_quantile_tcn,0.12.0,,held_sport,unseen_sport__indoor_virtual_cycling,history_informed,180,0.8,true,mean_interval_width_bpm,"origin-within-session, session-within-user, equal-user mean",3,20260722;20260723;20260724,26.53149032592773,25.713947296142575,26.941097259521484,118,1571,11591,False
0.22.0,held_sport,indoor_virtual_cycling,evaluation,interval,history_quantile_tcn,0.12.0,,held_sport,unseen_sport__indoor_virtual_cycling,history_informed,180,0.8,true,picp,"origin-within-session, session-within-user, equal-user mean",3,20260722;20260723;20260724,0.8150262236595154,0.7967718839645386,0.8202126026153564,118,1571,11591,False
0.22.0,held_sport,indoor_virtual_cycling,evaluation,interval,history_quantile_tcn,0.12.0,,held_sport,unseen_sport__indoor_virtual_cycling,history_informed,180,0.9,false,absolute_coverage_error,"origin-within-session, session-within-user, equal-user mean",3,20260722;20260723;20260724,0.0101980328559875,0.0021378755569457,0.0107658863067626,118,1571,11591,False
0.22.0,held_sport,indoor_virtual_cycling,evaluation,interval,history_quantile_tcn,0.12.0,,held_sport,unseen_sport__indoor_virtual_cycling,history_informed,180,0.9,false,conformal_adjustment_bpm,"origin-within-session, session-within-user, equal-user mean",3,20260722;20260723;20260724,0.0,0.0,0.0,118,1571,11591,False
0.22.0,held_sport,indoor_virtual_cycling,evaluation,interval,history_quantile_tcn,0.12.0,,held_sport,unseen_sport__indoor_virtual_cycling,history_informed,180,0.9,false,mean_interval_width_bpm,"origin-within-session, session-within-user, equal-user mean",3,20260722;20260723;20260724,36.964054107666016,35.47052764892578,37.2252311706543,118,1571,11591,False
0.22.0,held_sport,indoor_virtual_cycling,evaluation,interval,history_quantile_tcn,0.12.0,,held_sport,unseen_sport__indoor_virtual_cycling,history_informed,180,0.9,false,picp,"origin-within-session, session-within-user, equal-user mean",3,20260722;20260723;20260724,0.9101980328559875,0.9021378755569458,0.9107658863067628,118,1571,11591,False
0.22.0,held_sport,indoor_virtual_cycling,evaluation,interval,history_quantile_tcn,0.12.0,,held_sport,unseen_sport__indoor_virtual_cycling,history_informed,180,0.9,true,absolute_coverage_error,"origin-within-session, session-within-user, equal-user mean",3,20260722;20260723;20260724,0.0107049703598022,0.0021378755569457,0.0107658863067626,118,1571,11591,False
0.22.0,held_sport,indoor_virtual_cycling,evaluation,interval,history_quantile_tcn,0.12.0,,held_sport,unseen_sport__indoor_virtual_cycling,history_informed,180,0.9,true,conformal_adjustment_bpm,"origin-within-session, session-within-user, equal-user mean",3,20260722;20260723;20260724,0.0,0.0,0.099822998046875,118,1571,11591,False
0.22.0,held_sport,indoor_virtual_cycling,evaluation,interval,history_quantile_tcn,0.12.0,,held_sport,unseen_sport__indoor_virtual_cycling,history_informed,180,0.9,true,mean_interval_width_bpm,"origin-within-session, session-within-user, equal-user mean",3,20260722;20260723;20260724,37.16370391845703,35.47052764892578,37.2252311706543,118,1571,11591,False
0.22.0,held_sport,indoor_virtual_cycling,evaluation,interval,history_quantile_tcn,0.12.0,,held_sport,unseen_sport__indoor_virtual_cycling,history_informed,180,0.9,true,picp,"origin-within-session, session-within-user, equal-user mean",3,20260722;20260723;20260724,0.9107049703598022,0.9021378755569458,0.9107658863067628,118,1571,11591,False
0.22.0,held_sport,indoor_virtual_cycling,evaluation,interval,history_quantile_tcn,0.12.0,,held_sport,unseen_sport__indoor_virtual_cycling,history_informed,300,0.5,false,absolute_coverage_error,"origin-within-session, session-within-user, equal-user mean",3,20260722;20260723;20260724,0.0263558030128479,0.0235344767570495,0.040442407131195,118,1571,11591,False
0.22.0,held_sport,indoor_virtual_cycling,evaluation,interval,history_quantile_tcn,0.12.0,,held_sport,unseen_sport__indoor_virtual_cycling,history_informed,300,0.5,false,conformal_adjustment_bpm,"origin-within-session, session-within-user, equal-user mean",3,20260722;20260723;20260724,0.0,0.0,0.0,118,1571,11591,False
0.22.0,held_sport,indoor_virtual_cycling,evaluation,interval,history_quantile_tcn,0.12.0,,held_sport,unseen_sport__indoor_virtual_cycling,history_informed,300,0.5,false,mean_interval_width_bpm,"origin-within-session, session-within-user, equal-user mean",3,20260722;20260723;20260724,14.218729972839355,14.01735019683838,14.735304832458496,118,1571,11591,False
0.22.0,held_sport,indoor_virtual_cycling,evaluation,interval,history_quantile_tcn,0.12.0,,held_sport,unseen_sport__indoor_virtual_cycling,history_informed,300,0.5,false,picp,"origin-within-session, session-within-user, equal-user mean",3,20260722;20260723;20260724,0.5263558030128479,0.5235344767570496,0.5404424071311951,118,1571,11591,False
0.22.0,held_sport,indoor_virtual_cycling,evaluation,interval,history_quantile_tcn,0.12.0,,held_sport,unseen_sport__indoor_virtual_cycling,history_informed,300,0.5,true,absolute_coverage_error,"origin-within-session, session-within-user, equal-user mean",3,20260722;20260723;20260724,0.0263558030128479,0.0235344767570495,0.040442407131195,118,1571,11591,False
0.22.0,held_sport,indoor_virtual_cycling,evaluation,interval,history_quantile_tcn,0.12.0,,held_sport,unseen_sport__indoor_virtual_cycling,history_informed,300,0.5,true,conformal_adjustment_bpm,"origin-within-session, session-within-user, equal-user mean",3,20260722;20260723;20260724,0.0,0.0,0.0,118,1571,11591,False
0.22.0,held_sport,indoor_virtual_cycling,evaluation,interval,history_quantile_tcn,0.12.0,,held_sport,unseen_sport__indoor_virtual_cycling,history_informed,300,0.5,true,mean_interval_width_bpm,"origin-within-session, session-within-user, equal-user mean",3,20260722;20260723;20260724,14.218729972839355,14.01735019683838,14.735304832458496,118,1571,11591,False
0.22.0,held_sport,indoor_virtual_cycling,evaluation,interval,history_quantile_tcn,0.12.0,,held_sport,unseen_sport__indoor_virtual_cycling,history_informed,300,0.5,true,picp,"origin-within-session, session-within-user, equal-user mean",3,20260722;20260723;20260724,0.5263558030128479,0.5235344767570496,0.5404424071311951,118,1571,11591,False
0.22.0,held_sport,indoor_virtual_cycling,evaluation,interval,history_quantile_tcn,0.12.0,,held_sport,unseen_sport__indoor_virtual_cycling,history_informed,300,0.8,false,absolute_coverage_error,"origin-within-session, session-within-user, equal-user mean",3,20260722;20260723;20260724,0.0206114172935485,0.0088862299919127,0.0216333985328673,118,1571,11591,False
0.22.0,held_sport,indoor_virtual_cycling,evaluation,interval,history_quantile_tcn,0.12.0,,held_sport,unseen_sport__indoor_virtual_cycling,history_informed,300,0.8,false,conformal_adjustment_bpm,"origin-within-session, session-within-user, equal-user mean",3,20260722;20260723;20260724,0.0,0.0,0.0,118,1571,11591,False
0.22.0,held_sport,indoor_virtual_cycling,evaluation,interval,history_quantile_tcn,0.12.0,,held_sport,unseen_sport__indoor_virtual_cycling,history_informed,300,0.8,false,mean_interval_width_bpm,"origin-within-session, session-within-user, equal-user mean",3,20260722;20260723;20260724,29.94254875183105,28.442827224731445,30.08072853088379,118,1571,11591,False
0.22.0,held_sport,indoor_virtual_cycling,evaluation,interval,history_quantile_tcn,0.12.0,,held_sport,unseen_sport__indoor_virtual_cycling,history_informed,300,0.8,false,picp,"origin-within-session, session-within-user, equal-user mean",3,20260722;20260723;20260724,0.8206114172935486,0.8088862299919128,0.8216333985328674,118,1571,11591,False
0.22.0,held_sport,indoor_virtual_cycling,evaluation,interval,history_quantile_tcn,0.12.0,,held_sport,unseen_sport__indoor_virtual_cycling,history_informed,300,0.8,true,absolute_coverage_error,"origin-within-session, session-within-user, equal-user mean",3,20260722;20260723;20260724,0.0206114172935485,0.0088862299919127,0.0216333985328673,118,1571,11591,False
0.22.0,held_sport,indoor_virtual_cycling,evaluation,interval,history_quantile_tcn,0.12.0,,held_sport,unseen_sport__indoor_virtual_cycling,history_informed,300,0.8,true,conformal_adjustment_bpm,"origin-within-session, session-within-user, equal-user mean",3,20260722;20260723;20260724,0.0,0.0,0.0,118,1571,11591,False
0.22.0,held_sport,indoor_virtual_cycling,evaluation,interval,history_quantile_tcn,0.12.0,,held_sport,unseen_sport__indoor_virtual_cycling,history_informed,300,0.8,true,mean_interval_width_bpm,"origin-within-session, session-within-user, equal-user mean",3,20260722;20260723;20260724,29.94254875183105,28.442827224731445,30.08072853088379,118,1571,11591,False
0.22.0,held_sport,indoor_virtual_cycling,evaluation,interval,history_quantile_tcn,0.12.0,,held_sport,unseen_sport__indoor_virtual_cycling,history_informed,300,0.8,true,picp,"origin-within-session, session-within-user, equal-user mean",3,20260722;20260723;20260724,0.8206114172935486,0.8088862299919128,0.8216333985328674,118,1571,11591,False
0.22.0,held_sport,indoor_virtual_cycling,evaluation,interval,history_quantile_tcn,0.12.0,,held_sport,unseen_sport__indoor_virtual_cycling,history_informed,300,0.9,false,absolute_coverage_error,"origin-within-session, session-within-user, equal-user mean",3,20260722;20260723;20260724,0.022132134437561,0.0104546904563903,0.0243602156639098,118,1571,11591,False
0.22.0,held_sport,indoor_virtual_cycling,evaluation,interval,history_quantile_tcn,0.12.0,,held_sport,unseen_sport__indoor_virtual_cycling,history_informed,300,0.9,false,conformal_adjustment_bpm,"origin-within-session, session-within-user, equal-user mean",3,20260722;20260723;20260724,0.0,0.0,0.0,118,1571,11591,False
0.22.0,held_sport,indoor_virtual_cycling,evaluation,interval,history_quantile_tcn,0.12.0,,held_sport,unseen_sport__indoor_virtual_cycling,history_informed,300,0.9,false,mean_interval_width_bpm,"origin-within-session, session-within-user, equal-user mean",3,20260722;20260723;20260724,40.94400405883789,38.91570663452149,41.71060562133789,118,1571,11591,False
0.22.0,held_sport,indoor_virtual_cycling,evaluation,interval,history_quantile_tcn,0.12.0,,held_sport,unseen_sport__indoor_virtual_cycling,history_informed,300,0.9,false,picp,"origin-within-session, session-within-user, equal-user mean",3,20260722;20260723;20260724,0.922132134437561,0.9104546904563904,0.92436021566391,118,1571,11591,False
0.22.0,held_sport,indoor_virtual_cycling,evaluation,interval,history_quantile_tcn,0.12.0,,held_sport,unseen_sport__indoor_virtual_cycling,history_informed,300,0.9,true,absolute_coverage_error,"origin-within-session, session-within-user, equal-user mean",3,20260722;20260723;20260724,0.0221963286399841,0.011965787410736,0.0243602156639098,118,1571,11591,False
0.22.0,held_sport,indoor_virtual_cycling,evaluation,interval,history_quantile_tcn,0.12.0,,held_sport,unseen_sport__indoor_virtual_cycling,history_informed,300,0.9,true,conformal_adjustment_bpm,"origin-within-session, session-within-user, equal-user mean",3,20260722;20260723;20260724,0.0221405029296875,0.0,0.02734375,118,1571,11591,False
0.22.0,held_sport,indoor_virtual_cycling,evaluation,interval,history_quantile_tcn,0.12.0,,held_sport,unseen_sport__indoor_virtual_cycling,history_informed,300,0.9,true,mean_interval_width_bpm,"origin-within-session, session-within-user, equal-user mean",3,20260722;20260723;20260724,40.98828506469727,38.97039413452149,41.71060562133789,118,1571,11591,False
0.22.0,held_sport,indoor_virtual_cycling,evaluation,interval,history_quantile_tcn,0.12.0,,held_sport,unseen_sport__indoor_virtual_cycling,history_informed,300,0.9,true,picp,"origin-within-session, session-within-user, equal-user mean",3,20260722;20260723;20260724,0.922196328639984,0.911965787410736,0.92436021566391,118,1571,11591,False
0.22.0,held_sport,indoor_virtual_cycling,evaluation,interval,history_quantile_tcn,0.12.0,,held_sport,unseen_sport__indoor_virtual_cycling,zero_history,60,0.5,false,absolute_coverage_error,"origin-within-session, session-within-user, equal-user mean",3,20260722;20260723;20260724,0.0122092068195343,0.0005368292331695,0.0422403514385223,118,1571,11591,False
0.22.0,held_sport,indoor_virtual_cycling,evaluation,interval,history_quantile_tcn,0.12.0,,held_sport,unseen_sport__indoor_virtual_cycling,zero_history,60,0.5,false,conformal_adjustment_bpm,"origin-within-session, session-within-user, equal-user mean",3,20260722;20260723;20260724,0.0,0.0,0.0,118,1571,11591,False
0.22.0,held_sport,indoor_virtual_cycling,evaluation,interval,history_quantile_tcn,0.12.0,,held_sport,unseen_sport__indoor_virtual_cycling,zero_history,60,0.5,false,mean_interval_width_bpm,"origin-within-session, session-within-user, equal-user mean",3,20260722;20260723;20260724,9.589634895324709,8.950634002685547,9.628283500671388,118,1571,11591,False
0.22.0,held_sport,indoor_virtual_cycling,evaluation,interval,history_quantile_tcn,0.12.0,,held_sport,unseen_sport__indoor_virtual_cycling,zero_history,60,0.5,false,picp,"origin-within-session, session-within-user, equal-user mean",3,20260722;20260723;20260724,0.4877907931804657,0.4577596485614776,0.4994631707668304,118,1571,11591,False
0.22.0,held_sport,indoor_virtual_cycling,evaluation,interval,history_quantile_tcn,0.12.0,,held_sport,unseen_sport__indoor_virtual_cycling,zero_history,60,0.5,true,absolute_coverage_error,"origin-within-session, session-within-user, equal-user mean",3,20260722;20260723;20260724,0.0122092068195343,0.0005368292331695,0.0422403514385223,118,1571,11591,False
0.22.0,held_sport,indoor_virtual_cycling,evaluation,interval,history_quantile_tcn,0.12.0,,held_sport,unseen_sport__indoor_virtual_cycling,zero_history,60,0.5,true,conformal_adjustment_bpm,"origin-within-session, session-within-user, equal-user mean",3,20260722;20260723;20260724,0.0,0.0,0.0,118,1571,11591,False
0.22.0,held_sport,indoor_virtual_cycling,evaluation,interval,history_quantile_tcn,0.12.0,,held_sport,unseen_sport__indoor_virtual_cycling,zero_history,60,0.5,true,mean_interval_width_bpm,"origin-within-session, session-within-user, equal-user mean",3,20260722;20260723;20260724,9.589634895324709,8.950634002685547,9.628283500671388,118,1571,11591,False
0.22.0,held_sport,indoor_virtual_cycling,evaluation,interval,history_quantile_tcn,0.12.0,,held_sport,unseen_sport__indoor_virtual_cycling,zero_history,60,0.5,true,picp,"origin-within-session, session-within-user, equal-user mean",3,20260722;20260723;20260724,0.4877907931804657,0.4577596485614776,0.4994631707668304,118,1571,11591,False
0.22.0,held_sport,indoor_virtual_cycling,evaluation,interval,history_quantile_tcn,0.12.0,,held_sport,unseen_sport__indoor_virtual_cycling,zero_history,60,0.8,false,absolute_coverage_error,"origin-within-session, session-within-user, equal-user mean",3,20260722;20260723;20260724,0.0024991154670714,0.0014422059059142,0.0184239625930786,118,1571,11591,False
0.22.0,held_sport,indoor_virtual_cycling,evaluation,interval,history_quantile_tcn,0.12.0,,held_sport,unseen_sport__indoor_virtual_cycling,zero_history,60,0.8,false,conformal_adjustment_bpm,"origin-within-session, session-within-user, equal-user mean",3,20260722;20260723;20260724,0.0,0.0,0.0,118,1571,11591,False
0.22.0,held_sport,indoor_virtual_cycling,evaluation,interval,history_quantile_tcn,0.12.0,,held_sport,unseen_sport__indoor_virtual_cycling,zero_history,60,0.8,false,mean_interval_width_bpm,"origin-within-session, session-within-user, equal-user mean",3,20260722;20260723;20260724,19.005104064941406,18.01606559753418,19.06517601013184,118,1571,11591,False
0.22.0,held_sport,indoor_virtual_cycling,evaluation,interval,history_quantile_tcn,0.12.0,,held_sport,unseen_sport__indoor_virtual_cycling,zero_history,60,0.8,false,picp,"origin-within-session, session-within-user, equal-user mean",3,20260722;20260723;20260724,0.8014422059059143,0.7815760374069214,0.8024991154670715,118,1571,11591,False
0.22.0,held_sport,indoor_virtual_cycling,evaluation,interval,history_quantile_tcn,0.12.0,,held_sport,unseen_sport__indoor_virtual_cycling,zero_history,60,0.8,true,absolute_coverage_error,"origin-within-session, session-within-user, equal-user mean",3,20260722;20260723;20260724,0.0024991154670714,0.0014422059059142,0.0184239625930786,118,1571,11591,False
0.22.0,held_sport,indoor_virtual_cycling,evaluation,interval,history_quantile_tcn,0.12.0,,held_sport,unseen_sport__indoor_virtual_cycling,zero_history,60,0.8,true,conformal_adjustment_bpm,"origin-within-session, session-within-user, equal-user mean",3,20260722;20260723;20260724,0.0,0.0,0.0,118,1571,11591,False
0.22.0,held_sport,indoor_virtual_cycling,evaluation,interval,history_quantile_tcn,0.12.0,,held_sport,unseen_sport__indoor_virtual_cycling,zero_history,60,0.8,true,mean_interval_width_bpm,"origin-within-session, session-within-user, equal-user mean",3,20260722;20260723;20260724,19.005104064941406,18.01606559753418,19.06517601013184,118,1571,11591,False
0.22.0,held_sport,indoor_virtual_cycling,evaluation,interval,history_quantile_tcn,0.12.0,,held_sport,unseen_sport__indoor_virtual_cycling,zero_history,60,0.8,true,picp,"origin-within-session, session-within-user, equal-user mean",3,20260722;20260723;20260724,0.8014422059059143,0.7815760374069214,0.8024991154670715,118,1571,11591,False
0.22.0,held_sport,indoor_virtual_cycling,evaluation,interval,history_quantile_tcn,0.12.0,,held_sport,unseen_sport__indoor_virtual_cycling,zero_history,60,0.9,false,absolute_coverage_error,"origin-within-session, session-within-user, equal-user mean",3,20260722;20260723;20260724,0.0115185141563415,0.0096615791320801,0.0134122729301452,118,1571,11591,False
0.22.0,held_sport,indoor_virtual_cycling,evaluation,interval,history_quantile_tcn,0.12.0,,held_sport,unseen_sport__indoor_virtual_cycling,zero_history,60,0.9,false,conformal_adjustment_bpm,"origin-within-session, session-within-user, equal-user mean",3,20260722;20260723;20260724,0.0,0.0,0.0,118,1571,11591,False
0.22.0,held_sport,indoor_virtual_cycling,evaluation,interval,history_quantile_tcn,0.12.0,,held_sport,unseen_sport__indoor_virtual_cycling,zero_history,60,0.9,false,mean_interval_width_bpm,"origin-within-session, session-within-user, equal-user mean",3,20260722;20260723;20260724,25.80364418029785,24.534019470214844,25.903051376342773,118,1571,11591,False
0.22.0,held_sport,indoor_virtual_cycling,evaluation,interval,history_quantile_tcn,0.12.0,,held_sport,unseen_sport__indoor_virtual_cycling,zero_history,60,0.9,false,picp,"origin-within-session, session-within-user, equal-user mean",3,20260722;20260723;20260724,0.9115185141563416,0.8903384208679199,0.9134122729301452,118,1571,11591,False
0.22.0,held_sport,indoor_virtual_cycling,evaluation,interval,history_quantile_tcn,0.12.0,,held_sport,unseen_sport__indoor_virtual_cycling,zero_history,60,0.9,true,absolute_coverage_error,"origin-within-session, session-within-user, equal-user mean",3,20260722;20260723;20260724,0.0115185141563415,0.0093066334724426,0.0134122729301452,118,1571,11591,False
0.22.0,held_sport,indoor_virtual_cycling,evaluation,interval,history_quantile_tcn,0.12.0,,held_sport,unseen_sport__indoor_virtual_cycling,zero_history,60,0.9,true,conformal_adjustment_bpm,"origin-within-session, session-within-user, equal-user mean",3,20260722;20260723;20260724,0.0,0.0,0.015625,118,1571,11591,False
0.22.0,held_sport,indoor_virtual_cycling,evaluation,interval,history_quantile_tcn,0.12.0,,held_sport,unseen_sport__indoor_virtual_cycling,zero_history,60,0.9,true,mean_interval_width_bpm,"origin-within-session, session-within-user, equal-user mean",3,20260722;20260723;20260724,25.80364418029785,24.565269470214844,25.903051376342773,118,1571,11591,False
0.22.0,held_sport,indoor_virtual_cycling,evaluation,interval,history_quantile_tcn,0.12.0,,held_sport,unseen_sport__indoor_virtual_cycling,zero_history,60,0.9,true,picp,"origin-within-session, session-within-user, equal-user mean",3,20260722;20260723;20260724,0.9115185141563416,0.8906933665275574,0.9134122729301452,118,1571,11591,False
0.22.0,held_sport,indoor_virtual_cycling,evaluation,interval,history_quantile_tcn,0.12.0,,held_sport,unseen_sport__indoor_virtual_cycling,zero_history,180,0.5,false,absolute_coverage_error,"origin-within-session, session-within-user, equal-user mean",3,20260722;20260723;20260724,0.0231321156024932,0.0205739736557006,0.0304073095321655,118,1571,11591,False
0.22.0,held_sport,indoor_virtual_cycling,evaluation,interval,history_quantile_tcn,0.12.0,,held_sport,unseen_sport__indoor_virtual_cycling,zero_history,180,0.5,false,conformal_adjustment_bpm,"origin-within-session, session-within-user, equal-user mean",3,20260722;20260723;20260724,0.0,0.0,0.0,118,1571,11591,False
0.22.0,held_sport,indoor_virtual_cycling,evaluation,interval,history_quantile_tcn,0.12.0,,held_sport,unseen_sport__indoor_virtual_cycling,zero_history,180,0.5,false,mean_interval_width_bpm,"origin-within-session, session-within-user, equal-user mean",3,20260722;20260723;20260724,11.91946506500244,11.645995140075684,12.125258445739746,118,1571,11591,False
0.22.0,held_sport,indoor_virtual_cycling,evaluation,interval,history_quantile_tcn,0.12.0,,held_sport,unseen_sport__indoor_virtual_cycling,zero_history,180,0.5,false,picp,"origin-within-session, session-within-user, equal-user mean",3,20260722;20260723;20260724,0.4768678843975067,0.4695926904678345,0.4794260263442993,118,1571,11591,False
0.22.0,held_sport,indoor_virtual_cycling,evaluation,interval,history_quantile_tcn,0.12.0,,held_sport,unseen_sport__indoor_virtual_cycling,zero_history,180,0.5,true,absolute_coverage_error,"origin-within-session, session-within-user, equal-user mean",3,20260722;20260723;20260724,0.0231321156024932,0.0205739736557006,0.0304073095321655,118,1571,11591,False
0.22.0,held_sport,indoor_virtual_cycling,evaluation,interval,history_quantile_tcn,0.12.0,,held_sport,unseen_sport__indoor_virtual_cycling,zero_history,180,0.5,true,conformal_adjustment_bpm,"origin-within-session, session-within-user, equal-user mean",3,20260722;20260723;20260724,0.0,0.0,0.0,118,1571,11591,False
0.22.0,held_sport,indoor_virtual_cycling,evaluation,interval,history_quantile_tcn,0.12.0,,held_sport,unseen_sport__indoor_virtual_cycling,zero_history,180,0.5,true,mean_interval_width_bpm,"origin-within-session, session-within-user, equal-user mean",3,20260722;20260723;20260724,11.91946506500244,11.645995140075684,12.125258445739746,118,1571,11591,False
0.22.0,held_sport,indoor_virtual_cycling,evaluation,interval,history_quantile_tcn,0.12.0,,held_sport,unseen_sport__indoor_virtual_cycling,zero_history,180,0.5,true,picp,"origin-within-session, session-within-user, equal-user mean",3,20260722;20260723;20260724,0.4768678843975067,0.4695926904678345,0.4794260263442993,118,1571,11591,False
0.22.0,held_sport,indoor_virtual_cycling,evaluation,interval,history_quantile_tcn,0.12.0,,held_sport,unseen_sport__indoor_virtual_cycling,zero_history,180,0.8,false,absolute_coverage_error,"origin-within-session, session-within-user, equal-user mean",3,20260722;20260723;20260724,0.0180936336517334,0.0134547829627991,0.0197738885879517,118,1571,11591,False
0.22.0,held_sport,indoor_virtual_cycling,evaluation,interval,history_quantile_tcn,0.12.0,,held_sport,unseen_sport__indoor_virtual_cycling,zero_history,180,0.8,false,conformal_adjustment_bpm,"origin-within-session, session-within-user, equal-user mean",3,20260722;20260723;20260724,0.0,0.0,0.0,118,1571,11591,False
0.22.0,held_sport,indoor_virtual_cycling,evaluation,interval,history_quantile_tcn,0.12.0,,held_sport,unseen_sport__indoor_virtual_cycling,zero_history,180,0.8,false,mean_interval_width_bpm,"origin-within-session, session-within-user, equal-user mean",3,20260722;20260723;20260724,23.755905151367188,23.62339401245117,24.06063842773437,118,1571,11591,False
0.22.0,held_sport,indoor_virtual_cycling,evaluation,interval,history_quantile_tcn,0.12.0,,held_sport,unseen_sport__indoor_virtual_cycling,zero_history,180,0.8,false,picp,"origin-within-session, session-within-user, equal-user mean",3,20260722;20260723;20260724,0.7819063663482666,0.7802261114120483,0.7865452170372009,118,1571,11591,False
0.22.0,held_sport,indoor_virtual_cycling,evaluation,interval,history_quantile_tcn,0.12.0,,held_sport,unseen_sport__indoor_virtual_cycling,zero_history,180,0.8,true,absolute_coverage_error,"origin-within-session, session-within-user, equal-user mean",3,20260722;20260723;20260724,0.0180936336517334,0.0134547829627991,0.0197738885879517,118,1571,11591,False
0.22.0,held_sport,indoor_virtual_cycling,evaluation,interval,history_quantile_tcn,0.12.0,,held_sport,unseen_sport__indoor_virtual_cycling,zero_history,180,0.8,true,conformal_adjustment_bpm,"origin-within-session, session-within-user, equal-user mean",3,20260722;20260723;20260724,0.0,0.0,0.0,118,1571,11591,False
0.22.0,held_sport,indoor_virtual_cycling,evaluation,interval,history_quantile_tcn,0.12.0,,held_sport,unseen_sport__indoor_virtual_cycling,zero_history,180,0.8,true,mean_interval_width_bpm,"origin-within-session, session-within-user, equal-user mean",3,20260722;20260723;20260724,23.755905151367188,23.62339401245117,24.06063842773437,118,1571,11591,False
0.22.0,held_sport,indoor_virtual_cycling,evaluation,interval,history_quantile_tcn,0.12.0,,held_sport,unseen_sport__indoor_virtual_cycling,zero_history,180,0.8,true,picp,"origin-within-session, session-within-user, equal-user mean",3,20260722;20260723;20260724,0.7819063663482666,0.7802261114120483,0.7865452170372009,118,1571,11591,False
0.22.0,held_sport,indoor_virtual_cycling,evaluation,interval,history_quantile_tcn,0.12.0,,held_sport,unseen_sport__indoor_virtual_cycling,zero_history,180,0.9,false,absolute_coverage_error,"origin-within-session, session-within-user, equal-user mean",3,20260722;20260723;20260724,0.0187817454338073,0.011565351486206,0.0241281032562256,118,1571,11591,False
0.22.0,held_sport,indoor_virtual_cycling,evaluation,interval,history_quantile_tcn,0.12.0,,held_sport,unseen_sport__indoor_virtual_cycling,zero_history,180,0.9,false,conformal_adjustment_bpm,"origin-within-session, session-within-user, equal-user mean",3,20260722;20260723;20260724,0.0,0.0,0.0,118,1571,11591,False
0.22.0,held_sport,indoor_virtual_cycling,evaluation,interval,history_quantile_tcn,0.12.0,,held_sport,unseen_sport__indoor_virtual_cycling,zero_history,180,0.9,false,mean_interval_width_bpm,"origin-within-session, session-within-user, equal-user mean",3,20260722;20260723;20260724,32.97865676879883,32.784767150878906,33.27992630004883,118,1571,11591,False
0.22.0,held_sport,indoor_virtual_cycling,evaluation,interval,history_quantile_tcn,0.12.0,,held_sport,unseen_sport__indoor_virtual_cycling,zero_history,180,0.9,false,picp,"origin-within-session, session-within-user, equal-user mean",3,20260722;20260723;20260724,0.8812182545661926,0.8758718967437744,0.888434648513794,118,1571,11591,False
0.22.0,held_sport,indoor_virtual_cycling,evaluation,interval,history_quantile_tcn,0.12.0,,held_sport,unseen_sport__indoor_virtual_cycling,zero_history,180,0.9,true,absolute_coverage_error,"origin-within-session, session-within-user, equal-user mean",3,20260722;20260723;20260724,0.0187817454338073,0.011565351486206,0.0241281032562256,118,1571,11591,False
0.22.0,held_sport,indoor_virtual_cycling,evaluation,interval,history_quantile_tcn,0.12.0,,held_sport,unseen_sport__indoor_virtual_cycling,zero_history,180,0.9,true,conformal_adjustment_bpm,"origin-within-session, session-within-user, equal-user mean",3,20260722;20260723;20260724,0.0,0.0,0.0,118,1571,11591,False
0.22.0,held_sport,indoor_virtual_cycling,evaluation,interval,history_quantile_tcn,0.12.0,,held_sport,unseen_sport__indoor_virtual_cycling,zero_history,180,0.9,true,mean_interval_width_bpm,"origin-within-session, session-within-user, equal-user mean",3,20260722;20260723;20260724,32.97865676879883,32.784767150878906,33.27992630004883,118,1571,11591,False
0.22.0,held_sport,indoor_virtual_cycling,evaluation,interval,history_quantile_tcn,0.12.0,,held_sport,unseen_sport__indoor_virtual_cycling,zero_history,180,0.9,true,picp,"origin-within-session, session-within-user, equal-user mean",3,20260722;20260723;20260724,0.8812182545661926,0.8758718967437744,0.888434648513794,118,1571,11591,False
0.22.0,held_sport,indoor_virtual_cycling,evaluation,interval,history_quantile_tcn,0.12.0,,held_sport,unseen_sport__indoor_virtual_cycling,zero_history,300,0.5,false,absolute_coverage_error,"origin-within-session, session-within-user, equal-user mean",3,20260722;20260723;20260724,0.0059782862663269,0.0003416836261749,0.0154978036880493,118,1571,11591,False
0.22.0,held_sport,indoor_virtual_cycling,evaluation,interval,history_quantile_tcn,0.12.0,,held_sport,unseen_sport__indoor_virtual_cycling,zero_history,300,0.5,false,conformal_adjustment_bpm,"origin-within-session, session-within-user, equal-user mean",3,20260722;20260723;20260724,0.0,0.0,0.0,118,1571,11591,False
0.22.0,held_sport,indoor_virtual_cycling,evaluation,interval,history_quantile_tcn,0.12.0,,held_sport,unseen_sport__indoor_virtual_cycling,zero_history,300,0.5,false,mean_interval_width_bpm,"origin-within-session, session-within-user, equal-user mean",3,20260722;20260723;20260724,12.898600578308104,12.747602462768556,13.109500885009766,118,1571,11591,False
0.22.0,held_sport,indoor_virtual_cycling,evaluation,interval,history_quantile_tcn,0.12.0,,held_sport,unseen_sport__indoor_virtual_cycling,zero_history,300,0.5,false,picp,"origin-within-session, session-within-user, equal-user mean",3,20260722;20260723;20260724,0.4996583163738251,0.4845021963119507,0.5059782862663269,118,1571,11591,False
0.22.0,held_sport,indoor_virtual_cycling,evaluation,interval,history_quantile_tcn,0.12.0,,held_sport,unseen_sport__indoor_virtual_cycling,zero_history,300,0.5,true,absolute_coverage_error,"origin-within-session, session-within-user, equal-user mean",3,20260722;20260723;20260724,0.0059782862663269,0.0003416836261749,0.0154978036880493,118,1571,11591,False
0.22.0,held_sport,indoor_virtual_cycling,evaluation,interval,history_quantile_tcn,0.12.0,,held_sport,unseen_sport__indoor_virtual_cycling,zero_history,300,0.5,true,conformal_adjustment_bpm,"origin-within-session, session-within-user, equal-user mean",3,20260722;20260723;20260724,0.0,0.0,0.0,118,1571,11591,False
0.22.0,held_sport,indoor_virtual_cycling,evaluation,interval,history_quantile_tcn,0.12.0,,held_sport,unseen_sport__indoor_virtual_cycling,zero_history,300,0.5,true,mean_interval_width_bpm,"origin-within-session, session-within-user, equal-user mean",3,20260722;20260723;20260724,12.898600578308104,12.747602462768556,13.109500885009766,118,1571,11591,False
0.22.0,held_sport,indoor_virtual_cycling,evaluation,interval,history_quantile_tcn,0.12.0,,held_sport,unseen_sport__indoor_virtual_cycling,zero_history,300,0.5,true,picp,"origin-within-session, session-within-user, equal-user mean",3,20260722;20260723;20260724,0.4996583163738251,0.4845021963119507,0.5059782862663269,118,1571,11591,False
0.22.0,held_sport,indoor_virtual_cycling,evaluation,interval,history_quantile_tcn,0.12.0,,held_sport,unseen_sport__indoor_virtual_cycling,zero_history,300,0.8,false,absolute_coverage_error,"origin-within-session, session-within-user, equal-user mean",3,20260722;20260723;20260724,0.0091994285583496,0.0064738869667053,0.0153218388557434,118,1571,11591,False
0.22.0,held_sport,indoor_virtual_cycling,evaluation,interval,history_quantile_tcn,0.12.0,,held_sport,unseen_sport__indoor_virtual_cycling,zero_history,300,0.8,false,conformal_adjustment_bpm,"origin-within-session, session-within-user, equal-user mean",3,20260722;20260723;20260724,0.0,0.0,0.0,118,1571,11591,False
0.22.0,held_sport,indoor_virtual_cycling,evaluation,interval,history_quantile_tcn,0.12.0,,held_sport,unseen_sport__indoor_virtual_cycling,zero_history,300,0.8,false,mean_interval_width_bpm,"origin-within-session, session-within-user, equal-user mean",3,20260722;20260723;20260724,26.456768035888672,26.105928421020508,26.676589965820312,118,1571,11591,False
0.22.0,held_sport,indoor_virtual_cycling,evaluation,interval,history_quantile_tcn,0.12.0,,held_sport,unseen_sport__indoor_virtual_cycling,zero_history,300,0.8,false,picp,"origin-within-session, session-within-user, equal-user mean",3,20260722;20260723;20260724,0.7908005714416504,0.7846781611442566,0.7935261130332947,118,1571,11591,False
0.22.0,held_sport,indoor_virtual_cycling,evaluation,interval,history_quantile_tcn,0.12.0,,held_sport,unseen_sport__indoor_virtual_cycling,zero_history,300,0.8,true,absolute_coverage_error,"origin-within-session, session-within-user, equal-user mean",3,20260722;20260723;20260724,0.0091994285583496,0.0064738869667053,0.0153218388557434,118,1571,11591,False
0.22.0,held_sport,indoor_virtual_cycling,evaluation,interval,history_quantile_tcn,0.12.0,,held_sport,unseen_sport__indoor_virtual_cycling,zero_history,300,0.8,true,conformal_adjustment_bpm,"origin-within-session, session-within-user, equal-user mean",3,20260722;20260723;20260724,0.0,0.0,0.0,118,1571,11591,False
0.22.0,held_sport,indoor_virtual_cycling,evaluation,interval,history_quantile_tcn,0.12.0,,held_sport,unseen_sport__indoor_virtual_cycling,zero_history,300,0.8,true,mean_interval_width_bpm,"origin-within-session, session-within-user, equal-user mean",3,20260722;20260723;20260724,26.456768035888672,26.105928421020508,26.676589965820312,118,1571,11591,False
0.22.0,held_sport,indoor_virtual_cycling,evaluation,interval,history_quantile_tcn,0.12.0,,held_sport,unseen_sport__indoor_virtual_cycling,zero_history,300,0.8,true,picp,"origin-within-session, session-within-user, equal-user mean",3,20260722;20260723;20260724,0.7908005714416504,0.7846781611442566,0.7935261130332947,118,1571,11591,False
0.22.0,held_sport,indoor_virtual_cycling,evaluation,interval,history_quantile_tcn,0.12.0,,held_sport,unseen_sport__indoor_virtual_cycling,zero_history,300,0.9,false,absolute_coverage_error,"origin-within-session, session-within-user, equal-user mean",3,20260722;20260723;20260724,0.010201895236969,0.0074548363685608,0.0164343357086181,118,1571,11591,False
0.22.0,held_sport,indoor_virtual_cycling,evaluation,interval,history_quantile_tcn,0.12.0,,held_sport,unseen_sport__indoor_virtual_cycling,zero_history,300,0.9,false,conformal_adjustment_bpm,"origin-within-session, session-within-user, equal-user mean",3,20260722;20260723;20260724,0.0,0.0,0.0,118,1571,11591,False
0.22.0,held_sport,indoor_virtual_cycling,evaluation,interval,history_quantile_tcn,0.12.0,,held_sport,unseen_sport__indoor_virtual_cycling,zero_history,300,0.9,false,mean_interval_width_bpm,"origin-within-session, session-within-user, equal-user mean",3,20260722;20260723;20260724,36.873817443847656,35.89976119995117,36.87992858886719,118,1571,11591,False
0.22.0,held_sport,indoor_virtual_cycling,evaluation,interval,history_quantile_tcn,0.12.0,,held_sport,unseen_sport__indoor_virtual_cycling,zero_history,300,0.9,false,picp,"origin-within-session, session-within-user, equal-user mean",3,20260722;20260723;20260724,0.889798104763031,0.8835656642913818,0.8925451636314392,118,1571,11591,False
0.22.0,held_sport,indoor_virtual_cycling,evaluation,interval,history_quantile_tcn,0.12.0,,held_sport,unseen_sport__indoor_virtual_cycling,zero_history,300,0.9,true,absolute_coverage_error,"origin-within-session, session-within-user, equal-user mean",3,20260722;20260723;20260724,0.010201895236969,0.0074548363685608,0.0164343357086181,118,1571,11591,False
0.22.0,held_sport,indoor_virtual_cycling,evaluation,interval,history_quantile_tcn,0.12.0,,held_sport,unseen_sport__indoor_virtual_cycling,zero_history,300,0.9,true,conformal_adjustment_bpm,"origin-within-session, session-within-user, equal-user mean",3,20260722;20260723;20260724,0.0,0.0,0.0,118,1571,11591,False
0.22.0,held_sport,indoor_virtual_cycling,evaluation,interval,history_quantile_tcn,0.12.0,,held_sport,unseen_sport__indoor_virtual_cycling,zero_history,300,0.9,true,mean_interval_width_bpm,"origin-within-session, session-within-user, equal-user mean",3,20260722;20260723;20260724,36.873817443847656,35.89976119995117,36.87992858886719,118,1571,11591,False
0.22.0,held_sport,indoor_virtual_cycling,evaluation,interval,history_quantile_tcn,0.12.0,,held_sport,unseen_sport__indoor_virtual_cycling,zero_history,300,0.9,true,picp,"origin-within-session, session-within-user, equal-user mean",3,20260722;20260723;20260724,0.889798104763031,0.8835656642913818,0.8925451636314392,118,1571,11591,False
0.22.0,held_sport,indoor_virtual_cycling,evaluation,point,history_quantile_tcn,0.12.0,,held_sport,joint_user_sport__indoor_virtual_cycling,history_informed,60,,,bias_bpm,"origin-within-session, session-within-user, equal-user mean",3,20260722;20260723;20260724,-0.5997307896614075,-0.8587582111358643,-0.4621241986751556,18,234,1523,False
0.22.0,held_sport,indoor_virtual_cycling,evaluation,point,history_quantile_tcn,0.12.0,,held_sport,joint_user_sport__indoor_virtual_cycling,history_informed,60,,,mae_bpm,"origin-within-session, session-within-user, equal-user mean",3,20260722;20260723;20260724,5.918801784515381,5.862738609313965,5.993279457092285,18,234,1523,False
0.22.0,held_sport,indoor_virtual_cycling,evaluation,point,history_quantile_tcn,0.12.0,,held_sport,joint_user_sport__indoor_virtual_cycling,history_informed,60,,,rmse_bpm,"origin-within-session, session-within-user, equal-user mean",3,20260722;20260723;20260724,7.292823791503906,7.23547887802124,7.366637229919434,18,234,1523,False
0.22.0,held_sport,indoor_virtual_cycling,evaluation,point,history_quantile_tcn,0.12.0,,held_sport,joint_user_sport__indoor_virtual_cycling,history_informed,180,,,bias_bpm,"origin-within-session, session-within-user, equal-user mean",3,20260722;20260723;20260724,-0.6240148544311523,-0.7014598250389099,-0.2155555933713913,18,234,1523,False
0.22.0,held_sport,indoor_virtual_cycling,evaluation,point,history_quantile_tcn,0.12.0,,held_sport,joint_user_sport__indoor_virtual_cycling,history_informed,180,,,mae_bpm,"origin-within-session, session-within-user, equal-user mean",3,20260722;20260723;20260724,8.17273235321045,7.943546772003174,8.25386905670166,18,234,1523,False
0.22.0,held_sport,indoor_virtual_cycling,evaluation,point,history_quantile_tcn,0.12.0,,held_sport,joint_user_sport__indoor_virtual_cycling,history_informed,180,,,rmse_bpm,"origin-within-session, session-within-user, equal-user mean",3,20260722;20260723;20260724,9.901897430419922,9.736242294311523,10.016088485717772,18,234,1523,False
0.22.0,held_sport,indoor_virtual_cycling,evaluation,point,history_quantile_tcn,0.12.0,,held_sport,joint_user_sport__indoor_virtual_cycling,history_informed,300,,,bias_bpm,"origin-within-session, session-within-user, equal-user mean",3,20260722;20260723;20260724,1.427582859992981,1.1398369073867798,1.5763278007507324,18,234,1523,False
0.22.0,held_sport,indoor_virtual_cycling,evaluation,point,history_quantile_tcn,0.12.0,,held_sport,joint_user_sport__indoor_virtual_cycling,history_informed,300,,,mae_bpm,"origin-within-session, session-within-user, equal-user mean",3,20260722;20260723;20260724,11.098682403564451,10.967357635498049,11.359700202941896,18,234,1523,False
0.22.0,held_sport,indoor_virtual_cycling,evaluation,point,history_quantile_tcn,0.12.0,,held_sport,joint_user_sport__indoor_virtual_cycling,history_informed,300,,,rmse_bpm,"origin-within-session, session-within-user, equal-user mean",3,20260722;20260723;20260724,12.839506149291992,12.710359573364258,13.046491622924805,18,234,1523,False
0.22.0,held_sport,indoor_virtual_cycling,evaluation,point,history_quantile_tcn,0.12.0,,held_sport,joint_user_sport__indoor_virtual_cycling,zero_history,60,,,bias_bpm,"origin-within-session, session-within-user, equal-user mean",3,20260722;20260723;20260724,0.0489798933267593,-0.2378428280353546,0.114554114639759,18,234,1523,False
0.22.0,held_sport,indoor_virtual_cycling,evaluation,point,history_quantile_tcn,0.12.0,,held_sport,joint_user_sport__indoor_virtual_cycling,zero_history,60,,,mae_bpm,"origin-within-session, session-within-user, equal-user mean",3,20260722;20260723;20260724,5.848422527313232,5.84006929397583,5.988856792449951,18,234,1523,False
0.22.0,held_sport,indoor_virtual_cycling,evaluation,point,history_quantile_tcn,0.12.0,,held_sport,joint_user_sport__indoor_virtual_cycling,zero_history,60,,,rmse_bpm,"origin-within-session, session-within-user, equal-user mean",3,20260722;20260723;20260724,7.216748714447021,7.20112943649292,7.358870506286621,18,234,1523,False
0.22.0,held_sport,indoor_virtual_cycling,evaluation,point,history_quantile_tcn,0.12.0,,held_sport,joint_user_sport__indoor_virtual_cycling,zero_history,180,,,bias_bpm,"origin-within-session, session-within-user, equal-user mean",3,20260722;20260723;20260724,0.606225311756134,0.5114226341247559,0.9286574125289916,18,234,1523,False
0.22.0,held_sport,indoor_virtual_cycling,evaluation,point,history_quantile_tcn,0.12.0,,held_sport,joint_user_sport__indoor_virtual_cycling,zero_history,180,,,mae_bpm,"origin-within-session, session-within-user, equal-user mean",3,20260722;20260723;20260724,8.118179321289062,7.825667381286621,8.203402519226074,18,234,1523,False
0.22.0,held_sport,indoor_virtual_cycling,evaluation,point,history_quantile_tcn,0.12.0,,held_sport,joint_user_sport__indoor_virtual_cycling,zero_history,180,,,rmse_bpm,"origin-within-session, session-within-user, equal-user mean",3,20260722;20260723;20260724,9.897215843200684,9.683737754821776,10.002045631408691,18,234,1523,False
0.22.0,held_sport,indoor_virtual_cycling,evaluation,point,history_quantile_tcn,0.12.0,,held_sport,joint_user_sport__indoor_virtual_cycling,zero_history,300,,,bias_bpm,"origin-within-session, session-within-user, equal-user mean",3,20260722;20260723;20260724,2.800466775894165,2.5061910152435303,2.807453393936157,18,234,1523,False
0.22.0,held_sport,indoor_virtual_cycling,evaluation,point,history_quantile_tcn,0.12.0,,held_sport,joint_user_sport__indoor_virtual_cycling,zero_history,300,,,mae_bpm,"origin-within-session, session-within-user, equal-user mean",3,20260722;20260723;20260724,11.465617179870604,11.394458770751951,11.645585060119627,18,234,1523,False
0.22.0,held_sport,indoor_virtual_cycling,evaluation,point,history_quantile_tcn,0.12.0,,held_sport,joint_user_sport__indoor_virtual_cycling,zero_history,300,,,rmse_bpm,"origin-within-session, session-within-user, equal-user mean",3,20260722;20260723;20260724,13.065597534179688,13.01799201965332,13.223819732666016,18,234,1523,False
0.22.0,held_sport,indoor_virtual_cycling,evaluation,point,history_quantile_tcn,0.12.0,,held_sport,unseen_sport__indoor_virtual_cycling,history_informed,60,,,bias_bpm,"origin-within-session, session-within-user, equal-user mean",3,20260722;20260723;20260724,-0.3599621057510376,-0.3809708952903747,-0.2557360231876373,118,1571,11591,False
0.22.0,held_sport,indoor_virtual_cycling,evaluation,point,history_quantile_tcn,0.12.0,,held_sport,unseen_sport__indoor_virtual_cycling,history_informed,60,,,mae_bpm,"origin-within-session, session-within-user, equal-user mean",3,20260722;20260723;20260724,6.209912300109863,6.113548278808594,6.273045539855957,118,1571,11591,False
0.22.0,held_sport,indoor_virtual_cycling,evaluation,point,history_quantile_tcn,0.12.0,,held_sport,unseen_sport__indoor_virtual_cycling,history_informed,60,,,rmse_bpm,"origin-within-session, session-within-user, equal-user mean",3,20260722;20260723;20260724,7.49423885345459,7.406683921813965,7.5516357421875,118,1571,11591,False
0.22.0,held_sport,indoor_virtual_cycling,evaluation,point,history_quantile_tcn,0.12.0,,held_sport,unseen_sport__indoor_virtual_cycling,history_informed,180,,,bias_bpm,"origin-within-session, session-within-user, equal-user mean",3,20260722;20260723;20260724,-0.2364785075187683,-0.3647767603397369,-0.2254388928413391,118,1571,11591,False
0.22.0,held_sport,indoor_virtual_cycling,evaluation,point,history_quantile_tcn,0.12.0,,held_sport,unseen_sport__indoor_virtual_cycling,history_informed,180,,,mae_bpm,"origin-within-session, session-within-user, equal-user mean",3,20260722;20260723;20260724,8.570405006408691,8.493586540222168,8.690276145935059,118,1571,11591,False
0.22.0,held_sport,indoor_virtual_cycling,evaluation,point,history_quantile_tcn,0.12.0,,held_sport,unseen_sport__indoor_virtual_cycling,history_informed,180,,,rmse_bpm,"origin-within-session, session-within-user, equal-user mean",3,20260722;20260723;20260724,10.266237258911133,10.184924125671388,10.37015438079834,118,1571,11591,False
0.22.0,held_sport,indoor_virtual_cycling,evaluation,point,history_quantile_tcn,0.12.0,,held_sport,unseen_sport__indoor_virtual_cycling,history_informed,300,,,bias_bpm,"origin-within-session, session-within-user, equal-user mean",3,20260722;20260723;20260724,0.1203095838427543,0.1178650259971618,0.3593593835830688,118,1571,11591,False
0.22.0,held_sport,indoor_virtual_cycling,evaluation,point,history_quantile_tcn,0.12.0,,held_sport,unseen_sport__indoor_virtual_cycling,history_informed,300,,,mae_bpm,"origin-within-session, session-within-user, equal-user mean",3,20260722;20260723;20260724,9.059664726257324,8.960474014282227,9.064974784851074,118,1571,11591,False
0.22.0,held_sport,indoor_virtual_cycling,evaluation,point,history_quantile_tcn,0.12.0,,held_sport,unseen_sport__indoor_virtual_cycling,history_informed,300,,,rmse_bpm,"origin-within-session, session-within-user, equal-user mean",3,20260722;20260723;20260724,10.822017669677734,10.70985507965088,10.828984260559082,118,1571,11591,False
0.22.0,held_sport,indoor_virtual_cycling,evaluation,point,history_quantile_tcn,0.12.0,,held_sport,unseen_sport__indoor_virtual_cycling,zero_history,60,,,bias_bpm,"origin-within-session, session-within-user, equal-user mean",3,20260722;20260723;20260724,0.331352561712265,0.268448531627655,0.3355961740016937,118,1571,11591,False
0.22.0,held_sport,indoor_virtual_cycling,evaluation,point,history_quantile_tcn,0.12.0,,held_sport,unseen_sport__indoor_virtual_cycling,zero_history,60,,,mae_bpm,"origin-within-session, session-within-user, equal-user mean",3,20260722;20260723;20260724,6.17648983001709,6.070065975189209,6.222827911376953,118,1571,11591,False
0.22.0,held_sport,indoor_virtual_cycling,evaluation,point,history_quantile_tcn,0.12.0,,held_sport,unseen_sport__indoor_virtual_cycling,zero_history,60,,,rmse_bpm,"origin-within-session, session-within-user, equal-user mean",3,20260722;20260723;20260724,7.471926212310791,7.37145471572876,7.502598285675049,118,1571,11591,False
0.22.0,held_sport,indoor_virtual_cycling,evaluation,point,history_quantile_tcn,0.12.0,,held_sport,unseen_sport__indoor_virtual_cycling,zero_history,180,,,bias_bpm,"origin-within-session, session-within-user, equal-user mean",3,20260722;20260723;20260724,0.9632697105407716,0.8308529853820801,1.1435275077819824,118,1571,11591,False
0.22.0,held_sport,indoor_virtual_cycling,evaluation,point,history_quantile_tcn,0.12.0,,held_sport,unseen_sport__indoor_virtual_cycling,zero_history,180,,,mae_bpm,"origin-within-session, session-within-user, equal-user mean",3,20260722;20260723;20260724,8.418294906616211,8.402347564697266,8.52592658996582,118,1571,11591,False
0.22.0,held_sport,indoor_virtual_cycling,evaluation,point,history_quantile_tcn,0.12.0,,held_sport,unseen_sport__indoor_virtual_cycling,zero_history,180,,,rmse_bpm,"origin-within-session, session-within-user, equal-user mean",3,20260722;20260723;20260724,10.171792984008787,10.138495445251465,10.271486282348633,118,1571,11591,False
0.22.0,held_sport,indoor_virtual_cycling,evaluation,point,history_quantile_tcn,0.12.0,,held_sport,unseen_sport__indoor_virtual_cycling,zero_history,300,,,bias_bpm,"origin-within-session, session-within-user, equal-user mean",3,20260722;20260723;20260724,1.5012106895446775,1.417405605316162,1.9476714134216309,118,1571,11591,False
0.22.0,held_sport,indoor_virtual_cycling,evaluation,point,history_quantile_tcn,0.12.0,,held_sport,unseen_sport__indoor_virtual_cycling,zero_history,300,,,mae_bpm,"origin-within-session, session-within-user, equal-user mean",3,20260722;20260723;20260724,8.97940444946289,8.894430160522461,9.01781940460205,118,1571,11591,False
0.22.0,held_sport,indoor_virtual_cycling,evaluation,point,history_quantile_tcn,0.12.0,,held_sport,unseen_sport__indoor_virtual_cycling,zero_history,300,,,rmse_bpm,"origin-within-session, session-within-user, equal-user mean",3,20260722;20260723;20260724,10.81454372406006,10.730876922607422,10.88250732421875,118,1571,11591,False
0.22.0,held_sport,outdoor_cycling,evaluation,interval,history_quantile_tcn,0.12.0,,held_sport,joint_user_sport__outdoor_cycling,history_informed,60,0.5,false,absolute_coverage_error,"origin-within-session, session-within-user, equal-user mean",3,20260722;20260723;20260724,0.0838347971439361,0.0469444692134857,0.0862348675727844,77,6097,37856,False
0.22.0,held_sport,outdoor_cycling,evaluation,interval,history_quantile_tcn,0.12.0,,held_sport,joint_user_sport__outdoor_cycling,history_informed,60,0.5,false,conformal_adjustment_bpm,"origin-within-session, session-within-user, equal-user mean",3,20260722;20260723;20260724,0.0,0.0,0.0,77,6097,37856,False
0.22.0,held_sport,outdoor_cycling,evaluation,interval,history_quantile_tcn,0.12.0,,held_sport,joint_user_sport__outdoor_cycling,history_informed,60,0.5,false,mean_interval_width_bpm,"origin-within-session, session-within-user, equal-user mean",3,20260722;20260723;20260724,11.096883773803713,11.072809219360352,12.084739685058594,77,6097,37856,False
0.22.0,held_sport,outdoor_cycling,evaluation,interval,history_quantile_tcn,0.12.0,,held_sport,joint_user_sport__outdoor_cycling,history_informed,60,0.5,false,picp,"origin-within-session, session-within-user, equal-user mean",3,20260722;20260723;20260724,0.4161652028560638,0.4137651324272156,0.4530555307865143,77,6097,37856,False
0.22.0,held_sport,outdoor_cycling,evaluation,interval,history_quantile_tcn,0.12.0,,held_sport,joint_user_sport__outdoor_cycling,history_informed,60,0.5,true,absolute_coverage_error,"origin-within-session, session-within-user, equal-user mean",3,20260722;20260723;20260724,0.0632573962211608,0.0378371477127075,0.0697799921035766,77,6097,37856,False
0.22.0,held_sport,outdoor_cycling,evaluation,interval,history_quantile_tcn,0.12.0,,held_sport,joint_user_sport__outdoor_cycling,history_informed,60,0.5,true,conformal_adjustment_bpm,"origin-within-session, session-within-user, equal-user mean",3,20260722;20260723;20260724,0.2001953125,0.1326141357421875,0.20166015625,77,6097,37856,False
0.22.0,held_sport,outdoor_cycling,evaluation,interval,history_quantile_tcn,0.12.0,,held_sport,joint_user_sport__outdoor_cycling,history_informed,60,0.5,true,mean_interval_width_bpm,"origin-within-session, session-within-user, equal-user mean",3,20260722;20260723;20260724,11.497274398803713,11.476129531860352,12.349968910217283,77,6097,37856,False
0.22.0,held_sport,outdoor_cycling,evaluation,interval,history_quantile_tcn,0.12.0,,held_sport,joint_user_sport__outdoor_cycling,history_informed,60,0.5,true,picp,"origin-within-session, session-within-user, equal-user mean",3,20260722;20260723;20260724,0.4367426037788391,0.4302200078964233,0.4621628522872925,77,6097,37856,False
0.22.0,held_sport,outdoor_cycling,evaluation,interval,history_quantile_tcn,0.12.0,,held_sport,joint_user_sport__outdoor_cycling,history_informed,60,0.8,false,absolute_coverage_error,"origin-within-session, session-within-user, equal-user mean",3,20260722;20260723;20260724,0.0867148518562317,0.0545368671417236,0.0911728620529175,77,6097,37856,False
0.22.0,held_sport,outdoor_cycling,evaluation,interval,history_quantile_tcn,0.12.0,,held_sport,joint_user_sport__outdoor_cycling,history_informed,60,0.8,false,conformal_adjustment_bpm,"origin-within-session, session-within-user, equal-user mean",3,20260722;20260723;20260724,0.0,0.0,0.0,77,6097,37856,False
0.22.0,held_sport,outdoor_cycling,evaluation,interval,history_quantile_tcn,0.12.0,,held_sport,joint_user_sport__outdoor_cycling,history_informed,60,0.8,false,mean_interval_width_bpm,"origin-within-session, session-within-user, equal-user mean",3,20260722;20260723;20260724,21.33143424987793,21.24907493591309,23.164255142211918,77,6097,37856,False
0.22.0,held_sport,outdoor_cycling,evaluation,interval,history_quantile_tcn,0.12.0,,held_sport,joint_user_sport__outdoor_cycling,history_informed,60,0.8,false,picp,"origin-within-session, session-within-user, equal-user mean",3,20260722;20260723;20260724,0.7132851481437683,0.7088271379470825,0.7454631328582764,77,6097,37856,False
0.22.0,held_sport,outdoor_cycling,evaluation,interval,history_quantile_tcn,0.12.0,,held_sport,joint_user_sport__outdoor_cycling,history_informed,60,0.8,true,absolute_coverage_error,"origin-within-session, session-within-user, equal-user mean",3,20260722;20260723;20260724,0.0635660171508789,0.0420508861541748,0.0731644511222839,77,6097,37856,False
0.22.0,held_sport,outdoor_cycling,evaluation,interval,history_quantile_tcn,0.12.0,,held_sport,joint_user_sport__outdoor_cycling,history_informed,60,0.8,true,conformal_adjustment_bpm,"origin-within-session, session-within-user, equal-user mean",3,20260722;20260723;20260724,0.384765625,0.203125,0.4877166748046875,77,6097,37856,False
0.22.0,held_sport,outdoor_cycling,evaluation,interval,history_quantile_tcn,0.12.0,,held_sport,joint_user_sport__outdoor_cycling,history_informed,60,0.8,true,mean_interval_width_bpm,"origin-within-session, session-within-user, equal-user mean",3,20260722;20260723;20260724,22.224504470825195,22.10096549987793,23.570505142211918,77,6097,37856,False
0.22.0,held_sport,outdoor_cycling,evaluation,interval,history_quantile_tcn,0.12.0,,held_sport,joint_user_sport__outdoor_cycling,history_informed,60,0.8,true,picp,"origin-within-session, session-within-user, equal-user mean",3,20260722;20260723;20260724,0.7364339828491211,0.7268355488777161,0.7579491138458252,77,6097,37856,False
0.22.0,held_sport,outdoor_cycling,evaluation,interval,history_quantile_tcn,0.12.0,,held_sport,joint_user_sport__outdoor_cycling,history_informed,60,0.9,false,absolute_coverage_error,"origin-within-session, session-within-user, equal-user mean",3,20260722;20260723;20260724,0.0591388583183288,0.0309866905212402,0.064393663406372,77,6097,37856,False
0.22.0,held_sport,outdoor_cycling,evaluation,interval,history_quantile_tcn,0.12.0,,held_sport,joint_user_sport__outdoor_cycling,history_informed,60,0.9,false,conformal_adjustment_bpm,"origin-within-session, session-within-user, equal-user mean",3,20260722;20260723;20260724,0.0,0.0,0.0,77,6097,37856,False
0.22.0,held_sport,outdoor_cycling,evaluation,interval,history_quantile_tcn,0.12.0,,held_sport,joint_user_sport__outdoor_cycling,history_informed,60,0.9,false,mean_interval_width_bpm,"origin-within-session, session-within-user, equal-user mean",3,20260722;20260723;20260724,28.748634338378903,28.74142074584961,30.75712203979492,77,6097,37856,False
0.22.0,held_sport,outdoor_cycling,evaluation,interval,history_quantile_tcn,0.12.0,,held_sport,joint_user_sport__outdoor_cycling,history_informed,60,0.9,false,picp,"origin-within-session, session-within-user, equal-user mean",3,20260722;20260723;20260724,0.8408611416816711,0.8356063365936279,0.8690133094787598,77,6097,37856,False
0.22.0,held_sport,outdoor_cycling,evaluation,interval,history_quantile_tcn,0.12.0,,held_sport,joint_user_sport__outdoor_cycling,history_informed,60,0.9,true,absolute_coverage_error,"origin-within-session, session-within-user, equal-user mean",3,20260722;20260723;20260724,0.0382538676261902,0.0216224431991577,0.0414247751235962,77,6097,37856,False
0.22.0,held_sport,outdoor_cycling,evaluation,interval,history_quantile_tcn,0.12.0,,held_sport,joint_user_sport__outdoor_cycling,history_informed,60,0.9,true,conformal_adjustment_bpm,"origin-within-session, session-within-user, equal-user mean",3,20260722;20260723;20260724,0.51953125,0.3723907470703125,0.64453125,77,6097,37856,False
0.22.0,held_sport,outdoor_cycling,evaluation,interval,history_quantile_tcn,0.12.0,,held_sport,joint_user_sport__outdoor_cycling,history_informed,60,0.9,true,mean_interval_width_bpm,"origin-within-session, session-within-user, equal-user mean",3,20260722;20260723;20260724,30.03048324584961,29.787660598754883,31.501901626586918,77,6097,37856,False
0.22.0,held_sport,outdoor_cycling,evaluation,interval,history_quantile_tcn,0.12.0,,held_sport,joint_user_sport__outdoor_cycling,history_informed,60,0.9,true,picp,"origin-within-session, session-within-user, equal-user mean",3,20260722;20260723;20260724,0.8617461323738098,0.8585752248764038,0.8783775568008423,77,6097,37856,False
0.22.0,held_sport,outdoor_cycling,evaluation,interval,history_quantile_tcn,0.12.0,,held_sport,joint_user_sport__outdoor_cycling,history_informed,180,0.5,false,absolute_coverage_error,"origin-within-session, session-within-user, equal-user mean",3,20260722;20260723;20260724,0.0702118873596191,0.0387556850910186,0.0751760005950927,77,6097,37856,False
0.22.0,held_sport,outdoor_cycling,evaluation,interval,history_quantile_tcn,0.12.0,,held_sport,joint_user_sport__outdoor_cycling,history_informed,180,0.5,false,conformal_adjustment_bpm,"origin-within-session, session-within-user, equal-user mean",3,20260722;20260723;20260724,0.0,0.0,0.0,77,6097,37856,False
0.22.0,held_sport,outdoor_cycling,evaluation,interval,history_quantile_tcn,0.12.0,,held_sport,joint_user_sport__outdoor_cycling,history_informed,180,0.5,false,mean_interval_width_bpm,"origin-within-session, session-within-user, equal-user mean",3,20260722;20260723;20260724,14.008508682250977,13.921298027038574,14.49501609802246,77,6097,37856,False
0.22.0,held_sport,outdoor_cycling,evaluation,interval,history_quantile_tcn,0.12.0,,held_sport,joint_user_sport__outdoor_cycling,history_informed,180,0.5,false,picp,"origin-within-session, session-within-user, equal-user mean",3,20260722;20260723;20260724,0.4297881126403808,0.4248239994049072,0.4612443149089813,77,6097,37856,False
0.22.0,held_sport,outdoor_cycling,evaluation,interval,history_quantile_tcn,0.12.0,,held_sport,joint_user_sport__outdoor_cycling,history_informed,180,0.5,true,absolute_coverage_error,"origin-within-session, session-within-user, equal-user mean",3,20260722;20260723;20260724,0.0559482872486114,0.0327856242656707,0.0614174604415893,77,6097,37856,False
0.22.0,held_sport,outdoor_cycling,evaluation,interval,history_quantile_tcn,0.12.0,,held_sport,joint_user_sport__outdoor_cycling,history_informed,180,0.5,true,conformal_adjustment_bpm,"origin-within-session, session-within-user, equal-user mean",3,20260722;20260723;20260724,0.16455078125,0.1076202392578125,0.2265625,77,6097,37856,False
0.22.0,held_sport,outdoor_cycling,evaluation,interval,history_quantile_tcn,0.12.0,,held_sport,joint_user_sport__outdoor_cycling,history_informed,180,0.5,true,mean_interval_width_bpm,"origin-within-session, session-within-user, equal-user mean",3,20260722;20260723;20260724,14.461633682250977,14.250399589538574,14.71025562286377,77,6097,37856,False
0.22.0,held_sport,outdoor_cycling,evaluation,interval,history_quantile_tcn,0.12.0,,held_sport,joint_user_sport__outdoor_cycling,history_informed,180,0.5,true,picp,"origin-within-session, session-within-user, equal-user mean",3,20260722;20260723;20260724,0.4440517127513885,0.4385825395584106,0.4672143757343292,77,6097,37856,False
0.22.0,held_sport,outdoor_cycling,evaluation,interval,history_quantile_tcn,0.12.0,,held_sport,joint_user_sport__outdoor_cycling,history_informed,180,0.8,false,absolute_coverage_error,"origin-within-session, session-within-user, equal-user mean",3,20260722;20260723;20260724,0.0570843696594238,0.0331511974334717,0.0633935213088989,77,6097,37856,False
0.22.0,held_sport,outdoor_cycling,evaluation,interval,history_quantile_tcn,0.12.0,,held_sport,joint_user_sport__outdoor_cycling,history_informed,180,0.8,false,conformal_adjustment_bpm,"origin-within-session, session-within-user, equal-user mean",3,20260722;20260723;20260724,0.0,0.0,0.0,77,6097,37856,False
0.22.0,held_sport,outdoor_cycling,evaluation,interval,history_quantile_tcn,0.12.0,,held_sport,joint_user_sport__outdoor_cycling,history_informed,180,0.8,false,mean_interval_width_bpm,"origin-within-session, session-within-user, equal-user mean",3,20260722;20260723;20260724,27.45643424987793,27.250436782836918,28.84048080444336,77,6097,37856,False
0.22.0,held_sport,outdoor_cycling,evaluation,interval,history_quantile_tcn,0.12.0,,held_sport,joint_user_sport__outdoor_cycling,history_informed,180,0.8,false,picp,"origin-within-session, session-within-user, equal-user mean",3,20260722;20260723;20260724,0.7429156303405762,0.7366064786911011,0.7668488025665283,77,6097,37856,False
0.22.0,held_sport,outdoor_cycling,evaluation,interval,history_quantile_tcn,0.12.0,,held_sport,joint_user_sport__outdoor_cycling,history_informed,180,0.8,true,absolute_coverage_error,"origin-within-session, session-within-user, equal-user mean",3,20260722;20260723;20260724,0.0359735369682312,0.0276716232299805,0.0462461590766907,77,6097,37856,False
0.22.0,held_sport,outdoor_cycling,evaluation,interval,history_quantile_tcn,0.12.0,,held_sport,joint_user_sport__outdoor_cycling,history_informed,180,0.8,true,conformal_adjustment_bpm,"origin-within-session, session-within-user, equal-user mean",3,20260722;20260723;20260724,0.302337646484375,0.2265625,0.48828125,77,6097,37856,False
0.22.0,held_sport,outdoor_cycling,evaluation,interval,history_quantile_tcn,0.12.0,,held_sport,joint_user_sport__outdoor_cycling,history_informed,180,0.8,true,mean_interval_width_bpm,"origin-within-session, session-within-user, equal-user mean",3,20260722;20260723;20260724,28.43299674987793,27.85511016845703,29.29360580444336,77,6097,37856,False
0.22.0,held_sport,outdoor_cycling,evaluation,interval,history_quantile_tcn,0.12.0,,held_sport,joint_user_sport__outdoor_cycling,history_informed,180,0.8,true,picp,"origin-within-session, session-within-user, equal-user mean",3,20260722;20260723;20260724,0.7640264630317688,0.7537538409233093,0.7723283767700195,77,6097,37856,False
0.22.0,held_sport,outdoor_cycling,evaluation,interval,history_quantile_tcn,0.12.0,,held_sport,joint_user_sport__outdoor_cycling,history_informed,180,0.9,false,absolute_coverage_error,"origin-within-session, session-within-user, equal-user mean",3,20260722;20260723;20260724,0.0375237703323364,0.0288551092147827,0.0419954895973205,77,6097,37856,False
0.22.0,held_sport,outdoor_cycling,evaluation,interval,history_quantile_tcn,0.12.0,,held_sport,joint_user_sport__outdoor_cycling,history_informed,180,0.9,false,conformal_adjustment_bpm,"origin-within-session, session-within-user, equal-user mean",3,20260722;20260723;20260724,0.0,0.0,0.0,77,6097,37856,False
0.22.0,held_sport,outdoor_cycling,evaluation,interval,history_quantile_tcn,0.12.0,,held_sport,joint_user_sport__outdoor_cycling,history_informed,180,0.9,false,mean_interval_width_bpm,"origin-within-session, session-within-user, equal-user mean",3,20260722;20260723;20260724,36.92282485961914,36.41518020629883,38.47529220581055,77,6097,37856,False
0.22.0,held_sport,outdoor_cycling,evaluation,interval,history_quantile_tcn,0.12.0,,held_sport,joint_user_sport__outdoor_cycling,history_informed,180,0.9,false,picp,"origin-within-session, session-within-user, equal-user mean",3,20260722;20260723;20260724,0.8624762296676636,0.8580045104026794,0.8711448907852173,77,6097,37856,False
0.22.0,held_sport,outdoor_cycling,evaluation,interval,history_quantile_tcn,0.12.0,,held_sport,joint_user_sport__outdoor_cycling,history_informed,180,0.9,true,absolute_coverage_error,"origin-within-session, session-within-user, equal-user mean",3,20260722;20260723;20260724,0.0270514130592346,0.0217628717422485,0.0329572796821594,77,6097,37856,False
0.22.0,held_sport,outdoor_cycling,evaluation,interval,history_quantile_tcn,0.12.0,,held_sport,joint_user_sport__outdoor_cycling,history_informed,180,0.9,true,conformal_adjustment_bpm,"origin-within-session, session-within-user, equal-user mean",3,20260722;20260723;20260724,0.4187469482421875,0.3270111083984375,0.6316986083984375,77,6097,37856,False
0.22.0,held_sport,outdoor_cycling,evaluation,interval,history_quantile_tcn,0.12.0,,held_sport,joint_user_sport__outdoor_cycling,history_informed,180,0.9,true,mean_interval_width_bpm,"origin-within-session, session-within-user, equal-user mean",3,20260722;20260723;20260724,38.186180114746094,37.25264358520508,39.12931060791016,77,6097,37856,False
0.22.0,held_sport,outdoor_cycling,evaluation,interval,history_quantile_tcn,0.12.0,,held_sport,joint_user_sport__outdoor_cycling,history_informed,180,0.9,true,picp,"origin-within-session, session-within-user, equal-user mean",3,20260722;20260723;20260724,0.8729485869407654,0.8670427203178406,0.8782371282577515,77,6097,37856,False
0.22.0,held_sport,outdoor_cycling,evaluation,interval,history_quantile_tcn,0.12.0,,held_sport,joint_user_sport__outdoor_cycling,history_informed,300,0.5,false,absolute_coverage_error,"origin-within-session, session-within-user, equal-user mean",3,20260722;20260723;20260724,0.0539340674877166,0.0405540466308593,0.0761103332042694,77,6097,37856,False
0.22.0,held_sport,outdoor_cycling,evaluation,interval,history_quantile_tcn,0.12.0,,held_sport,joint_user_sport__outdoor_cycling,history_informed,300,0.5,false,conformal_adjustment_bpm,"origin-within-session, session-within-user, equal-user mean",3,20260722;20260723;20260724,0.0,0.0,0.0,77,6097,37856,False
0.22.0,held_sport,outdoor_cycling,evaluation,interval,history_quantile_tcn,0.12.0,,held_sport,joint_user_sport__outdoor_cycling,history_informed,300,0.5,false,mean_interval_width_bpm,"origin-within-session, session-within-user, equal-user mean",3,20260722;20260723;20260724,15.220381736755373,14.632000923156738,15.442997932434082,77,6097,37856,False
0.22.0,held_sport,outdoor_cycling,evaluation,interval,history_quantile_tcn,0.12.0,,held_sport,joint_user_sport__outdoor_cycling,history_informed,300,0.5,false,picp,"origin-within-session, session-within-user, equal-user mean",3,20260722;20260723;20260724,0.4460659325122833,0.4238896667957306,0.4594459533691406,77,6097,37856,False
0.22.0,held_sport,outdoor_cycling,evaluation,interval,history_quantile_tcn,0.12.0,,held_sport,joint_user_sport__outdoor_cycling,history_informed,300,0.5,true,absolute_coverage_error,"origin-within-session, session-within-user, equal-user mean",3,20260722;20260723;20260724,0.0432173013687133,0.0383952260017395,0.0679852366447448,77,6097,37856,False
0.22.0,held_sport,outdoor_cycling,evaluation,interval,history_quantile_tcn,0.12.0,,held_sport,joint_user_sport__outdoor_cycling,history_informed,300,0.5,true,conformal_adjustment_bpm,"origin-within-session, session-within-user, equal-user mean",3,20260722;20260723;20260724,0.1650390625,0.046875,0.1968841552734375,77,6097,37856,False
0.22.0,held_sport,outdoor_cycling,evaluation,interval,history_quantile_tcn,0.12.0,,held_sport,joint_user_sport__outdoor_cycling,history_informed,300,0.5,true,mean_interval_width_bpm,"origin-within-session, session-within-user, equal-user mean",3,20260722;20260723;20260724,15.536747932434082,14.962079048156738,15.614150047302246,77,6097,37856,False
0.22.0,held_sport,outdoor_cycling,evaluation,interval,history_quantile_tcn,0.12.0,,held_sport,joint_user_sport__outdoor_cycling,history_informed,300,0.5,true,picp,"origin-within-session, session-within-user, equal-user mean",3,20260722;20260723;20260724,0.4567826986312866,0.4320147633552551,0.4616047739982605,77,6097,37856,False
0.22.0,held_sport,outdoor_cycling,evaluation,interval,history_quantile_tcn,0.12.0,,held_sport,joint_user_sport__outdoor_cycling,history_informed,300,0.8,false,absolute_coverage_error,"origin-within-session, session-within-user, equal-user mean",3,20260722;20260723;20260724,0.0612284421920776,0.0504892349243164,0.0679417133331299,77,6097,37856,False
0.22.0,held_sport,outdoor_cycling,evaluation,interval,history_quantile_tcn,0.12.0,,held_sport,joint_user_sport__outdoor_cycling,history_informed,300,0.8,false,conformal_adjustment_bpm,"origin-within-session, session-within-user, equal-user mean",3,20260722;20260723;20260724,0.0,0.0,0.0,77,6097,37856,False
0.22.0,held_sport,outdoor_cycling,evaluation,interval,history_quantile_tcn,0.12.0,,held_sport,joint_user_sport__outdoor_cycling,history_informed,300,0.8,false,mean_interval_width_bpm,"origin-within-session, session-within-user, equal-user mean",3,20260722;20260723;20260724,29.833274841308597,29.15312767028809,30.869800567626957,77,6097,37856,False
0.22.0,held_sport,outdoor_cycling,evaluation,interval,history_quantile_tcn,0.12.0,,held_sport,joint_user_sport__outdoor_cycling,history_informed,300,0.8,false,picp,"origin-within-session, session-within-user, equal-user mean",3,20260722;20260723;20260724,0.7387715578079224,0.7320582866668701,0.7495107650756836,77,6097,37856,False
0.22.0,held_sport,outdoor_cycling,evaluation,interval,history_quantile_tcn,0.12.0,,held_sport,joint_user_sport__outdoor_cycling,history_informed,300,0.8,true,absolute_coverage_error,"origin-within-session, session-within-user, equal-user mean",3,20260722;20260723;20260724,0.0462641000747681,0.0446730732917786,0.0586842179298401,77,6097,37856,False
0.22.0,held_sport,outdoor_cycling,evaluation,interval,history_quantile_tcn,0.12.0,,held_sport,joint_user_sport__outdoor_cycling,history_informed,300,0.8,true,conformal_adjustment_bpm,"origin-within-session, session-within-user, equal-user mean",3,20260722;20260723;20260724,0.265625,0.1171875,0.3671875,77,6097,37856,False
0.22.0,held_sport,outdoor_cycling,evaluation,interval,history_quantile_tcn,0.12.0,,held_sport,joint_user_sport__outdoor_cycling,history_informed,300,0.8,true,mean_interval_width_bpm,"origin-within-session, session-within-user, equal-user mean",3,20260722;20260723;20260724,30.567649841308597,29.68437385559082,31.104175567626957,77,6097,37856,False
0.22.0,held_sport,outdoor_cycling,evaluation,interval,history_quantile_tcn,0.12.0,,held_sport,joint_user_sport__outdoor_cycling,history_informed,300,0.8,true,picp,"origin-within-session, session-within-user, equal-user mean",3,20260722;20260723;20260724,0.7537358999252319,0.7413157820701599,0.7553269267082214,77,6097,37856,False
0.22.0,held_sport,outdoor_cycling,evaluation,interval,history_quantile_tcn,0.12.0,,held_sport,joint_user_sport__outdoor_cycling,history_informed,300,0.9,false,absolute_coverage_error,"origin-within-session, session-within-user, equal-user mean",3,20260722;20260723;20260724,0.0507237553596496,0.0394565105438232,0.055106782913208,77,6097,37856,False
0.22.0,held_sport,outdoor_cycling,evaluation,interval,history_quantile_tcn,0.12.0,,held_sport,joint_user_sport__outdoor_cycling,history_informed,300,0.9,false,conformal_adjustment_bpm,"origin-within-session, session-within-user, equal-user mean",3,20260722;20260723;20260724,0.0,0.0,0.0,77,6097,37856,False
0.22.0,held_sport,outdoor_cycling,evaluation,interval,history_quantile_tcn,0.12.0,,held_sport,joint_user_sport__outdoor_cycling,history_informed,300,0.9,false,mean_interval_width_bpm,"origin-within-session, session-within-user, equal-user mean",3,20260722;20260723;20260724,40.20539855957031,39.3991584777832,41.43251419067383,77,6097,37856,False
0.22.0,held_sport,outdoor_cycling,evaluation,interval,history_quantile_tcn,0.12.0,,held_sport,joint_user_sport__outdoor_cycling,history_informed,300,0.9,false,picp,"origin-within-session, session-within-user, equal-user mean",3,20260722;20260723;20260724,0.8492762446403503,0.844893217086792,0.8605434894561768,77,6097,37856,False
0.22.0,held_sport,outdoor_cycling,evaluation,interval,history_quantile_tcn,0.12.0,,held_sport,joint_user_sport__outdoor_cycling,history_informed,300,0.9,true,absolute_coverage_error,"origin-within-session, session-within-user, equal-user mean",3,20260722;20260723;20260724,0.0413282752037048,0.0340892910957336,0.0454349756240844,77,6097,37856,False
0.22.0,held_sport,outdoor_cycling,evaluation,interval,history_quantile_tcn,0.12.0,,held_sport,joint_user_sport__outdoor_cycling,history_informed,300,0.9,true,conformal_adjustment_bpm,"origin-within-session, session-within-user, equal-user mean",3,20260722;20260723;20260724,0.4622421264648437,0.338775634765625,0.640625,77,6097,37856,False
0.22.0,held_sport,outdoor_cycling,evaluation,interval,history_quantile_tcn,0.12.0,,held_sport,joint_user_sport__outdoor_cycling,history_informed,300,0.9,true,mean_interval_width_bpm,"origin-within-session, session-within-user, equal-user mean",3,20260722;20260723;20260724,41.48660659790039,40.32363128662109,42.11006546020508,77,6097,37856,False
0.22.0,held_sport,outdoor_cycling,evaluation,interval,history_quantile_tcn,0.12.0,,held_sport,joint_user_sport__outdoor_cycling,history_informed,300,0.9,true,picp,"origin-within-session, session-within-user, equal-user mean",3,20260722;20260723;20260724,0.8586717247962952,0.8545650243759155,0.8659107089042664,77,6097,37856,False
0.22.0,held_sport,outdoor_cycling,evaluation,interval,history_quantile_tcn,0.12.0,,held_sport,joint_user_sport__outdoor_cycling,zero_history,60,0.5,false,absolute_coverage_error,"origin-within-session, session-within-user, equal-user mean",3,20260722;20260723;20260724,0.0910183787345886,0.0759193003177642,0.1238719522953033,77,6097,37856,False
0.22.0,held_sport,outdoor_cycling,evaluation,interval,history_quantile_tcn,0.12.0,,held_sport,joint_user_sport__outdoor_cycling,zero_history,60,0.5,false,conformal_adjustment_bpm,"origin-within-session, session-within-user, equal-user mean",3,20260722;20260723;20260724,0.0,0.0,0.0,77,6097,37856,False
0.22.0,held_sport,outdoor_cycling,evaluation,interval,history_quantile_tcn,0.12.0,,held_sport,joint_user_sport__outdoor_cycling,zero_history,60,0.5,false,mean_interval_width_bpm,"origin-within-session, session-within-user, equal-user mean",3,20260722;20260723;20260724,11.060644149780272,10.33738613128662,11.659584999084473,77,6097,37856,False
0.22.0,held_sport,outdoor_cycling,evaluation,interval,history_quantile_tcn,0.12.0,,held_sport,joint_user_sport__outdoor_cycling,zero_history,60,0.5,false,picp,"origin-within-session, session-within-user, equal-user mean",3,20260722;20260723;20260724,0.4089816212654114,0.3761280477046966,0.4240806996822357,77,6097,37856,False
0.22.0,held_sport,outdoor_cycling,evaluation,interval,history_quantile_tcn,0.12.0,,held_sport,joint_user_sport__outdoor_cycling,zero_history,60,0.5,true,absolute_coverage_error,"origin-within-session, session-within-user, equal-user mean",3,20260722;20260723;20260724,0.072850614786148,0.0551473498344421,0.0981065034866333,77,6097,37856,False
0.22.0,held_sport,outdoor_cycling,evaluation,interval,history_quantile_tcn,0.12.0,,held_sport,joint_user_sport__outdoor_cycling,zero_history,60,0.5,true,conformal_adjustment_bpm,"origin-within-session, session-within-user, equal-user mean",3,20260722;20260723;20260724,0.2064971923828125,0.1630859375,0.302001953125,77,6097,37856,False
0.22.0,held_sport,outdoor_cycling,evaluation,interval,history_quantile_tcn,0.12.0,,held_sport,joint_user_sport__outdoor_cycling,zero_history,60,0.5,true,mean_interval_width_bpm,"origin-within-session, session-within-user, equal-user mean",3,20260722;20260723;20260724,11.473639488220217,10.94139003753662,11.985756874084473,77,6097,37856,False
0.22.0,held_sport,outdoor_cycling,evaluation,interval,history_quantile_tcn,0.12.0,,held_sport,joint_user_sport__outdoor_cycling,zero_history,60,0.5,true,picp,"origin-within-session, session-within-user, equal-user mean",3,20260722;20260723;20260724,0.4271493852138519,0.4018934965133667,0.4448526501655578,77,6097,37856,False
0.22.0,held_sport,outdoor_cycling,evaluation,interval,history_quantile_tcn,0.12.0,,held_sport,joint_user_sport__outdoor_cycling,zero_history,60,0.8,false,absolute_coverage_error,"origin-within-session, session-within-user, equal-user mean",3,20260722;20260723;20260724,0.1122127056121826,0.0813481688499451,0.1305428624153137,77,6097,37856,False
0.22.0,held_sport,outdoor_cycling,evaluation,interval,history_quantile_tcn,0.12.0,,held_sport,joint_user_sport__outdoor_cycling,zero_history,60,0.8,false,conformal_adjustment_bpm,"origin-within-session, session-within-user, equal-user mean",3,20260722;20260723;20260724,0.0,0.0,0.0,77,6097,37856,False
0.22.0,held_sport,outdoor_cycling,evaluation,interval,history_quantile_tcn,0.12.0,,held_sport,joint_user_sport__outdoor_cycling,zero_history,60,0.8,false,mean_interval_width_bpm,"origin-within-session, session-within-user, equal-user mean",3,20260722;20260723;20260724,20.71288681030273,19.463533401489254,21.88072395324707,77,6097,37856,False
0.22.0,held_sport,outdoor_cycling,evaluation,interval,history_quantile_tcn,0.12.0,,held_sport,joint_user_sport__outdoor_cycling,zero_history,60,0.8,false,picp,"origin-within-session, session-within-user, equal-user mean",3,20260722;20260723;20260724,0.6877872943878174,0.6694571375846863,0.7186518311500549,77,6097,37856,False
0.22.0,held_sport,outdoor_cycling,evaluation,interval,history_quantile_tcn,0.12.0,,held_sport,joint_user_sport__outdoor_cycling,zero_history,60,0.8,true,absolute_coverage_error,"origin-within-session, session-within-user, equal-user mean",3,20260722;20260723;20260724,0.0847065329551697,0.0688423991203308,0.0917290925979614,77,6097,37856,False
0.22.0,held_sport,outdoor_cycling,evaluation,interval,history_quantile_tcn,0.12.0,,held_sport,joint_user_sport__outdoor_cycling,zero_history,60,0.8,true,conformal_adjustment_bpm,"origin-within-session, session-within-user, equal-user mean",3,20260722;20260723;20260724,0.4542999267578125,0.3021697998046875,0.76953125,77,6097,37856,False
0.22.0,held_sport,outdoor_cycling,evaluation,interval,history_quantile_tcn,0.12.0,,held_sport,joint_user_sport__outdoor_cycling,zero_history,60,0.8,true,mean_interval_width_bpm,"origin-within-session, session-within-user, equal-user mean",3,20260722;20260723;20260724,21.621482849121094,21.002595901489254,22.485063552856445,77,6097,37856,False
0.22.0,held_sport,outdoor_cycling,evaluation,interval,history_quantile_tcn,0.12.0,,held_sport,joint_user_sport__outdoor_cycling,zero_history,60,0.8,true,picp,"origin-within-session, session-within-user, equal-user mean",3,20260722;20260723;20260724,0.7152934670448303,0.7082709074020386,0.7311576008796692,77,6097,37856,False
0.22.0,held_sport,outdoor_cycling,evaluation,interval,history_quantile_tcn,0.12.0,,held_sport,joint_user_sport__outdoor_cycling,zero_history,60,0.9,false,absolute_coverage_error,"origin-within-session, session-within-user, equal-user mean",3,20260722;20260723;20260724,0.0760759353637695,0.0607860922813415,0.1035789489746094,77,6097,37856,False
0.22.0,held_sport,outdoor_cycling,evaluation,interval,history_quantile_tcn,0.12.0,,held_sport,joint_user_sport__outdoor_cycling,zero_history,60,0.9,false,conformal_adjustment_bpm,"origin-within-session, session-within-user, equal-user mean",3,20260722;20260723;20260724,0.0,0.0,0.0,77,6097,37856,False
0.22.0,held_sport,outdoor_cycling,evaluation,interval,history_quantile_tcn,0.12.0,,held_sport,joint_user_sport__outdoor_cycling,zero_history,60,0.9,false,mean_interval_width_bpm,"origin-within-session, session-within-user, equal-user mean",3,20260722;20260723;20260724,27.622159957885746,26.066570281982425,28.704551696777344,77,6097,37856,False
0.22.0,held_sport,outdoor_cycling,evaluation,interval,history_quantile_tcn,0.12.0,,held_sport,joint_user_sport__outdoor_cycling,zero_history,60,0.9,false,picp,"origin-within-session, session-within-user, equal-user mean",3,20260722;20260723;20260724,0.8239240646362305,0.7964210510253906,0.8392139077186584,77,6097,37856,False
0.22.0,held_sport,outdoor_cycling,evaluation,interval,history_quantile_tcn,0.12.0,,held_sport,joint_user_sport__outdoor_cycling,zero_history,60,0.9,true,absolute_coverage_error,"origin-within-session, session-within-user, equal-user mean",3,20260722;20260723;20260724,0.058349871635437,0.0469069719314575,0.0695098876953125,77,6097,37856,False
0.22.0,held_sport,outdoor_cycling,evaluation,interval,history_quantile_tcn,0.12.0,,held_sport,joint_user_sport__outdoor_cycling,zero_history,60,0.9,true,conformal_adjustment_bpm,"origin-within-session, session-within-user, equal-user mean",3,20260722;20260723;20260724,0.5812530517578125,0.4765625,1.037109375,77,6097,37856,False
0.22.0,held_sport,outdoor_cycling,evaluation,interval,history_quantile_tcn,0.12.0,,held_sport,joint_user_sport__outdoor_cycling,zero_history,60,0.9,true,mean_interval_width_bpm,"origin-within-session, session-within-user, equal-user mean",3,20260722;20260723;20260724,28.78463554382324,28.140792846679688,29.657676696777344,77,6097,37856,False
0.22.0,held_sport,outdoor_cycling,evaluation,interval,history_quantile_tcn,0.12.0,,held_sport,joint_user_sport__outdoor_cycling,zero_history,60,0.9,true,picp,"origin-within-session, session-within-user, equal-user mean",3,20260722;20260723;20260724,0.841650128364563,0.8304901123046875,0.8530930280685425,77,6097,37856,False
0.22.0,held_sport,outdoor_cycling,evaluation,interval,history_quantile_tcn,0.12.0,,held_sport,joint_user_sport__outdoor_cycling,zero_history,180,0.5,false,absolute_coverage_error,"origin-within-session, session-within-user, equal-user mean",3,20260722;20260723;20260724,0.0828003287315368,0.0615181922912597,0.107006549835205,77,6097,37856,False
0.22.0,held_sport,outdoor_cycling,evaluation,interval,history_quantile_tcn,0.12.0,,held_sport,joint_user_sport__outdoor_cycling,zero_history,180,0.5,false,conformal_adjustment_bpm,"origin-within-session, session-within-user, equal-user mean",3,20260722;20260723;20260724,0.0,0.0,0.0,77,6097,37856,False
0.22.0,held_sport,outdoor_cycling,evaluation,interval,history_quantile_tcn,0.12.0,,held_sport,joint_user_sport__outdoor_cycling,zero_history,180,0.5,false,mean_interval_width_bpm,"origin-within-session, session-within-user, equal-user mean",3,20260722;20260723;20260724,13.405059814453123,12.799956321716309,13.475688934326172,77,6097,37856,False
0.22.0,held_sport,outdoor_cycling,evaluation,interval,history_quantile_tcn,0.12.0,,held_sport,joint_user_sport__outdoor_cycling,zero_history,180,0.5,false,picp,"origin-within-session, session-within-user, equal-user mean",3,20260722;20260723;20260724,0.4171996712684631,0.3929934501647949,0.4384818077087402,77,6097,37856,False
0.22.0,held_sport,outdoor_cycling,evaluation,interval,history_quantile_tcn,0.12.0,,held_sport,joint_user_sport__outdoor_cycling,zero_history,180,0.5,true,absolute_coverage_error,"origin-within-session, session-within-user, equal-user mean",3,20260722;20260723;20260724,0.0712238252162933,0.0490018129348754,0.0713054537773132,77,6097,37856,False
0.22.0,held_sport,outdoor_cycling,evaluation,interval,history_quantile_tcn,0.12.0,,held_sport,joint_user_sport__outdoor_cycling,zero_history,180,0.5,true,conformal_adjustment_bpm,"origin-within-session, session-within-user, equal-user mean",3,20260722;20260723;20260724,0.2109375,0.1893844604492187,0.38946533203125,77,6097,37856,False
0.22.0,held_sport,outdoor_cycling,evaluation,interval,history_quantile_tcn,0.12.0,,held_sport,joint_user_sport__outdoor_cycling,zero_history,180,0.5,true,mean_interval_width_bpm,"origin-within-session, session-within-user, equal-user mean",3,20260722;20260723;20260724,13.826934814453123,13.578887939453123,13.85446834564209,77,6097,37856,False
0.22.0,held_sport,outdoor_cycling,evaluation,interval,history_quantile_tcn,0.12.0,,held_sport,joint_user_sport__outdoor_cycling,zero_history,180,0.5,true,picp,"origin-within-session, session-within-user, equal-user mean",3,20260722;20260723;20260724,0.4287761747837066,0.4286945462226867,0.4509981870651245,77,6097,37856,False
0.22.0,held_sport,outdoor_cycling,evaluation,interval,history_quantile_tcn,0.12.0,,held_sport,joint_user_sport__outdoor_cycling,zero_history,180,0.8,false,absolute_coverage_error,"origin-within-session, session-within-user, equal-user mean",3,20260722;20260723;20260724,0.0866058945655823,0.0692111134529114,0.0981032729148865,77,6097,37856,False
0.22.0,held_sport,outdoor_cycling,evaluation,interval,history_quantile_tcn,0.12.0,,held_sport,joint_user_sport__outdoor_cycling,zero_history,180,0.8,false,conformal_adjustment_bpm,"origin-within-session, session-within-user, equal-user mean",3,20260722;20260723;20260724,0.0,0.0,0.0,77,6097,37856,False
0.22.0,held_sport,outdoor_cycling,evaluation,interval,history_quantile_tcn,0.12.0,,held_sport,joint_user_sport__outdoor_cycling,zero_history,180,0.8,false,mean_interval_width_bpm,"origin-within-session, session-within-user, equal-user mean",3,20260722;20260723;20260724,25.849760055541992,24.889110565185547,26.663503646850582,77,6097,37856,False
0.22.0,held_sport,outdoor_cycling,evaluation,interval,history_quantile_tcn,0.12.0,,held_sport,joint_user_sport__outdoor_cycling,zero_history,180,0.8,false,picp,"origin-within-session, session-within-user, equal-user mean",3,20260722;20260723;20260724,0.7133941054344177,0.7018967270851135,0.7307888865470886,77,6097,37856,False
0.22.0,held_sport,outdoor_cycling,evaluation,interval,history_quantile_tcn,0.12.0,,held_sport,joint_user_sport__outdoor_cycling,zero_history,180,0.8,true,absolute_coverage_error,"origin-within-session, session-within-user, equal-user mean",3,20260722;20260723;20260724,0.0723819017410278,0.0590612173080444,0.0736102938652039,77,6097,37856,False
0.22.0,held_sport,outdoor_cycling,evaluation,interval,history_quantile_tcn,0.12.0,,held_sport,joint_user_sport__outdoor_cycling,zero_history,180,0.8,true,conformal_adjustment_bpm,"origin-within-session, session-within-user, equal-user mean",3,20260722;20260723;20260724,0.33984375,0.2766876220703125,0.75,77,6097,37856,False
0.22.0,held_sport,outdoor_cycling,evaluation,interval,history_quantile_tcn,0.12.0,,held_sport,joint_user_sport__outdoor_cycling,zero_history,180,0.8,true,mean_interval_width_bpm,"origin-within-session, session-within-user, equal-user mean",3,20260722;20260723;20260724,26.529443740844727,26.389110565185547,27.21687889099121,77,6097,37856,False
0.22.0,held_sport,outdoor_cycling,evaluation,interval,history_quantile_tcn,0.12.0,,held_sport,joint_user_sport__outdoor_cycling,zero_history,180,0.8,true,picp,"origin-within-session, session-within-user, equal-user mean",3,20260722;20260723;20260724,0.7276180982589722,0.7263897061347961,0.7409387826919556,77,6097,37856,False
0.22.0,held_sport,outdoor_cycling,evaluation,interval,history_quantile_tcn,0.12.0,,held_sport,joint_user_sport__outdoor_cycling,zero_history,180,0.9,false,absolute_coverage_error,"origin-within-session, session-within-user, equal-user mean",3,20260722;20260723;20260724,0.064493978023529,0.0556260585784912,0.0774325966835022,77,6097,37856,False
0.22.0,held_sport,outdoor_cycling,evaluation,interval,history_quantile_tcn,0.12.0,,held_sport,joint_user_sport__outdoor_cycling,zero_history,180,0.9,false,conformal_adjustment_bpm,"origin-within-session, session-within-user, equal-user mean",3,20260722;20260723;20260724,0.0,0.0,0.0,77,6097,37856,False
0.22.0,held_sport,outdoor_cycling,evaluation,interval,history_quantile_tcn,0.12.0,,held_sport,joint_user_sport__outdoor_cycling,zero_history,180,0.9,false,mean_interval_width_bpm,"origin-within-session, session-within-user, equal-user mean",3,20260722;20260723;20260724,34.40891647338867,33.20234298706055,35.309356689453125,77,6097,37856,False
0.22.0,held_sport,outdoor_cycling,evaluation,interval,history_quantile_tcn,0.12.0,,held_sport,joint_user_sport__outdoor_cycling,zero_history,180,0.9,false,picp,"origin-within-session, session-within-user, equal-user mean",3,20260722;20260723;20260724,0.835506021976471,0.8225674033164978,0.8443739414215088,77,6097,37856,False
0.22.0,held_sport,outdoor_cycling,evaluation,interval,history_quantile_tcn,0.12.0,,held_sport,joint_user_sport__outdoor_cycling,zero_history,180,0.9,true,absolute_coverage_error,"origin-within-session, session-within-user, equal-user mean",3,20260722;20260723;20260724,0.0528278589248657,0.043699049949646,0.0531705260276794,77,6097,37856,False
0.22.0,held_sport,outdoor_cycling,evaluation,interval,history_quantile_tcn,0.12.0,,held_sport,joint_user_sport__outdoor_cycling,zero_history,180,0.9,true,conformal_adjustment_bpm,"origin-within-session, session-within-user, equal-user mean",3,20260722;20260723;20260724,0.4375,0.40234375,1.01953125,77,6097,37856,False
0.22.0,held_sport,outdoor_cycling,evaluation,interval,history_quantile_tcn,0.12.0,,held_sport,joint_user_sport__outdoor_cycling,zero_history,180,0.9,true,mean_interval_width_bpm,"origin-within-session, session-within-user, equal-user mean",3,20260722;20260723;20260724,35.28388977050781,35.24134063720703,36.114044189453125,77,6097,37856,False
0.22.0,held_sport,outdoor_cycling,evaluation,interval,history_quantile_tcn,0.12.0,,held_sport,joint_user_sport__outdoor_cycling,zero_history,180,0.9,true,picp,"origin-within-session, session-within-user, equal-user mean",3,20260722;20260723;20260724,0.8471721410751343,0.8468294739723206,0.856300950050354,77,6097,37856,False
0.22.0,held_sport,outdoor_cycling,evaluation,interval,history_quantile_tcn,0.12.0,,held_sport,joint_user_sport__outdoor_cycling,zero_history,300,0.5,false,absolute_coverage_error,"origin-within-session, session-within-user, equal-user mean",3,20260722;20260723;20260724,0.0988031327724456,0.0818026065826416,0.1072705090045929,77,6097,37856,False
0.22.0,held_sport,outdoor_cycling,evaluation,interval,history_quantile_tcn,0.12.0,,held_sport,joint_user_sport__outdoor_cycling,zero_history,300,0.5,false,conformal_adjustment_bpm,"origin-within-session, session-within-user, equal-user mean",3,20260722;20260723;20260724,0.0,0.0,0.0,77,6097,37856,False
0.22.0,held_sport,outdoor_cycling,evaluation,interval,history_quantile_tcn,0.12.0,,held_sport,joint_user_sport__outdoor_cycling,zero_history,300,0.5,false,mean_interval_width_bpm,"origin-within-session, session-within-user, equal-user mean",3,20260722;20260723;20260724,13.70766544342041,13.707378387451172,14.365456581115724,77,6097,37856,False
0.22.0,held_sport,outdoor_cycling,evaluation,interval,history_quantile_tcn,0.12.0,,held_sport,joint_user_sport__outdoor_cycling,zero_history,300,0.5,false,picp,"origin-within-session, session-within-user, equal-user mean",3,20260722;20260723;20260724,0.4011968672275543,0.3927294909954071,0.4181973934173584,77,6097,37856,False
0.22.0,held_sport,outdoor_cycling,evaluation,interval,history_quantile_tcn,0.12.0,,held_sport,joint_user_sport__outdoor_cycling,zero_history,300,0.5,true,absolute_coverage_error,"origin-within-session, session-within-user, equal-user mean",3,20260722;20260723;20260724,0.0849348902702331,0.0696091949939727,0.0880180597305297,77,6097,37856,False
0.22.0,held_sport,outdoor_cycling,evaluation,interval,history_quantile_tcn,0.12.0,,held_sport,joint_user_sport__outdoor_cycling,zero_history,300,0.5,true,conformal_adjustment_bpm,"origin-within-session, session-within-user, equal-user mean",3,20260722;20260723;20260724,0.265625,0.1514434814453125,0.3644256591796875,77,6097,37856,False
0.22.0,held_sport,outdoor_cycling,evaluation,interval,history_quantile_tcn,0.12.0,,held_sport,joint_user_sport__outdoor_cycling,zero_history,300,0.5,true,mean_interval_width_bpm,"origin-within-session, session-within-user, equal-user mean",3,20260722;20260723;20260724,14.436516761779783,14.238628387451172,14.668341636657717,77,6097,37856,False
0.22.0,held_sport,outdoor_cycling,evaluation,interval,history_quantile_tcn,0.12.0,,held_sport,joint_user_sport__outdoor_cycling,zero_history,300,0.5,true,picp,"origin-within-session, session-within-user, equal-user mean",3,20260722;20260723;20260724,0.4150651097297668,0.4119819402694702,0.4303908050060272,77,6097,37856,False
0.22.0,held_sport,outdoor_cycling,evaluation,interval,history_quantile_tcn,0.12.0,,held_sport,joint_user_sport__outdoor_cycling,zero_history,300,0.8,false,absolute_coverage_error,"origin-within-session, session-within-user, equal-user mean",3,20260722;20260723;20260724,0.1003177642822266,0.0897871732711792,0.1076962828636169,77,6097,37856,False
0.22.0,held_sport,outdoor_cycling,evaluation,interval,history_quantile_tcn,0.12.0,,held_sport,joint_user_sport__outdoor_cycling,zero_history,300,0.8,false,conformal_adjustment_bpm,"origin-within-session, session-within-user, equal-user mean",3,20260722;20260723;20260724,0.0,0.0,0.0,77,6097,37856,False
0.22.0,held_sport,outdoor_cycling,evaluation,interval,history_quantile_tcn,0.12.0,,held_sport,joint_user_sport__outdoor_cycling,zero_history,300,0.8,false,mean_interval_width_bpm,"origin-within-session, session-within-user, equal-user mean",3,20260722;20260723;20260724,27.34544944763184,26.725709915161133,28.454954147338867,77,6097,37856,False
0.22.0,held_sport,outdoor_cycling,evaluation,interval,history_quantile_tcn,0.12.0,,held_sport,joint_user_sport__outdoor_cycling,zero_history,300,0.8,false,picp,"origin-within-session, session-within-user, equal-user mean",3,20260722;20260723;20260724,0.6996822357177734,0.6923037171363831,0.7102128267288208,77,6097,37856,False
0.22.0,held_sport,outdoor_cycling,evaluation,interval,history_quantile_tcn,0.12.0,,held_sport,joint_user_sport__outdoor_cycling,zero_history,300,0.8,true,absolute_coverage_error,"origin-within-session, session-within-user, equal-user mean",3,20260722;20260723;20260724,0.0876412272453308,0.0847799062728882,0.0878571748733521,77,6097,37856,False
0.22.0,held_sport,outdoor_cycling,evaluation,interval,history_quantile_tcn,0.12.0,,held_sport,joint_user_sport__outdoor_cycling,zero_history,300,0.8,true,conformal_adjustment_bpm,"origin-within-session, session-within-user, equal-user mean",3,20260722;20260723;20260724,0.34375,0.1363677978515625,0.613006591796875,77,6097,37856,False
0.22.0,held_sport,outdoor_cycling,evaluation,interval,history_quantile_tcn,0.12.0,,held_sport,joint_user_sport__outdoor_cycling,zero_history,300,0.8,true,mean_interval_width_bpm,"origin-within-session, session-within-user, equal-user mean",3,20260722;20260723;20260724,28.03294944763184,27.95172119140625,28.727691650390625,77,6097,37856,False
0.22.0,held_sport,outdoor_cycling,evaluation,interval,history_quantile_tcn,0.12.0,,held_sport,joint_user_sport__outdoor_cycling,zero_history,300,0.8,true,picp,"origin-within-session, session-within-user, equal-user mean",3,20260722;20260723;20260724,0.7123587727546692,0.712142825126648,0.7152200937271118,77,6097,37856,False
0.22.0,held_sport,outdoor_cycling,evaluation,interval,history_quantile_tcn,0.12.0,,held_sport,joint_user_sport__outdoor_cycling,zero_history,300,0.9,false,absolute_coverage_error,"origin-within-session, session-within-user, equal-user mean",3,20260722;20260723;20260724,0.0784543395042419,0.0674644351005554,0.0839936375617981,77,6097,37856,False
0.22.0,held_sport,outdoor_cycling,evaluation,interval,history_quantile_tcn,0.12.0,,held_sport,joint_user_sport__outdoor_cycling,zero_history,300,0.9,false,conformal_adjustment_bpm,"origin-within-session, session-within-user, equal-user mean",3,20260722;20260723;20260724,0.0,0.0,0.0,77,6097,37856,False
0.22.0,held_sport,outdoor_cycling,evaluation,interval,history_quantile_tcn,0.12.0,,held_sport,joint_user_sport__outdoor_cycling,zero_history,300,0.9,false,mean_interval_width_bpm,"origin-within-session, session-within-user, equal-user mean",3,20260722;20260723;20260724,36.85564422607422,35.93994140625,37.955963134765625,77,6097,37856,False
0.22.0,held_sport,outdoor_cycling,evaluation,interval,history_quantile_tcn,0.12.0,,held_sport,joint_user_sport__outdoor_cycling,zero_history,300,0.9,false,picp,"origin-within-session, session-within-user, equal-user mean",3,20260722;20260723;20260724,0.8215456604957581,0.8160063624382019,0.8325355648994446,77,6097,37856,False
0.22.0,held_sport,outdoor_cycling,evaluation,interval,history_quantile_tcn,0.12.0,,held_sport,joint_user_sport__outdoor_cycling,zero_history,300,0.9,true,absolute_coverage_error,"origin-within-session, session-within-user, equal-user mean",3,20260722;20260723;20260724,0.060558819770813,0.0586019396781921,0.066720986366272,77,6097,37856,False
0.22.0,held_sport,outdoor_cycling,evaluation,interval,history_quantile_tcn,0.12.0,,held_sport,joint_user_sport__outdoor_cycling,zero_history,300,0.9,true,conformal_adjustment_bpm,"origin-within-session, session-within-user, equal-user mean",3,20260722;20260723;20260724,0.5260467529296875,0.4343719482421875,0.953125,77,6097,37856,False
0.22.0,held_sport,outdoor_cycling,evaluation,interval,history_quantile_tcn,0.12.0,,held_sport,joint_user_sport__outdoor_cycling,zero_history,300,0.9,true,mean_interval_width_bpm,"origin-within-session, session-within-user, equal-user mean",3,20260722;20260723;20260724,37.9077033996582,37.84613037109375,38.82470703125,77,6097,37856,False
0.22.0,held_sport,outdoor_cycling,evaluation,interval,history_quantile_tcn,0.12.0,,held_sport,joint_user_sport__outdoor_cycling,zero_history,300,0.9,true,picp,"origin-within-session, session-within-user, equal-user mean",3,20260722;20260723;20260724,0.839441180229187,0.833279013633728,0.8413980603218079,77,6097,37856,False
0.22.0,held_sport,outdoor_cycling,evaluation,interval,history_quantile_tcn,0.12.0,,held_sport,unseen_sport__outdoor_cycling,history_informed,60,0.5,false,absolute_coverage_error,"origin-within-session, session-within-user, equal-user mean",3,20260722;20260723;20260724,0.0617507100105285,0.0316028296947479,0.074798434972763,452,40943,236748,False
0.22.0,held_sport,outdoor_cycling,evaluation,interval,history_quantile_tcn,0.12.0,,held_sport,unseen_sport__outdoor_cycling,history_informed,60,0.5,false,conformal_adjustment_bpm,"origin-within-session, session-within-user, equal-user mean",3,20260722;20260723;20260724,0.0,0.0,0.0,452,40943,236748,False
0.22.0,held_sport,outdoor_cycling,evaluation,interval,history_quantile_tcn,0.12.0,,held_sport,unseen_sport__outdoor_cycling,history_informed,60,0.5,false,mean_interval_width_bpm,"origin-within-session, session-within-user, equal-user mean",3,20260722;20260723;20260724,11.226203918457031,10.81879425048828,12.087879180908203,452,40943,236748,False
0.22.0,held_sport,outdoor_cycling,evaluation,interval,history_quantile_tcn,0.12.0,,held_sport,unseen_sport__outdoor_cycling,history_informed,60,0.5,false,picp,"origin-within-session, session-within-user, equal-user mean",3,20260722;20260723;20260724,0.4382492899894714,0.4252015650272369,0.4683971703052521,452,40943,236748,False
0.22.0,held_sport,outdoor_cycling,evaluation,interval,history_quantile_tcn,0.12.0,,held_sport,unseen_sport__outdoor_cycling,history_informed,60,0.5,true,absolute_coverage_error,"origin-within-session, session-within-user, equal-user mean",3,20260722;20260723;20260724,0.0449825823307037,0.0215276777744293,0.05526003241539,452,40943,236748,False
0.22.0,held_sport,outdoor_cycling,evaluation,interval,history_quantile_tcn,0.12.0,,held_sport,unseen_sport__outdoor_cycling,history_informed,60,0.5,true,conformal_adjustment_bpm,"origin-within-session, session-within-user, equal-user mean",3,20260722;20260723;20260724,0.2001953125,0.1326141357421875,0.20166015625,452,40943,236748,False
0.22.0,held_sport,outdoor_cycling,evaluation,interval,history_quantile_tcn,0.12.0,,held_sport,unseen_sport__outdoor_cycling,history_informed,60,0.5,true,mean_interval_width_bpm,"origin-within-session, session-within-user, equal-user mean",3,20260722;20260723;20260724,11.626582145690918,11.222103118896484,12.35309886932373,452,40943,236748,False
0.22.0,held_sport,outdoor_cycling,evaluation,interval,history_quantile_tcn,0.12.0,,held_sport,unseen_sport__outdoor_cycling,history_informed,60,0.5,true,picp,"origin-within-session, session-within-user, equal-user mean",3,20260722;20260723;20260724,0.4550174176692962,0.44473996758461,0.4784723222255707,452,40943,236748,False
0.22.0,held_sport,outdoor_cycling,evaluation,interval,history_quantile_tcn,0.12.0,,held_sport,unseen_sport__outdoor_cycling,history_informed,60,0.8,false,absolute_coverage_error,"origin-within-session, session-within-user, equal-user mean",3,20260722;20260723;20260724,0.0794193625450134,0.0406899333000183,0.0829684615135193,452,40943,236748,False
0.22.0,held_sport,outdoor_cycling,evaluation,interval,history_quantile_tcn,0.12.0,,held_sport,unseen_sport__outdoor_cycling,history_informed,60,0.8,false,conformal_adjustment_bpm,"origin-within-session, session-within-user, equal-user mean",3,20260722;20260723;20260724,0.0,0.0,0.0,452,40943,236748,False
0.22.0,held_sport,outdoor_cycling,evaluation,interval,history_quantile_tcn,0.12.0,,held_sport,unseen_sport__outdoor_cycling,history_informed,60,0.8,false,mean_interval_width_bpm,"origin-within-session, session-within-user, equal-user mean",3,20260722;20260723;20260724,21.566272735595703,21.044824600219727,23.288986206054688,452,40943,236748,False
0.22.0,held_sport,outdoor_cycling,evaluation,interval,history_quantile_tcn,0.12.0,,held_sport,unseen_sport__outdoor_cycling,history_informed,60,0.8,false,picp,"origin-within-session, session-within-user, equal-user mean",3,20260722;20260723;20260724,0.7205806374549866,0.7170315384864807,0.7593100666999817,452,40943,236748,False
0.22.0,held_sport,outdoor_cycling,evaluation,interval,history_quantile_tcn,0.12.0,,held_sport,unseen_sport__outdoor_cycling,history_informed,60,0.8,true,absolute_coverage_error,"origin-within-session, session-within-user, equal-user mean",3,20260722;20260723;20260724,0.0601189613342285,0.0316141128540039,0.0629607319831848,452,40943,236748,False
0.22.0,held_sport,outdoor_cycling,evaluation,interval,history_quantile_tcn,0.12.0,,held_sport,unseen_sport__outdoor_cycling,history_informed,60,0.8,true,conformal_adjustment_bpm,"origin-within-session, session-within-user, equal-user mean",3,20260722;20260723;20260724,0.384765625,0.203125,0.4877166748046875,452,40943,236748,False
0.22.0,held_sport,outdoor_cycling,evaluation,interval,history_quantile_tcn,0.12.0,,held_sport,unseen_sport__outdoor_cycling,history_informed,60,0.8,true,mean_interval_width_bpm,"origin-within-session, session-within-user, equal-user mean",3,20260722;20260723;20260724,22.54158973693848,21.814292907714844,23.69518280029297,452,40943,236748,False
0.22.0,held_sport,outdoor_cycling,evaluation,interval,history_quantile_tcn,0.12.0,,held_sport,unseen_sport__outdoor_cycling,history_informed,60,0.8,true,picp,"origin-within-session, session-within-user, equal-user mean",3,20260722;20260723;20260724,0.7398810386657715,0.7370392680168152,0.7683858871459961,452,40943,236748,False
0.22.0,held_sport,outdoor_cycling,evaluation,interval,history_quantile_tcn,0.12.0,,held_sport,unseen_sport__outdoor_cycling,history_informed,60,0.9,false,absolute_coverage_error,"origin-within-session, session-within-user, equal-user mean",3,20260722;20260723;20260724,0.0598197221755981,0.0334682703018188,0.0624423861503601,452,40943,236748,False
0.22.0,held_sport,outdoor_cycling,evaluation,interval,history_quantile_tcn,0.12.0,,held_sport,unseen_sport__outdoor_cycling,history_informed,60,0.9,false,conformal_adjustment_bpm,"origin-within-session, session-within-user, equal-user mean",3,20260722;20260723;20260724,0.0,0.0,0.0,452,40943,236748,False
0.22.0,held_sport,outdoor_cycling,evaluation,interval,history_quantile_tcn,0.12.0,,held_sport,unseen_sport__outdoor_cycling,history_informed,60,0.9,false,mean_interval_width_bpm,"origin-within-session, session-within-user, equal-user mean",3,20260722;20260723;20260724,29.209306716918945,28.495317459106445,31.002216339111328,452,40943,236748,False
0.22.0,held_sport,outdoor_cycling,evaluation,interval,history_quantile_tcn,0.12.0,,held_sport,unseen_sport__outdoor_cycling,history_informed,60,0.9,false,picp,"origin-within-session, session-within-user, equal-user mean",3,20260722;20260723;20260724,0.8401802778244019,0.8375576138496399,0.8665317296981812,452,40943,236748,False
0.22.0,held_sport,outdoor_cycling,evaluation,interval,history_quantile_tcn,0.12.0,,held_sport,unseen_sport__outdoor_cycling,history_informed,60,0.9,true,absolute_coverage_error,"origin-within-session, session-within-user, equal-user mean",3,20260722;20260723;20260724,0.0414262056350708,0.0248459219932556,0.0482968330383301,452,40943,236748,False
0.22.0,held_sport,outdoor_cycling,evaluation,interval,history_quantile_tcn,0.12.0,,held_sport,unseen_sport__outdoor_cycling,history_informed,60,0.9,true,conformal_adjustment_bpm,"origin-within-session, session-within-user, equal-user mean",3,20260722;20260723;20260724,0.51953125,0.3723907470703125,0.64453125,452,40943,236748,False
0.22.0,held_sport,outdoor_cycling,evaluation,interval,history_quantile_tcn,0.12.0,,held_sport,unseen_sport__outdoor_cycling,history_informed,60,0.9,true,mean_interval_width_bpm,"origin-within-session, session-within-user, equal-user mean",3,20260722;20260723;20260724,30.49812126159668,29.5341796875,31.746862411499023,452,40943,236748,False
0.22.0,held_sport,outdoor_cycling,evaluation,interval,history_quantile_tcn,0.12.0,,held_sport,unseen_sport__outdoor_cycling,history_informed,60,0.9,true,picp,"origin-within-session, session-within-user, equal-user mean",3,20260722;20260723;20260724,0.8585737943649292,0.8517031669616699,0.8751540780067444,452,40943,236748,False
0.22.0,held_sport,outdoor_cycling,evaluation,interval,history_quantile_tcn,0.12.0,,held_sport,unseen_sport__outdoor_cycling,history_informed,180,0.5,false,absolute_coverage_error,"origin-within-session, session-within-user, equal-user mean",3,20260722;20260723;20260724,0.0434512495994567,0.0290469229221344,0.050494372844696,452,40943,236748,False
0.22.0,held_sport,outdoor_cycling,evaluation,interval,history_quantile_tcn,0.12.0,,held_sport,unseen_sport__outdoor_cycling,history_informed,180,0.5,false,conformal_adjustment_bpm,"origin-within-session, session-within-user, equal-user mean",3,20260722;20260723;20260724,0.0,0.0,0.0,452,40943,236748,False
0.22.0,held_sport,outdoor_cycling,evaluation,interval,history_quantile_tcn,0.12.0,,held_sport,unseen_sport__outdoor_cycling,history_informed,180,0.5,false,mean_interval_width_bpm,"origin-within-session, session-within-user, equal-user mean",3,20260722;20260723;20260724,14.244800567626951,13.7646484375,14.614842414855955,452,40943,236748,False
0.22.0,held_sport,outdoor_cycling,evaluation,interval,history_quantile_tcn,0.12.0,,held_sport,unseen_sport__outdoor_cycling,history_informed,180,0.5,false,picp,"origin-within-session, session-within-user, equal-user mean",3,20260722;20260723;20260724,0.4565487504005432,0.4495056271553039,0.4709530770778656,452,40943,236748,False
0.22.0,held_sport,outdoor_cycling,evaluation,interval,history_quantile_tcn,0.12.0,,held_sport,unseen_sport__outdoor_cycling,history_informed,180,0.5,true,absolute_coverage_error,"origin-within-session, session-within-user, equal-user mean",3,20260722;20260723;20260724,0.0274754762649536,0.0223687887191772,0.0378497540950775,452,40943,236748,False
0.22.0,held_sport,outdoor_cycling,evaluation,interval,history_quantile_tcn,0.12.0,,held_sport,unseen_sport__outdoor_cycling,history_informed,180,0.5,true,conformal_adjustment_bpm,"origin-within-session, session-within-user, equal-user mean",3,20260722;20260723;20260724,0.16455078125,0.1076202392578125,0.2265625,452,40943,236748,False
0.22.0,held_sport,outdoor_cycling,evaluation,interval,history_quantile_tcn,0.12.0,,held_sport,unseen_sport__outdoor_cycling,history_informed,180,0.5,true,mean_interval_width_bpm,"origin-within-session, session-within-user, equal-user mean",3,20260722;20260723;20260724,14.697911262512209,14.093742370605469,14.830076217651367,452,40943,236748,False
0.22.0,held_sport,outdoor_cycling,evaluation,interval,history_quantile_tcn,0.12.0,,held_sport,unseen_sport__outdoor_cycling,history_informed,180,0.5,true,picp,"origin-within-session, session-within-user, equal-user mean",3,20260722;20260723;20260724,0.4725245237350464,0.4621502459049225,0.4776312112808227,452,40943,236748,False
0.22.0,held_sport,outdoor_cycling,evaluation,interval,history_quantile_tcn,0.12.0,,held_sport,unseen_sport__outdoor_cycling,history_informed,180,0.8,false,absolute_coverage_error,"origin-within-session, session-within-user, equal-user mean",3,20260722;20260723;20260724,0.0450667023658752,0.0274059653282165,0.048221755027771,452,40943,236748,False
0.22.0,held_sport,outdoor_cycling,evaluation,interval,history_quantile_tcn,0.12.0,,held_sport,unseen_sport__outdoor_cycling,history_informed,180,0.8,false,conformal_adjustment_bpm,"origin-within-session, session-within-user, equal-user mean",3,20260722;20260723;20260724,0.0,0.0,0.0,452,40943,236748,False
0.22.0,held_sport,outdoor_cycling,evaluation,interval,history_quantile_tcn,0.12.0,,held_sport,unseen_sport__outdoor_cycling,history_informed,180,0.8,false,mean_interval_width_bpm,"origin-within-session, session-within-user, equal-user mean",3,20260722;20260723;20260724,27.91509056091309,27.149036407470703,29.11738967895508,452,40943,236748,False
0.22.0,held_sport,outdoor_cycling,evaluation,interval,history_quantile_tcn,0.12.0,,held_sport,unseen_sport__outdoor_cycling,history_informed,180,0.8,false,picp,"origin-within-session, session-within-user, equal-user mean",3,20260722;20260723;20260724,0.7549332976341248,0.751778244972229,0.7725940346717834,452,40943,236748,False
0.22.0,held_sport,outdoor_cycling,evaluation,interval,history_quantile_tcn,0.12.0,,held_sport,unseen_sport__outdoor_cycling,history_informed,180,0.8,true,absolute_coverage_error,"origin-within-session, session-within-user, equal-user mean",3,20260722;20260723;20260724,0.0290079593658447,0.0206337451934814,0.0394816875457764,452,40943,236748,False
0.22.0,held_sport,outdoor_cycling,evaluation,interval,history_quantile_tcn,0.12.0,,held_sport,unseen_sport__outdoor_cycling,history_informed,180,0.8,true,conformal_adjustment_bpm,"origin-within-session, session-within-user, equal-user mean",3,20260722;20260723;20260724,0.302337646484375,0.2265625,0.48828125,452,40943,236748,False
0.22.0,held_sport,outdoor_cycling,evaluation,interval,history_quantile_tcn,0.12.0,,held_sport,unseen_sport__outdoor_cycling,history_informed,180,0.8,true,mean_interval_width_bpm,"origin-within-session, session-within-user, equal-user mean",3,20260722;20260723;20260724,28.89157485961914,27.7536678314209,29.570491790771484,452,40943,236748,False
0.22.0,held_sport,outdoor_cycling,evaluation,interval,history_quantile_tcn,0.12.0,,held_sport,unseen_sport__outdoor_cycling,history_informed,180,0.8,true,picp,"origin-within-session, session-within-user, equal-user mean",3,20260722;20260723;20260724,0.7709920406341553,0.7605183124542236,0.7793662548065186,452,40943,236748,False
0.22.0,held_sport,outdoor_cycling,evaluation,interval,history_quantile_tcn,0.12.0,,held_sport,unseen_sport__outdoor_cycling,history_informed,180,0.9,false,absolute_coverage_error,"origin-within-session, session-within-user, equal-user mean",3,20260722;20260723;20260724,0.0365395188331604,0.0205427050590515,0.037563407421112,452,40943,236748,False
0.22.0,held_sport,outdoor_cycling,evaluation,interval,history_quantile_tcn,0.12.0,,held_sport,unseen_sport__outdoor_cycling,history_informed,180,0.9,false,conformal_adjustment_bpm,"origin-within-session, session-within-user, equal-user mean",3,20260722;20260723;20260724,0.0,0.0,0.0,452,40943,236748,False
0.22.0,held_sport,outdoor_cycling,evaluation,interval,history_quantile_tcn,0.12.0,,held_sport,unseen_sport__outdoor_cycling,history_informed,180,0.9,false,mean_interval_width_bpm,"origin-within-session, session-within-user, equal-user mean",3,20260722;20260723;20260724,37.59408950805664,36.41214370727539,38.885440826416016,452,40943,236748,False
0.22.0,held_sport,outdoor_cycling,evaluation,interval,history_quantile_tcn,0.12.0,,held_sport,unseen_sport__outdoor_cycling,history_informed,180,0.9,false,picp,"origin-within-session, session-within-user, equal-user mean",3,20260722;20260723;20260724,0.8634604811668396,0.8624365925788879,0.8794572949409485,452,40943,236748,False
0.22.0,held_sport,outdoor_cycling,evaluation,interval,history_quantile_tcn,0.12.0,,held_sport,unseen_sport__outdoor_cycling,history_informed,180,0.9,true,absolute_coverage_error,"origin-within-session, session-within-user, equal-user mean",3,20260722;20260723;20260724,0.0242308020591736,0.0147323846817016,0.0286545395851135,452,40943,236748,False
0.22.0,held_sport,outdoor_cycling,evaluation,interval,history_quantile_tcn,0.12.0,,held_sport,unseen_sport__outdoor_cycling,history_informed,180,0.9,true,conformal_adjustment_bpm,"origin-within-session, session-within-user, equal-user mean",3,20260722;20260723;20260724,0.4187469482421875,0.3270111083984375,0.6316986083984375,452,40943,236748,False
0.22.0,held_sport,outdoor_cycling,evaluation,interval,history_quantile_tcn,0.12.0,,held_sport,unseen_sport__outdoor_cycling,history_informed,180,0.9,true,mean_interval_width_bpm,"origin-within-session, session-within-user, equal-user mean",3,20260722;20260723;20260724,38.85726547241211,37.2495346069336,39.53935623168945,452,40943,236748,False
0.22.0,held_sport,outdoor_cycling,evaluation,interval,history_quantile_tcn,0.12.0,,held_sport,unseen_sport__outdoor_cycling,history_informed,180,0.9,true,picp,"origin-within-session, session-within-user, equal-user mean",3,20260722;20260723;20260724,0.8757691979408264,0.8713454604148865,0.8852676153182983,452,40943,236748,False
0.22.0,held_sport,outdoor_cycling,evaluation,interval,history_quantile_tcn,0.12.0,,held_sport,unseen_sport__outdoor_cycling,history_informed,300,0.5,false,absolute_coverage_error,"origin-within-session, session-within-user, equal-user mean",3,20260722;20260723;20260724,0.0272618532180786,0.0200381875038146,0.0497260987758636,452,40943,236748,False
0.22.0,held_sport,outdoor_cycling,evaluation,interval,history_quantile_tcn,0.12.0,,held_sport,unseen_sport__outdoor_cycling,history_informed,300,0.5,false,conformal_adjustment_bpm,"origin-within-session, session-within-user, equal-user mean",3,20260722;20260723;20260724,0.0,0.0,0.0,452,40943,236748,False
0.22.0,held_sport,outdoor_cycling,evaluation,interval,history_quantile_tcn,0.12.0,,held_sport,unseen_sport__outdoor_cycling,history_informed,300,0.5,false,mean_interval_width_bpm,"origin-within-session, session-within-user, equal-user mean",3,20260722;20260723;20260724,15.51815700531006,14.569042205810549,15.57118320465088,452,40943,236748,False
0.22.0,held_sport,outdoor_cycling,evaluation,interval,history_quantile_tcn,0.12.0,,held_sport,unseen_sport__outdoor_cycling,history_informed,300,0.5,false,picp,"origin-within-session, session-within-user, equal-user mean",3,20260722;20260723;20260724,0.4727381467819214,0.4502739012241363,0.4799618124961853,452,40943,236748,False
0.22.0,held_sport,outdoor_cycling,evaluation,interval,history_quantile_tcn,0.12.0,,held_sport,unseen_sport__outdoor_cycling,history_informed,300,0.5,true,absolute_coverage_error,"origin-within-session, session-within-user, equal-user mean",3,20260722;20260723;20260724,0.0174385011196136,0.0170979499816894,0.0396128594875335,452,40943,236748,False
0.22.0,held_sport,outdoor_cycling,evaluation,interval,history_quantile_tcn,0.12.0,,held_sport,unseen_sport__outdoor_cycling,history_informed,300,0.5,true,conformal_adjustment_bpm,"origin-within-session, session-within-user, equal-user mean",3,20260722;20260723;20260724,0.1650390625,0.046875,0.1968841552734375,452,40943,236748,False
0.22.0,held_sport,outdoor_cycling,evaluation,interval,history_quantile_tcn,0.12.0,,held_sport,unseen_sport__outdoor_cycling,history_informed,300,0.5,true,mean_interval_width_bpm,"origin-within-session, session-within-user, equal-user mean",3,20260722;20260723;20260724,15.664932250976562,14.8991117477417,15.911913871765137,452,40943,236748,False
0.22.0,held_sport,outdoor_cycling,evaluation,interval,history_quantile_tcn,0.12.0,,held_sport,unseen_sport__outdoor_cycling,history_informed,300,0.5,true,picp,"origin-within-session, session-within-user, equal-user mean",3,20260722;20260723;20260724,0.4825614988803863,0.4603871405124664,0.4829020500183105,452,40943,236748,False
0.22.0,held_sport,outdoor_cycling,evaluation,interval,history_quantile_tcn,0.12.0,,held_sport,unseen_sport__outdoor_cycling,history_informed,300,0.8,false,absolute_coverage_error,"origin-within-session, session-within-user, equal-user mean",3,20260722;20260723;20260724,0.0405681610107422,0.0330331802368164,0.0520854473114014,452,40943,236748,False
0.22.0,held_sport,outdoor_cycling,evaluation,interval,history_quantile_tcn,0.12.0,,held_sport,unseen_sport__outdoor_cycling,history_informed,300,0.8,false,conformal_adjustment_bpm,"origin-within-session, session-within-user, equal-user mean",3,20260722;20260723;20260724,0.0,0.0,0.0,452,40943,236748,False
0.22.0,held_sport,outdoor_cycling,evaluation,interval,history_quantile_tcn,0.12.0,,held_sport,unseen_sport__outdoor_cycling,history_informed,300,0.8,false,mean_interval_width_bpm,"origin-within-session, session-within-user, equal-user mean",3,20260722;20260723;20260724,30.418575286865234,29.160057067871094,31.169342041015625,452,40943,236748,False
0.22.0,held_sport,outdoor_cycling,evaluation,interval,history_quantile_tcn,0.12.0,,held_sport,unseen_sport__outdoor_cycling,history_informed,300,0.8,false,picp,"origin-within-session, session-within-user, equal-user mean",3,20260722;20260723;20260724,0.7594318389892578,0.7479145526885986,0.7669668197631836,452,40943,236748,False
0.22.0,held_sport,outdoor_cycling,evaluation,interval,history_quantile_tcn,0.12.0,,held_sport,unseen_sport__outdoor_cycling,history_informed,300,0.8,true,absolute_coverage_error,"origin-within-session, session-within-user, equal-user mean",3,20260722;20260723;20260724,0.0297311425209045,0.0287195324897766,0.044093656539917,452,40943,236748,False
0.22.0,held_sport,outdoor_cycling,evaluation,interval,history_quantile_tcn,0.12.0,,held_sport,unseen_sport__outdoor_cycling,history_informed,300,0.8,true,conformal_adjustment_bpm,"origin-within-session, session-within-user, equal-user mean",3,20260722;20260723;20260724,0.265625,0.1171875,0.3671875,452,40943,236748,False
0.22.0,held_sport,outdoor_cycling,evaluation,interval,history_quantile_tcn,0.12.0,,held_sport,unseen_sport__outdoor_cycling,history_informed,300,0.8,true,mean_interval_width_bpm,"origin-within-session, session-within-user, equal-user mean",3,20260722;20260723;20260724,31.15289688110352,29.691272735595703,31.403705596923828,452,40943,236748,False
0.22.0,held_sport,outdoor_cycling,evaluation,interval,history_quantile_tcn,0.12.0,,held_sport,unseen_sport__outdoor_cycling,history_informed,300,0.8,true,picp,"origin-within-session, session-within-user, equal-user mean",3,20260722;20260723;20260724,0.7702688574790955,0.755906343460083,0.7712804675102234,452,40943,236748,False
0.22.0,held_sport,outdoor_cycling,evaluation,interval,history_quantile_tcn,0.12.0,,held_sport,unseen_sport__outdoor_cycling,history_informed,300,0.9,false,absolute_coverage_error,"origin-within-session, session-within-user, equal-user mean",3,20260722;20260723;20260724,0.0306418776512146,0.0199806928634643,0.0347605586051941,452,40943,236748,False
0.22.0,held_sport,outdoor_cycling,evaluation,interval,history_quantile_tcn,0.12.0,,held_sport,unseen_sport__outdoor_cycling,history_informed,300,0.9,false,conformal_adjustment_bpm,"origin-within-session, session-within-user, equal-user mean",3,20260722;20260723;20260724,0.0,0.0,0.0,452,40943,236748,False
0.22.0,held_sport,outdoor_cycling,evaluation,interval,history_quantile_tcn,0.12.0,,held_sport,unseen_sport__outdoor_cycling,history_informed,300,0.9,false,mean_interval_width_bpm,"origin-within-session, session-within-user, equal-user mean",3,20260722;20260723;20260724,40.98592376708984,39.48548126220703,41.89669036865234,452,40943,236748,False
0.22.0,held_sport,outdoor_cycling,evaluation,interval,history_quantile_tcn,0.12.0,,held_sport,unseen_sport__outdoor_cycling,history_informed,300,0.9,false,picp,"origin-within-session, session-within-user, equal-user mean",3,20260722;20260723;20260724,0.8693581223487854,0.8652394413948059,0.8800193071365356,452,40943,236748,False
0.22.0,held_sport,outdoor_cycling,evaluation,interval,history_quantile_tcn,0.12.0,,held_sport,unseen_sport__outdoor_cycling,history_informed,300,0.9,true,absolute_coverage_error,"origin-within-session, session-within-user, equal-user mean",3,20260722;20260723;20260724,0.0207894086837768,0.0144546866416931,0.0256593465805053,452,40943,236748,False
0.22.0,held_sport,outdoor_cycling,evaluation,interval,history_quantile_tcn,0.12.0,,held_sport,unseen_sport__outdoor_cycling,history_informed,300,0.9,true,conformal_adjustment_bpm,"origin-within-session, session-within-user, equal-user mean",3,20260722;20260723;20260724,0.4622421264648437,0.338775634765625,0.640625,452,40943,236748,False
0.22.0,held_sport,outdoor_cycling,evaluation,interval,history_quantile_tcn,0.12.0,,held_sport,unseen_sport__outdoor_cycling,history_informed,300,0.9,true,mean_interval_width_bpm,"origin-within-session, session-within-user, equal-user mean",3,20260722;20260723;20260724,42.26699066162109,40.4097900390625,42.57416534423828,452,40943,236748,False
0.22.0,held_sport,outdoor_cycling,evaluation,interval,history_quantile_tcn,0.12.0,,held_sport,unseen_sport__outdoor_cycling,history_informed,300,0.9,true,picp,"origin-within-session, session-within-user, equal-user mean",3,20260722;20260723;20260724,0.8792105913162231,0.8743406534194946,0.8855453133583069,452,40943,236748,False
0.22.0,held_sport,outdoor_cycling,evaluation,interval,history_quantile_tcn,0.12.0,,held_sport,unseen_sport__outdoor_cycling,zero_history,60,0.5,false,absolute_coverage_error,"origin-within-session, session-within-user, equal-user mean",3,20260722;20260723;20260724,0.0832039713859558,0.0561362206935882,0.1038221716880798,452,40943,236748,False
0.22.0,held_sport,outdoor_cycling,evaluation,interval,history_quantile_tcn,0.12.0,,held_sport,unseen_sport__outdoor_cycling,zero_history,60,0.5,false,conformal_adjustment_bpm,"origin-within-session, session-within-user, equal-user mean",3,20260722;20260723;20260724,0.0,0.0,0.0,452,40943,236748,False
0.22.0,held_sport,outdoor_cycling,evaluation,interval,history_quantile_tcn,0.12.0,,held_sport,unseen_sport__outdoor_cycling,zero_history,60,0.5,false,mean_interval_width_bpm,"origin-within-session, session-within-user, equal-user mean",3,20260722;20260723;20260724,10.830680847167969,10.337279319763184,11.63135814666748,452,40943,236748,False
0.22.0,held_sport,outdoor_cycling,evaluation,interval,history_quantile_tcn,0.12.0,,held_sport,unseen_sport__outdoor_cycling,zero_history,60,0.5,false,picp,"origin-within-session, session-within-user, equal-user mean",3,20260722;20260723;20260724,0.4167960286140442,0.3961778283119201,0.4438637793064117,452,40943,236748,False
0.22.0,held_sport,outdoor_cycling,evaluation,interval,history_quantile_tcn,0.12.0,,held_sport,unseen_sport__outdoor_cycling,zero_history,60,0.5,true,absolute_coverage_error,"origin-within-session, session-within-user, equal-user mean",3,20260722;20260723;20260724,0.0643576681613922,0.0441796779632568,0.0778126120567321,452,40943,236748,False
0.22.0,held_sport,outdoor_cycling,evaluation,interval,history_quantile_tcn,0.12.0,,held_sport,unseen_sport__outdoor_cycling,zero_history,60,0.5,true,conformal_adjustment_bpm,"origin-within-session, session-within-user, equal-user mean",3,20260722;20260723;20260724,0.2064971923828125,0.1630859375,0.302001953125,452,40943,236748,False
0.22.0,held_sport,outdoor_cycling,evaluation,interval,history_quantile_tcn,0.12.0,,held_sport,unseen_sport__outdoor_cycling,zero_history,60,0.5,true,mean_interval_width_bpm,"origin-within-session, session-within-user, equal-user mean",3,20260722;20260723;20260724,11.24366283416748,10.94126319885254,11.95751953125,452,40943,236748,False
0.22.0,held_sport,outdoor_cycling,evaluation,interval,history_quantile_tcn,0.12.0,,held_sport,unseen_sport__outdoor_cycling,zero_history,60,0.5,true,picp,"origin-within-session, session-within-user, equal-user mean",3,20260722;20260723;20260724,0.4356423318386078,0.4221873879432678,0.4558203220367431,452,40943,236748,False
0.22.0,held_sport,outdoor_cycling,evaluation,interval,history_quantile_tcn,0.12.0,,held_sport,unseen_sport__outdoor_cycling,zero_history,60,0.8,false,absolute_coverage_error,"origin-within-session, session-within-user, equal-user mean",3,20260722;20260723;20260724,0.1082160353660584,0.0735536098480225,0.1332992792129517,452,40943,236748,False
0.22.0,held_sport,outdoor_cycling,evaluation,interval,history_quantile_tcn,0.12.0,,held_sport,unseen_sport__outdoor_cycling,zero_history,60,0.8,false,conformal_adjustment_bpm,"origin-within-session, session-within-user, equal-user mean",3,20260722;20260723;20260724,0.0,0.0,0.0,452,40943,236748,False
0.22.0,held_sport,outdoor_cycling,evaluation,interval,history_quantile_tcn,0.12.0,,held_sport,unseen_sport__outdoor_cycling,zero_history,60,0.8,false,mean_interval_width_bpm,"origin-within-session, session-within-user, equal-user mean",3,20260722;20260723;20260724,20.3365535736084,19.441011428833008,21.819110870361328,452,40943,236748,False
0.22.0,held_sport,outdoor_cycling,evaluation,interval,history_quantile_tcn,0.12.0,,held_sport,unseen_sport__outdoor_cycling,zero_history,60,0.8,false,picp,"origin-within-session, session-within-user, equal-user mean",3,20260722;20260723;20260724,0.6917839646339417,0.6667007207870483,0.7264463901519775,452,40943,236748,False
0.22.0,held_sport,outdoor_cycling,evaluation,interval,history_quantile_tcn,0.12.0,,held_sport,unseen_sport__outdoor_cycling,zero_history,60,0.8,true,absolute_coverage_error,"origin-within-session, session-within-user, equal-user mean",3,20260722;20260723;20260724,0.08386390209198,0.0594913840293884,0.0883594036102295,452,40943,236748,False
0.22.0,held_sport,outdoor_cycling,evaluation,interval,history_quantile_tcn,0.12.0,,held_sport,unseen_sport__outdoor_cycling,zero_history,60,0.8,true,conformal_adjustment_bpm,"origin-within-session, session-within-user, equal-user mean",3,20260722;20260723;20260724,0.4542999267578125,0.3021697998046875,0.76953125,452,40943,236748,False
0.22.0,held_sport,outdoor_cycling,evaluation,interval,history_quantile_tcn,0.12.0,,held_sport,unseen_sport__outdoor_cycling,zero_history,60,0.8,true,mean_interval_width_bpm,"origin-within-session, session-within-user, equal-user mean",3,20260722;20260723;20260724,21.24507522583008,20.97994613647461,22.42338752746582,452,40943,236748,False
0.22.0,held_sport,outdoor_cycling,evaluation,interval,history_quantile_tcn,0.12.0,,held_sport,unseen_sport__outdoor_cycling,zero_history,60,0.8,true,picp,"origin-within-session, session-within-user, equal-user mean",3,20260722;20260723;20260724,0.71613609790802,0.7116405963897705,0.7405086159706116,452,40943,236748,False
0.22.0,held_sport,outdoor_cycling,evaluation,interval,history_quantile_tcn,0.12.0,,held_sport,unseen_sport__outdoor_cycling,zero_history,60,0.9,false,absolute_coverage_error,"origin-within-session, session-within-user, equal-user mean",3,20260722;20260723;20260724,0.082707130908966,0.0651976704597473,0.1006623744964599,452,40943,236748,False
0.22.0,held_sport,outdoor_cycling,evaluation,interval,history_quantile_tcn,0.12.0,,held_sport,unseen_sport__outdoor_cycling,zero_history,60,0.9,false,conformal_adjustment_bpm,"origin-within-session, session-within-user, equal-user mean",3,20260722;20260723;20260724,0.0,0.0,0.0,452,40943,236748,False
0.22.0,held_sport,outdoor_cycling,evaluation,interval,history_quantile_tcn,0.12.0,,held_sport,unseen_sport__outdoor_cycling,zero_history,60,0.9,false,mean_interval_width_bpm,"origin-within-session, session-within-user, equal-user mean",3,20260722;20260723;20260724,27.162294387817383,26.02142143249512,28.609819412231445,452,40943,236748,False
0.22.0,held_sport,outdoor_cycling,evaluation,interval,history_quantile_tcn,0.12.0,,held_sport,unseen_sport__outdoor_cycling,zero_history,60,0.9,false,picp,"origin-within-session, session-within-user, equal-user mean",3,20260722;20260723;20260724,0.8172928690910339,0.79933762550354,0.8348023295402527,452,40943,236748,False
0.22.0,held_sport,outdoor_cycling,evaluation,interval,history_quantile_tcn,0.12.0,,held_sport,unseen_sport__outdoor_cycling,zero_history,60,0.9,true,absolute_coverage_error,"origin-within-session, session-within-user, equal-user mean",3,20260722;20260723;20260724,0.0637380123138428,0.0511249542236328,0.0688297390937805,452,40943,236748,False
0.22.0,held_sport,outdoor_cycling,evaluation,interval,history_quantile_tcn,0.12.0,,held_sport,unseen_sport__outdoor_cycling,zero_history,60,0.9,true,conformal_adjustment_bpm,"origin-within-session, session-within-user, equal-user mean",3,20260722;20260723;20260724,0.5812530517578125,0.4765625,1.037109375,452,40943,236748,False
0.22.0,held_sport,outdoor_cycling,evaluation,interval,history_quantile_tcn,0.12.0,,held_sport,unseen_sport__outdoor_cycling,zero_history,60,0.9,true,mean_interval_width_bpm,"origin-within-session, session-within-user, equal-user mean",3,20260722;20260723;20260724,28.324586868286133,28.095252990722656,29.562780380249023,452,40943,236748,False
0.22.0,held_sport,outdoor_cycling,evaluation,interval,history_quantile_tcn,0.12.0,,held_sport,unseen_sport__outdoor_cycling,zero_history,60,0.9,true,picp,"origin-within-session, session-within-user, equal-user mean",3,20260722;20260723;20260724,0.8362619876861572,0.8311702609062195,0.8488750457763672,452,40943,236748,False
0.22.0,held_sport,outdoor_cycling,evaluation,interval,history_quantile_tcn,0.12.0,,held_sport,unseen_sport__outdoor_cycling,zero_history,180,0.5,false,absolute_coverage_error,"origin-within-session, session-within-user, equal-user mean",3,20260722;20260723;20260724,0.0748142898082733,0.0695804953575134,0.0851479470729827,452,40943,236748,False
0.22.0,held_sport,outdoor_cycling,evaluation,interval,history_quantile_tcn,0.12.0,,held_sport,unseen_sport__outdoor_cycling,zero_history,180,0.5,false,conformal_adjustment_bpm,"origin-within-session, session-within-user, equal-user mean",3,20260722;20260723;20260724,0.0,0.0,0.0,452,40943,236748,False
0.22.0,held_sport,outdoor_cycling,evaluation,interval,history_quantile_tcn,0.12.0,,held_sport,unseen_sport__outdoor_cycling,zero_history,180,0.5,false,mean_interval_width_bpm,"origin-within-session, session-within-user, equal-user mean",3,20260722;20260723;20260724,13.142799377441406,12.775453567504885,13.42709255218506,452,40943,236748,False
0.22.0,held_sport,outdoor_cycling,evaluation,interval,history_quantile_tcn,0.12.0,,held_sport,unseen_sport__outdoor_cycling,zero_history,180,0.5,false,picp,"origin-within-session, session-within-user, equal-user mean",3,20260722;20260723;20260724,0.4251857101917267,0.4148520529270172,0.4304195046424866,452,40943,236748,False
0.22.0,held_sport,outdoor_cycling,evaluation,interval,history_quantile_tcn,0.12.0,,held_sport,unseen_sport__outdoor_cycling,zero_history,180,0.5,true,absolute_coverage_error,"origin-within-session, session-within-user, equal-user mean",3,20260722;20260723;20260724,0.058481365442276,0.056764155626297,0.0602055788040161,452,40943,236748,False
0.22.0,held_sport,outdoor_cycling,evaluation,interval,history_quantile_tcn,0.12.0,,held_sport,unseen_sport__outdoor_cycling,zero_history,180,0.5,true,conformal_adjustment_bpm,"origin-within-session, session-within-user, equal-user mean",3,20260722;20260723;20260724,0.2109375,0.1893844604492187,0.38946533203125,452,40943,236748,False
0.22.0,held_sport,outdoor_cycling,evaluation,interval,history_quantile_tcn,0.12.0,,held_sport,unseen_sport__outdoor_cycling,zero_history,180,0.5,true,mean_interval_width_bpm,"origin-within-session, session-within-user, equal-user mean",3,20260722;20260723;20260724,13.56466293334961,13.554361343383787,13.80586051940918,452,40943,236748,False
0.22.0,held_sport,outdoor_cycling,evaluation,interval,history_quantile_tcn,0.12.0,,held_sport,unseen_sport__outdoor_cycling,zero_history,180,0.5,true,picp,"origin-within-session, session-within-user, equal-user mean",3,20260722;20260723;20260724,0.441518634557724,0.4397944211959839,0.443235844373703,452,40943,236748,False
0.22.0,held_sport,outdoor_cycling,evaluation,interval,history_quantile_tcn,0.12.0,,held_sport,unseen_sport__outdoor_cycling,zero_history,180,0.8,false,absolute_coverage_error,"origin-within-session, session-within-user, equal-user mean",3,20260722;20260723;20260724,0.0819700241088867,0.0632871866226196,0.0951425313949585,452,40943,236748,False
0.22.0,held_sport,outdoor_cycling,evaluation,interval,history_quantile_tcn,0.12.0,,held_sport,unseen_sport__outdoor_cycling,zero_history,180,0.8,false,conformal_adjustment_bpm,"origin-within-session, session-within-user, equal-user mean",3,20260722;20260723;20260724,0.0,0.0,0.0,452,40943,236748,False
0.22.0,held_sport,outdoor_cycling,evaluation,interval,history_quantile_tcn,0.12.0,,held_sport,unseen_sport__outdoor_cycling,zero_history,180,0.8,false,mean_interval_width_bpm,"origin-within-session, session-within-user, equal-user mean",3,20260722;20260723;20260724,25.4473934173584,24.816131591796875,26.55672264099121,452,40943,236748,False
0.22.0,held_sport,outdoor_cycling,evaluation,interval,history_quantile_tcn,0.12.0,,held_sport,unseen_sport__outdoor_cycling,zero_history,180,0.8,false,picp,"origin-within-session, session-within-user, equal-user mean",3,20260722;20260723;20260724,0.7180299758911133,0.7048574686050415,0.7367128133773804,452,40943,236748,False
0.22.0,held_sport,outdoor_cycling,evaluation,interval,history_quantile_tcn,0.12.0,,held_sport,unseen_sport__outdoor_cycling,zero_history,180,0.8,true,absolute_coverage_error,"origin-within-session, session-within-user, equal-user mean",3,20260722;20260723;20260724,0.0629906535148621,0.0527618408203125,0.0697610855102539,452,40943,236748,False
0.22.0,held_sport,outdoor_cycling,evaluation,interval,history_quantile_tcn,0.12.0,,held_sport,unseen_sport__outdoor_cycling,zero_history,180,0.8,true,conformal_adjustment_bpm,"origin-within-session, session-within-user, equal-user mean",3,20260722;20260723;20260724,0.33984375,0.2766876220703125,0.75,452,40943,236748,False
0.22.0,held_sport,outdoor_cycling,evaluation,interval,history_quantile_tcn,0.12.0,,held_sport,unseen_sport__outdoor_cycling,zero_history,180,0.8,true,mean_interval_width_bpm,"origin-within-session, session-within-user, equal-user mean",3,20260722;20260723;20260724,26.31601905822754,26.127031326293945,27.11006546020508,452,40943,236748,False
0.22.0,held_sport,outdoor_cycling,evaluation,interval,history_quantile_tcn,0.12.0,,held_sport,unseen_sport__outdoor_cycling,zero_history,180,0.8,true,picp,"origin-within-session, session-within-user, equal-user mean",3,20260722;20260723;20260724,0.7370093464851379,0.7302389144897461,0.7472381591796875,452,40943,236748,False
0.22.0,held_sport,outdoor_cycling,evaluation,interval,history_quantile_tcn,0.12.0,,held_sport,unseen_sport__outdoor_cycling,zero_history,180,0.9,false,absolute_coverage_error,"origin-within-session, session-within-user, equal-user mean",3,20260722;20260723;20260724,0.062375271320343,0.0516249775886535,0.0730484962463379,452,40943,236748,False
0.22.0,held_sport,outdoor_cycling,evaluation,interval,history_quantile_tcn,0.12.0,,held_sport,unseen_sport__outdoor_cycling,zero_history,180,0.9,false,conformal_adjustment_bpm,"origin-within-session, session-within-user, equal-user mean",3,20260722;20260723;20260724,0.0,0.0,0.0,452,40943,236748,False
0.22.0,held_sport,outdoor_cycling,evaluation,interval,history_quantile_tcn,0.12.0,,held_sport,unseen_sport__outdoor_cycling,zero_history,180,0.9,false,mean_interval_width_bpm,"origin-within-session, session-within-user, equal-user mean",3,20260722;20260723;20260724,33.98860168457031,33.13372802734375,35.150997161865234,452,40943,236748,False
0.22.0,held_sport,outdoor_cycling,evaluation,interval,history_quantile_tcn,0.12.0,,held_sport,unseen_sport__outdoor_cycling,zero_history,180,0.9,false,picp,"origin-within-session, session-within-user, equal-user mean",3,20260722;20260723;20260724,0.837624728679657,0.8269515037536621,0.8483750224113464,452,40943,236748,False
0.22.0,held_sport,outdoor_cycling,evaluation,interval,history_quantile_tcn,0.12.0,,held_sport,unseen_sport__outdoor_cycling,zero_history,180,0.9,true,absolute_coverage_error,"origin-within-session, session-within-user, equal-user mean",3,20260722;20260723;20260724,0.0478053331375122,0.0435922980308532,0.052843713760376,452,40943,236748,False
0.22.0,held_sport,outdoor_cycling,evaluation,interval,history_quantile_tcn,0.12.0,,held_sport,unseen_sport__outdoor_cycling,zero_history,180,0.9,true,conformal_adjustment_bpm,"origin-within-session, session-within-user, equal-user mean",3,20260722;20260723;20260724,0.4375,0.40234375,1.01953125,452,40943,236748,False
0.22.0,held_sport,outdoor_cycling,evaluation,interval,history_quantile_tcn,0.12.0,,held_sport,unseen_sport__outdoor_cycling,zero_history,180,0.9,true,mean_interval_width_bpm,"origin-within-session, session-within-user, equal-user mean",3,20260722;20260723;20260724,35.17253494262695,34.86349868774414,35.9555778503418,452,40943,236748,False
0.22.0,held_sport,outdoor_cycling,evaluation,interval,history_quantile_tcn,0.12.0,,held_sport,unseen_sport__outdoor_cycling,zero_history,180,0.9,true,picp,"origin-within-session, session-within-user, equal-user mean",3,20260722;20260723;20260724,0.8521946668624878,0.847156286239624,0.8564077019691467,452,40943,236748,False
0.22.0,held_sport,outdoor_cycling,evaluation,interval,history_quantile_tcn,0.12.0,,held_sport,unseen_sport__outdoor_cycling,zero_history,300,0.5,false,absolute_coverage_error,"origin-within-session, session-within-user, equal-user mean",3,20260722;20260723;20260724,0.0794629156589508,0.0602970421314239,0.0822276175022125,452,40943,236748,False
0.22.0,held_sport,outdoor_cycling,evaluation,interval,history_quantile_tcn,0.12.0,,held_sport,unseen_sport__outdoor_cycling,zero_history,300,0.5,false,conformal_adjustment_bpm,"origin-within-session, session-within-user, equal-user mean",3,20260722;20260723;20260724,0.0,0.0,0.0,452,40943,236748,False
0.22.0,held_sport,outdoor_cycling,evaluation,interval,history_quantile_tcn,0.12.0,,held_sport,unseen_sport__outdoor_cycling,zero_history,300,0.5,false,mean_interval_width_bpm,"origin-within-session, session-within-user, equal-user mean",3,20260722;20260723;20260724,13.6832857131958,13.479525566101074,14.301098823547363,452,40943,236748,False
0.22.0,held_sport,outdoor_cycling,evaluation,interval,history_quantile_tcn,0.12.0,,held_sport,unseen_sport__outdoor_cycling,zero_history,300,0.5,false,picp,"origin-within-session, session-within-user, equal-user mean",3,20260722;20260723;20260724,0.4205370843410492,0.4177723824977875,0.439702957868576,452,40943,236748,False
0.22.0,held_sport,outdoor_cycling,evaluation,interval,history_quantile_tcn,0.12.0,,held_sport,unseen_sport__outdoor_cycling,zero_history,300,0.5,true,absolute_coverage_error,"origin-within-session, session-within-user, equal-user mean",3,20260722;20260723;20260724,0.0569114089012146,0.0499127209186553,0.0656961500644683,452,40943,236748,False
0.22.0,held_sport,outdoor_cycling,evaluation,interval,history_quantile_tcn,0.12.0,,held_sport,unseen_sport__outdoor_cycling,zero_history,300,0.5,true,conformal_adjustment_bpm,"origin-within-session, session-within-user, equal-user mean",3,20260722;20260723;20260724,0.265625,0.1514434814453125,0.3644256591796875,452,40943,236748,False
0.22.0,held_sport,outdoor_cycling,evaluation,interval,history_quantile_tcn,0.12.0,,held_sport,unseen_sport__outdoor_cycling,zero_history,300,0.5,true,mean_interval_width_bpm,"origin-within-session, session-within-user, equal-user mean",3,20260722;20260723;20260724,14.412116050720217,14.010761260986328,14.603978157043455,452,40943,236748,False
0.22.0,held_sport,outdoor_cycling,evaluation,interval,history_quantile_tcn,0.12.0,,held_sport,unseen_sport__outdoor_cycling,zero_history,300,0.5,true,picp,"origin-within-session, session-within-user, equal-user mean",3,20260722;20260723;20260724,0.4430885910987854,0.4343038499355316,0.4500872790813446,452,40943,236748,False
0.22.0,held_sport,outdoor_cycling,evaluation,interval,history_quantile_tcn,0.12.0,,held_sport,unseen_sport__outdoor_cycling,zero_history,300,0.8,false,absolute_coverage_error,"origin-within-session, session-within-user, equal-user mean",3,20260722;20260723;20260724,0.0863295078277588,0.0670949697494507,0.0903828620910645,452,40943,236748,False
0.22.0,held_sport,outdoor_cycling,evaluation,interval,history_quantile_tcn,0.12.0,,held_sport,unseen_sport__outdoor_cycling,zero_history,300,0.8,false,conformal_adjustment_bpm,"origin-within-session, session-within-user, equal-user mean",3,20260722;20260723;20260724,0.0,0.0,0.0,452,40943,236748,False
0.22.0,held_sport,outdoor_cycling,evaluation,interval,history_quantile_tcn,0.12.0,,held_sport,unseen_sport__outdoor_cycling,zero_history,300,0.8,false,mean_interval_width_bpm,"origin-within-session, session-within-user, equal-user mean",3,20260722;20260723;20260724,26.97642517089844,26.668785095214844,28.328292846679688,452,40943,236748,False
0.22.0,held_sport,outdoor_cycling,evaluation,interval,history_quantile_tcn,0.12.0,,held_sport,unseen_sport__outdoor_cycling,zero_history,300,0.8,false,picp,"origin-within-session, session-within-user, equal-user mean",3,20260722;20260723;20260724,0.7136704921722412,0.7096171379089355,0.7329050302505493,452,40943,236748,False
0.22.0,held_sport,outdoor_cycling,evaluation,interval,history_quantile_tcn,0.12.0,,held_sport,unseen_sport__outdoor_cycling,zero_history,300,0.8,true,absolute_coverage_error,"origin-within-session, session-within-user, equal-user mean",3,20260722;20260723;20260724,0.0694929242134094,0.0626194357872009,0.073966908454895,452,40943,236748,False
0.22.0,held_sport,outdoor_cycling,evaluation,interval,history_quantile_tcn,0.12.0,,held_sport,unseen_sport__outdoor_cycling,zero_history,300,0.8,true,conformal_adjustment_bpm,"origin-within-session, session-within-user, equal-user mean",3,20260722;20260723;20260724,0.34375,0.1363677978515625,0.613006591796875,452,40943,236748,False
0.22.0,held_sport,outdoor_cycling,evaluation,interval,history_quantile_tcn,0.12.0,,held_sport,unseen_sport__outdoor_cycling,zero_history,300,0.8,true,mean_interval_width_bpm,"origin-within-session, session-within-user, equal-user mean",3,20260722;20260723;20260724,27.894716262817383,27.663881301879883,28.601009368896484,452,40943,236748,False
0.22.0,held_sport,outdoor_cycling,evaluation,interval,history_quantile_tcn,0.12.0,,held_sport,unseen_sport__outdoor_cycling,zero_history,300,0.8,true,picp,"origin-within-session, session-within-user, equal-user mean",3,20260722;20260723;20260724,0.7305070757865906,0.726033091545105,0.7373805642127991,452,40943,236748,False
0.22.0,held_sport,outdoor_cycling,evaluation,interval,history_quantile_tcn,0.12.0,,held_sport,unseen_sport__outdoor_cycling,zero_history,300,0.9,false,absolute_coverage_error,"origin-within-session, session-within-user, equal-user mean",3,20260722;20260723;20260724,0.0674972772598266,0.0531838178634643,0.0700773239135742,452,40943,236748,False
0.22.0,held_sport,outdoor_cycling,evaluation,interval,history_quantile_tcn,0.12.0,,held_sport,unseen_sport__outdoor_cycling,zero_history,300,0.9,false,conformal_adjustment_bpm,"origin-within-session, session-within-user, equal-user mean",3,20260722;20260723;20260724,0.0,0.0,0.0,452,40943,236748,False
0.22.0,held_sport,outdoor_cycling,evaluation,interval,history_quantile_tcn,0.12.0,,held_sport,unseen_sport__outdoor_cycling,zero_history,300,0.9,false,mean_interval_width_bpm,"origin-within-session, session-within-user, equal-user mean",3,20260722;20260723;20260724,36.41674423217773,35.86532211303711,37.77201843261719,452,40943,236748,False
0.22.0,held_sport,outdoor_cycling,evaluation,interval,history_quantile_tcn,0.12.0,,held_sport,unseen_sport__outdoor_cycling,zero_history,300,0.9,false,picp,"origin-within-session, session-within-user, equal-user mean",3,20260722;20260723;20260724,0.8325027227401733,0.8299226760864258,0.8468161821365356,452,40943,236748,False
0.22.0,held_sport,outdoor_cycling,evaluation,interval,history_quantile_tcn,0.12.0,,held_sport,unseen_sport__outdoor_cycling,zero_history,300,0.9,true,absolute_coverage_error,"origin-within-session, session-within-user, equal-user mean",3,20260722;20260723;20260724,0.0494320034980774,0.0451414227485656,0.0556639075279236,452,40943,236748,False
0.22.0,held_sport,outdoor_cycling,evaluation,interval,history_quantile_tcn,0.12.0,,held_sport,unseen_sport__outdoor_cycling,zero_history,300,0.9,true,conformal_adjustment_bpm,"origin-within-session, session-within-user, equal-user mean",3,20260722;20260723;20260724,0.5260467529296875,0.4343719482421875,0.953125,452,40943,236748,False
0.22.0,held_sport,outdoor_cycling,evaluation,interval,history_quantile_tcn,0.12.0,,held_sport,unseen_sport__outdoor_cycling,zero_history,300,0.9,true,mean_interval_width_bpm,"origin-within-session, session-within-user, equal-user mean",3,20260722;20260723;20260724,37.77135467529297,37.46871566772461,38.64065170288086,452,40943,236748,False
0.22.0,held_sport,outdoor_cycling,evaluation,interval,history_quantile_tcn,0.12.0,,held_sport,unseen_sport__outdoor_cycling,zero_history,300,0.9,true,picp,"origin-within-session, session-within-user, equal-user mean",3,20260722;20260723;20260724,0.8505679965019226,0.8443360924720764,0.8548585772514343,452,40943,236748,False
0.22.0,held_sport,outdoor_cycling,evaluation,point,history_quantile_tcn,0.12.0,,held_sport,joint_user_sport__outdoor_cycling,history_informed,60,,,bias_bpm,"origin-within-session, session-within-user, equal-user mean",3,20260722;20260723;20260724,-0.4037103652954101,-0.829922616481781,-0.3167013227939605,77,6097,37856,False
0.22.0,held_sport,outdoor_cycling,evaluation,point,history_quantile_tcn,0.12.0,,held_sport,joint_user_sport__outdoor_cycling,history_informed,60,,,mae_bpm,"origin-within-session, session-within-user, equal-user mean",3,20260722;20260723;20260724,8.133129119873047,8.127265930175781,8.149386405944824,77,6097,37856,False
0.22.0,held_sport,outdoor_cycling,evaluation,point,history_quantile_tcn,0.12.0,,held_sport,joint_user_sport__outdoor_cycling,history_informed,60,,,rmse_bpm,"origin-within-session, session-within-user, equal-user mean",3,20260722;20260723;20260724,9.701300621032717,9.680572509765623,9.70302677154541,77,6097,37856,False
0.22.0,held_sport,outdoor_cycling,evaluation,point,history_quantile_tcn,0.12.0,,held_sport,joint_user_sport__outdoor_cycling,history_informed,180,,,bias_bpm,"origin-within-session, session-within-user, equal-user mean",3,20260722;20260723;20260724,-0.092273935675621,-0.4294885396957397,0.3936961889266968,77,6097,37856,False
0.22.0,held_sport,outdoor_cycling,evaluation,point,history_quantile_tcn,0.12.0,,held_sport,joint_user_sport__outdoor_cycling,history_informed,180,,,mae_bpm,"origin-within-session, session-within-user, equal-user mean",3,20260722;20260723;20260724,9.947577476501465,9.90025234222412,10.00547218322754,77,6097,37856,False
0.22.0,held_sport,outdoor_cycling,evaluation,point,history_quantile_tcn,0.12.0,,held_sport,joint_user_sport__outdoor_cycling,history_informed,180,,,rmse_bpm,"origin-within-session, session-within-user, equal-user mean",3,20260722;20260723;20260724,11.702213287353516,11.61129665374756,11.733139038085938,77,6097,37856,False
0.22.0,held_sport,outdoor_cycling,evaluation,point,history_quantile_tcn,0.12.0,,held_sport,joint_user_sport__outdoor_cycling,history_informed,300,,,bias_bpm,"origin-within-session, session-within-user, equal-user mean",3,20260722;20260723;20260724,-0.2295668423175811,-0.4490487277507782,0.4570274949073791,77,6097,37856,False
0.22.0,held_sport,outdoor_cycling,evaluation,point,history_quantile_tcn,0.12.0,,held_sport,joint_user_sport__outdoor_cycling,history_informed,300,,,mae_bpm,"origin-within-session, session-within-user, equal-user mean",3,20260722;20260723;20260724,10.879020690917969,10.86090850830078,10.90164279937744,77,6097,37856,False
0.22.0,held_sport,outdoor_cycling,evaluation,point,history_quantile_tcn,0.12.0,,held_sport,joint_user_sport__outdoor_cycling,history_informed,300,,,rmse_bpm,"origin-within-session, session-within-user, equal-user mean",3,20260722;20260723;20260724,12.841767311096191,12.779444694519045,12.86383819580078,77,6097,37856,False
0.22.0,held_sport,outdoor_cycling,evaluation,point,history_quantile_tcn,0.12.0,,held_sport,joint_user_sport__outdoor_cycling,zero_history,60,,,bias_bpm,"origin-within-session, session-within-user, equal-user mean",3,20260722;20260723;20260724,0.0405318140983581,-0.2500012218952179,0.4218426942825317,77,6097,37856,False
0.22.0,held_sport,outdoor_cycling,evaluation,point,history_quantile_tcn,0.12.0,,held_sport,joint_user_sport__outdoor_cycling,zero_history,60,,,mae_bpm,"origin-within-session, session-within-user, equal-user mean",3,20260722;20260723;20260724,8.121639251708984,8.103433609008789,8.149005889892578,77,6097,37856,False
0.22.0,held_sport,outdoor_cycling,evaluation,point,history_quantile_tcn,0.12.0,,held_sport,joint_user_sport__outdoor_cycling,zero_history,60,,,rmse_bpm,"origin-within-session, session-within-user, equal-user mean",3,20260722;20260723;20260724,9.657520294189451,9.652471542358398,9.71213722229004,77,6097,37856,False
0.22.0,held_sport,outdoor_cycling,evaluation,point,history_quantile_tcn,0.12.0,,held_sport,joint_user_sport__outdoor_cycling,zero_history,180,,,bias_bpm,"origin-within-session, session-within-user, equal-user mean",3,20260722;20260723;20260724,1.02122700214386,0.5507692694664001,1.0455305576324463,77,6097,37856,False
0.22.0,held_sport,outdoor_cycling,evaluation,point,history_quantile_tcn,0.12.0,,held_sport,joint_user_sport__outdoor_cycling,zero_history,180,,,mae_bpm,"origin-within-session, session-within-user, equal-user mean",3,20260722;20260723;20260724,9.933760643005373,9.865435600280762,9.940906524658203,77,6097,37856,False
0.22.0,held_sport,outdoor_cycling,evaluation,point,history_quantile_tcn,0.12.0,,held_sport,joint_user_sport__outdoor_cycling,zero_history,180,,,rmse_bpm,"origin-within-session, session-within-user, equal-user mean",3,20260722;20260723;20260724,11.667353630065918,11.591317176818848,11.671642303466797,77,6097,37856,False
0.22.0,held_sport,outdoor_cycling,evaluation,point,history_quantile_tcn,0.12.0,,held_sport,joint_user_sport__outdoor_cycling,zero_history,300,,,bias_bpm,"origin-within-session, session-within-user, equal-user mean",3,20260722;20260723;20260724,0.7738784551620483,0.7400884628295898,1.2664538621902466,77,6097,37856,False
0.22.0,held_sport,outdoor_cycling,evaluation,point,history_quantile_tcn,0.12.0,,held_sport,joint_user_sport__outdoor_cycling,zero_history,300,,,mae_bpm,"origin-within-session, session-within-user, equal-user mean",3,20260722;20260723;20260724,10.931707382202148,10.901114463806152,10.933143615722656,77,6097,37856,False
0.22.0,held_sport,outdoor_cycling,evaluation,point,history_quantile_tcn,0.12.0,,held_sport,joint_user_sport__outdoor_cycling,zero_history,300,,,rmse_bpm,"origin-within-session, session-within-user, equal-user mean",3,20260722;20260723;20260724,12.91786766052246,12.897383689880373,12.925569534301758,77,6097,37856,False
0.22.0,held_sport,outdoor_cycling,evaluation,point,history_quantile_tcn,0.12.0,,held_sport,unseen_sport__outdoor_cycling,history_informed,60,,,bias_bpm,"origin-within-session, session-within-user, equal-user mean",3,20260722;20260723;20260724,-0.0124573726207017,-0.6322035193443298,0.0314457863569259,452,40943,236748,False
0.22.0,held_sport,outdoor_cycling,evaluation,point,history_quantile_tcn,0.12.0,,held_sport,unseen_sport__outdoor_cycling,history_informed,60,,,mae_bpm,"origin-within-session, session-within-user, equal-user mean",3,20260722;20260723;20260724,8.145715713500977,8.055103302001953,8.147100448608398,452,40943,236748,False
0.22.0,held_sport,outdoor_cycling,evaluation,point,history_quantile_tcn,0.12.0,,held_sport,unseen_sport__outdoor_cycling,history_informed,60,,,rmse_bpm,"origin-within-session, session-within-user, equal-user mean",3,20260722;20260723;20260724,9.644068717956545,9.536754608154297,9.655169486999512,452,40943,236748,False
0.22.0,held_sport,outdoor_cycling,evaluation,point,history_quantile_tcn,0.12.0,,held_sport,unseen_sport__outdoor_cycling,history_informed,180,,,bias_bpm,"origin-within-session, session-within-user, equal-user mean",3,20260722;20260723;20260724,-0.281459093093872,-0.7697169184684753,0.3622321784496307,452,40943,236748,False
0.22.0,held_sport,outdoor_cycling,evaluation,point,history_quantile_tcn,0.12.0,,held_sport,unseen_sport__outdoor_cycling,history_informed,180,,,mae_bpm,"origin-within-session, session-within-user, equal-user mean",3,20260722;20260723;20260724,9.761539459228516,9.686504364013672,9.7996187210083,452,40943,236748,False
0.22.0,held_sport,outdoor_cycling,evaluation,point,history_quantile_tcn,0.12.0,,held_sport,unseen_sport__outdoor_cycling,history_informed,180,,,rmse_bpm,"origin-within-session, session-within-user, equal-user mean",3,20260722;20260723;20260724,11.453496932983398,11.370018005371094,11.489341735839844,452,40943,236748,False
0.22.0,held_sport,outdoor_cycling,evaluation,point,history_quantile_tcn,0.12.0,,held_sport,unseen_sport__outdoor_cycling,history_informed,300,,,bias_bpm,"origin-within-session, session-within-user, equal-user mean",3,20260722;20260723;20260724,-0.164703220129013,-0.252855509519577,0.8441249132156372,452,40943,236748,False
0.22.0,held_sport,outdoor_cycling,evaluation,point,history_quantile_tcn,0.12.0,,held_sport,unseen_sport__outdoor_cycling,history_informed,300,,,mae_bpm,"origin-within-session, session-within-user, equal-user mean",3,20260722;20260723;20260724,10.49169635772705,10.39943504333496,10.540019989013672,452,40943,236748,False
0.22.0,held_sport,outdoor_cycling,evaluation,point,history_quantile_tcn,0.12.0,,held_sport,unseen_sport__outdoor_cycling,history_informed,300,,,rmse_bpm,"origin-within-session, session-within-user, equal-user mean",3,20260722;20260723;20260724,12.265827178955078,12.176397323608398,12.334006309509276,452,40943,236748,False
0.22.0,held_sport,outdoor_cycling,evaluation,point,history_quantile_tcn,0.12.0,,held_sport,unseen_sport__outdoor_cycling,zero_history,60,,,bias_bpm,"origin-within-session, session-within-user, equal-user mean",3,20260722;20260723;20260724,0.5916990041732788,0.1028451696038246,0.8555194139480591,452,40943,236748,False
0.22.0,held_sport,outdoor_cycling,evaluation,point,history_quantile_tcn,0.12.0,,held_sport,unseen_sport__outdoor_cycling,zero_history,60,,,mae_bpm,"origin-within-session, session-within-user, equal-user mean",3,20260722;20260723;20260724,8.10416030883789,8.050267219543457,8.15283489227295,452,40943,236748,False
0.22.0,held_sport,outdoor_cycling,evaluation,point,history_quantile_tcn,0.12.0,,held_sport,unseen_sport__outdoor_cycling,zero_history,60,,,rmse_bpm,"origin-within-session, session-within-user, equal-user mean",3,20260722;20260723;20260724,9.592750549316406,9.53062629699707,9.66852569580078,452,40943,236748,False
0.22.0,held_sport,outdoor_cycling,evaluation,point,history_quantile_tcn,0.12.0,,held_sport,unseen_sport__outdoor_cycling,zero_history,180,,,bias_bpm,"origin-within-session, session-within-user, equal-user mean",3,20260722;20260723;20260724,1.0416200160980225,0.4267037212848663,1.2042402029037476,452,40943,236748,False
0.22.0,held_sport,outdoor_cycling,evaluation,point,history_quantile_tcn,0.12.0,,held_sport,unseen_sport__outdoor_cycling,zero_history,180,,,mae_bpm,"origin-within-session, session-within-user, equal-user mean",3,20260722;20260723;20260724,9.762580871582031,9.709138870239258,9.778780937194824,452,40943,236748,False
0.22.0,held_sport,outdoor_cycling,evaluation,point,history_quantile_tcn,0.12.0,,held_sport,unseen_sport__outdoor_cycling,zero_history,180,,,rmse_bpm,"origin-within-session, session-within-user, equal-user mean",3,20260722;20260723;20260724,11.472195625305176,11.414590835571287,11.473822593688965,452,40943,236748,False
0.22.0,held_sport,outdoor_cycling,evaluation,point,history_quantile_tcn,0.12.0,,held_sport,unseen_sport__outdoor_cycling,zero_history,300,,,bias_bpm,"origin-within-session, session-within-user, equal-user mean",3,20260722;20260723;20260724,1.1580255031585691,1.067013382911682,1.843832015991211,452,40943,236748,False
0.22.0,held_sport,outdoor_cycling,evaluation,point,history_quantile_tcn,0.12.0,,held_sport,unseen_sport__outdoor_cycling,zero_history,300,,,mae_bpm,"origin-within-session, session-within-user, equal-user mean",3,20260722;20260723;20260724,10.491859436035156,10.478774070739746,10.563504219055176,452,40943,236748,False
0.22.0,held_sport,outdoor_cycling,evaluation,point,history_quantile_tcn,0.12.0,,held_sport,unseen_sport__outdoor_cycling,zero_history,300,,,rmse_bpm,"origin-within-session, session-within-user, equal-user mean",3,20260722;20260723;20260724,12.28330135345459,12.276205062866213,12.358080863952637,452,40943,236748,False
0.22.0,held_sport,running,evaluation,interval,history_quantile_tcn,0.12.0,,held_sport,joint_user_sport__running,history_informed,60,0.5,false,absolute_coverage_error,"origin-within-session, session-within-user, equal-user mean",3,20260722;20260723;20260724,0.0970057249069213,0.0454184412956237,0.1333013772964477,88,8431,60542,False
0.22.0,held_sport,running,evaluation,interval,history_quantile_tcn,0.12.0,,held_sport,joint_user_sport__running,history_informed,60,0.5,false,conformal_adjustment_bpm,"origin-within-session, session-within-user, equal-user mean",3,20260722;20260723;20260724,0.0,0.0,0.0,88,8431,60542,False
0.22.0,held_sport,running,evaluation,interval,history_quantile_tcn,0.12.0,,held_sport,joint_user_sport__running,history_informed,60,0.5,false,mean_interval_width_bpm,"origin-within-session, session-within-user, equal-user mean",3,20260722;20260723;20260724,9.28990077972412,8.75532341003418,10.063800811767578,88,8431,60542,False
0.22.0,held_sport,running,evaluation,interval,history_quantile_tcn,0.12.0,,held_sport,joint_user_sport__running,history_informed,60,0.5,false,picp,"origin-within-session, session-within-user, equal-user mean",3,20260722;20260723;20260724,0.5970057249069214,0.5454184412956238,0.6333013772964478,88,8431,60542,False
0.22.0,held_sport,running,evaluation,interval,history_quantile_tcn,0.12.0,,held_sport,joint_user_sport__running,history_informed,60,0.5,true,absolute_coverage_error,"origin-within-session, session-within-user, equal-user mean",3,20260722;20260723;20260724,0.0970057249069213,0.0526590943336486,0.1333013772964477,88,8431,60542,False
0.22.0,held_sport,running,evaluation,interval,history_quantile_tcn,0.12.0,,held_sport,joint_user_sport__running,history_informed,60,0.5,true,conformal_adjustment_bpm,"origin-within-session, session-within-user, equal-user mean",3,20260722;20260723;20260724,0.0,0.0,0.060943603515625,88,8431,60542,False
0.22.0,held_sport,running,evaluation,interval,history_quantile_tcn,0.12.0,,held_sport,joint_user_sport__running,history_informed,60,0.5,true,mean_interval_width_bpm,"origin-within-session, session-within-user, equal-user mean",3,20260722;20260723;20260724,9.28990077972412,8.877152442932129,10.063800811767578,88,8431,60542,False
0.22.0,held_sport,running,evaluation,interval,history_quantile_tcn,0.12.0,,held_sport,joint_user_sport__running,history_informed,60,0.5,true,picp,"origin-within-session, session-within-user, equal-user mean",3,20260722;20260723;20260724,0.5970057249069214,0.5526590943336487,0.6333013772964478,88,8431,60542,False
0.22.0,held_sport,running,evaluation,interval,history_quantile_tcn,0.12.0,,held_sport,joint_user_sport__running,history_informed,60,0.8,false,absolute_coverage_error,"origin-within-session, session-within-user, equal-user mean",3,20260722;20260723;20260724,0.0634300231933593,0.0353210687637328,0.0928340673446654,88,8431,60542,False
0.22.0,held_sport,running,evaluation,interval,history_quantile_tcn,0.12.0,,held_sport,joint_user_sport__running,history_informed,60,0.8,false,conformal_adjustment_bpm,"origin-within-session, session-within-user, equal-user mean",3,20260722;20260723;20260724,0.0,0.0,0.0,88,8431,60542,False
0.22.0,held_sport,running,evaluation,interval,history_quantile_tcn,0.12.0,,held_sport,joint_user_sport__running,history_informed,60,0.8,false,mean_interval_width_bpm,"origin-within-session, session-within-user, equal-user mean",3,20260722;20260723;20260724,19.06143951416016,18.066673278808597,20.707883834838867,88,8431,60542,False
0.22.0,held_sport,running,evaluation,interval,history_quantile_tcn,0.12.0,,held_sport,joint_user_sport__running,history_informed,60,0.8,false,picp,"origin-within-session, session-within-user, equal-user mean",3,20260722;20260723;20260724,0.8634300231933594,0.8353210687637329,0.8928340673446655,88,8431,60542,False
0.22.0,held_sport,running,evaluation,interval,history_quantile_tcn,0.12.0,,held_sport,joint_user_sport__running,history_informed,60,0.8,true,absolute_coverage_error,"origin-within-session, session-within-user, equal-user mean",3,20260722;20260723;20260724,0.0634300231933593,0.0411443829536437,0.0928340673446654,88,8431,60542,False
0.22.0,held_sport,running,evaluation,interval,history_quantile_tcn,0.12.0,,held_sport,joint_user_sport__running,history_informed,60,0.8,true,conformal_adjustment_bpm,"origin-within-session, session-within-user, equal-user mean",3,20260722;20260723;20260724,0.0,0.0,0.1584854125976562,88,8431,60542,False
0.22.0,held_sport,running,evaluation,interval,history_quantile_tcn,0.12.0,,held_sport,joint_user_sport__running,history_informed,60,0.8,true,mean_interval_width_bpm,"origin-within-session, session-within-user, equal-user mean",3,20260722;20260723;20260724,19.06143951416016,18.383190155029297,20.707883834838867,88,8431,60542,False
0.22.0,held_sport,running,evaluation,interval,history_quantile_tcn,0.12.0,,held_sport,joint_user_sport__running,history_informed,60,0.8,true,picp,"origin-within-session, session-within-user, equal-user mean",3,20260722;20260723;20260724,0.8634300231933594,0.8411443829536438,0.8928340673446655,88,8431,60542,False
0.22.0,held_sport,running,evaluation,interval,history_quantile_tcn,0.12.0,,held_sport,joint_user_sport__running,history_informed,60,0.9,false,absolute_coverage_error,"origin-within-session, session-within-user, equal-user mean",3,20260722;20260723;20260724,0.0390127062797546,0.0225328564643859,0.0567512273788451,88,8431,60542,False
0.22.0,held_sport,running,evaluation,interval,history_quantile_tcn,0.12.0,,held_sport,joint_user_sport__running,history_informed,60,0.9,false,conformal_adjustment_bpm,"origin-within-session, session-within-user, equal-user mean",3,20260722;20260723;20260724,0.0,0.0,0.0,88,8431,60542,False
0.22.0,held_sport,running,evaluation,interval,history_quantile_tcn,0.12.0,,held_sport,joint_user_sport__running,history_informed,60,0.9,false,mean_interval_width_bpm,"origin-within-session, session-within-user, equal-user mean",3,20260722;20260723;20260724,26.077259063720703,24.74308013916016,28.338951110839844,88,8431,60542,False
0.22.0,held_sport,running,evaluation,interval,history_quantile_tcn,0.12.0,,held_sport,joint_user_sport__running,history_informed,60,0.9,false,picp,"origin-within-session, session-within-user, equal-user mean",3,20260722;20260723;20260724,0.9390127062797546,0.922532856464386,0.9567512273788452,88,8431,60542,False
0.22.0,held_sport,running,evaluation,interval,history_quantile_tcn,0.12.0,,held_sport,joint_user_sport__running,history_informed,60,0.9,true,absolute_coverage_error,"origin-within-session, session-within-user, equal-user mean",3,20260722;20260723;20260724,0.0390127062797546,0.0283590912818908,0.0567512273788451,88,8431,60542,False
0.22.0,held_sport,running,evaluation,interval,history_quantile_tcn,0.12.0,,held_sport,joint_user_sport__running,history_informed,60,0.9,true,conformal_adjustment_bpm,"origin-within-session, session-within-user, equal-user mean",3,20260722;20260723;20260724,0.0,0.0,0.2259979248046875,88,8431,60542,False
0.22.0,held_sport,running,evaluation,interval,history_quantile_tcn,0.12.0,,held_sport,joint_user_sport__running,history_informed,60,0.9,true,mean_interval_width_bpm,"origin-within-session, session-within-user, equal-user mean",3,20260722;20260723;20260724,26.077259063720703,25.1940975189209,28.338951110839844,88,8431,60542,False
0.22.0,held_sport,running,evaluation,interval,history_quantile_tcn,0.12.0,,held_sport,joint_user_sport__running,history_informed,60,0.9,true,picp,"origin-within-session, session-within-user, equal-user mean",3,20260722;20260723;20260724,0.9390127062797546,0.9283590912818908,0.9567512273788452,88,8431,60542,False
0.22.0,held_sport,running,evaluation,interval,history_quantile_tcn,0.12.0,,held_sport,joint_user_sport__running,history_informed,180,0.5,false,absolute_coverage_error,"origin-within-session, session-within-user, equal-user mean",3,20260722;20260723;20260724,0.0956199765205383,0.0902748107910156,0.1580132842063903,88,8431,60542,False
0.22.0,held_sport,running,evaluation,interval,history_quantile_tcn,0.12.0,,held_sport,joint_user_sport__running,history_informed,180,0.5,false,conformal_adjustment_bpm,"origin-within-session, session-within-user, equal-user mean",3,20260722;20260723;20260724,0.0,0.0,0.0,88,8431,60542,False
0.22.0,held_sport,running,evaluation,interval,history_quantile_tcn,0.12.0,,held_sport,joint_user_sport__running,history_informed,180,0.5,false,mean_interval_width_bpm,"origin-within-session, session-within-user, equal-user mean",3,20260722;20260723;20260724,12.271994590759276,11.725213050842283,13.396512031555176,88,8431,60542,False
0.22.0,held_sport,running,evaluation,interval,history_quantile_tcn,0.12.0,,held_sport,joint_user_sport__running,history_informed,180,0.5,false,picp,"origin-within-session, session-within-user, equal-user mean",3,20260722;20260723;20260724,0.5956199765205383,0.5902748107910156,0.6580132842063904,88,8431,60542,False
0.22.0,held_sport,running,evaluation,interval,history_quantile_tcn,0.12.0,,held_sport,joint_user_sport__running,history_informed,180,0.5,true,absolute_coverage_error,"origin-within-session, session-within-user, equal-user mean",3,20260722;20260723;20260724,0.0956199765205383,0.0902748107910156,0.1580132842063903,88,8431,60542,False
0.22.0,held_sport,running,evaluation,interval,history_quantile_tcn,0.12.0,,held_sport,joint_user_sport__running,history_informed,180,0.5,true,conformal_adjustment_bpm,"origin-within-session, session-within-user, equal-user mean",3,20260722;20260723;20260724,0.0,0.0,0.0,88,8431,60542,False
0.22.0,held_sport,running,evaluation,interval,history_quantile_tcn,0.12.0,,held_sport,joint_user_sport__running,history_informed,180,0.5,true,mean_interval_width_bpm,"origin-within-session, session-within-user, equal-user mean",3,20260722;20260723;20260724,12.271994590759276,11.725213050842283,13.396512031555176,88,8431,60542,False
0.22.0,held_sport,running,evaluation,interval,history_quantile_tcn,0.12.0,,held_sport,joint_user_sport__running,history_informed,180,0.5,true,picp,"origin-within-session, session-within-user, equal-user mean",3,20260722;20260723;20260724,0.5956199765205383,0.5902748107910156,0.6580132842063904,88,8431,60542,False
0.22.0,held_sport,running,evaluation,interval,history_quantile_tcn,0.12.0,,held_sport,joint_user_sport__running,history_informed,180,0.8,false,absolute_coverage_error,"origin-within-session, session-within-user, equal-user mean",3,20260722;20260723;20260724,0.0551475405693053,0.0414630889892577,0.0896960616111754,88,8431,60542,False
0.22.0,held_sport,running,evaluation,interval,history_quantile_tcn,0.12.0,,held_sport,joint_user_sport__running,history_informed,180,0.8,false,conformal_adjustment_bpm,"origin-within-session, session-within-user, equal-user mean",3,20260722;20260723;20260724,0.0,0.0,0.0,88,8431,60542,False
0.22.0,held_sport,running,evaluation,interval,history_quantile_tcn,0.12.0,,held_sport,joint_user_sport__running,history_informed,180,0.8,false,mean_interval_width_bpm,"origin-within-session, session-within-user, equal-user mean",3,20260722;20260723;20260724,25.12334632873535,23.55348396301269,27.148887634277344,88,8431,60542,False
0.22.0,held_sport,running,evaluation,interval,history_quantile_tcn,0.12.0,,held_sport,joint_user_sport__running,history_informed,180,0.8,false,picp,"origin-within-session, session-within-user, equal-user mean",3,20260722;20260723;20260724,0.8551475405693054,0.8414630889892578,0.8896960616111755,88,8431,60542,False
0.22.0,held_sport,running,evaluation,interval,history_quantile_tcn,0.12.0,,held_sport,joint_user_sport__running,history_informed,180,0.8,true,absolute_coverage_error,"origin-within-session, session-within-user, equal-user mean",3,20260722;20260723;20260724,0.0551475405693053,0.0472740650177001,0.0896960616111754,88,8431,60542,False
0.22.0,held_sport,running,evaluation,interval,history_quantile_tcn,0.12.0,,held_sport,joint_user_sport__running,history_informed,180,0.8,true,conformal_adjustment_bpm,"origin-within-session, session-within-user, equal-user mean",3,20260722;20260723;20260724,0.0,0.0,0.2018280029296875,88,8431,60542,False
0.22.0,held_sport,running,evaluation,interval,history_quantile_tcn,0.12.0,,held_sport,joint_user_sport__running,history_informed,180,0.8,true,mean_interval_width_bpm,"origin-within-session, session-within-user, equal-user mean",3,20260722;20260723;20260724,25.12334632873535,23.956937789916992,27.148887634277344,88,8431,60542,False
0.22.0,held_sport,running,evaluation,interval,history_quantile_tcn,0.12.0,,held_sport,joint_user_sport__running,history_informed,180,0.8,true,picp,"origin-within-session, session-within-user, equal-user mean",3,20260722;20260723;20260724,0.8551475405693054,0.8472740650177002,0.8896960616111755,88,8431,60542,False
0.22.0,held_sport,running,evaluation,interval,history_quantile_tcn,0.12.0,,held_sport,joint_user_sport__running,history_informed,180,0.9,false,absolute_coverage_error,"origin-within-session, session-within-user, equal-user mean",3,20260722;20260723;20260724,0.0289875030517577,0.0109807610511779,0.049904978275299,88,8431,60542,False
0.22.0,held_sport,running,evaluation,interval,history_quantile_tcn,0.12.0,,held_sport,joint_user_sport__running,history_informed,180,0.9,false,conformal_adjustment_bpm,"origin-within-session, session-within-user, equal-user mean",3,20260722;20260723;20260724,0.0,0.0,0.0,88,8431,60542,False
0.22.0,held_sport,running,evaluation,interval,history_quantile_tcn,0.12.0,,held_sport,joint_user_sport__running,history_informed,180,0.9,false,mean_interval_width_bpm,"origin-within-session, session-within-user, equal-user mean",3,20260722;20260723;20260724,34.34343338012695,31.93755340576172,37.062686920166016,88,8431,60542,False
0.22.0,held_sport,running,evaluation,interval,history_quantile_tcn,0.12.0,,held_sport,joint_user_sport__running,history_informed,180,0.9,false,picp,"origin-within-session, session-within-user, equal-user mean",3,20260722;20260723;20260724,0.9289875030517578,0.910980761051178,0.9499049782752992,88,8431,60542,False
0.22.0,held_sport,running,evaluation,interval,history_quantile_tcn,0.12.0,,held_sport,joint_user_sport__running,history_informed,180,0.9,true,absolute_coverage_error,"origin-within-session, session-within-user, equal-user mean",3,20260722;20260723;20260724,0.0305979013442992,0.0191515445709228,0.049904978275299,88,8431,60542,False
0.22.0,held_sport,running,evaluation,interval,history_quantile_tcn,0.12.0,,held_sport,joint_user_sport__running,history_informed,180,0.9,true,conformal_adjustment_bpm,"origin-within-session, session-within-user, equal-user mean",3,20260722;20260723;20260724,0.171875,0.0,0.4930572509765625,88,8431,60542,False
0.22.0,held_sport,running,evaluation,interval,history_quantile_tcn,0.12.0,,held_sport,joint_user_sport__running,history_informed,180,0.9,true,mean_interval_width_bpm,"origin-within-session, session-within-user, equal-user mean",3,20260722;20260723;20260724,34.6870002746582,32.92305374145508,37.062686920166016,88,8431,60542,False
0.22.0,held_sport,running,evaluation,interval,history_quantile_tcn,0.12.0,,held_sport,joint_user_sport__running,history_informed,180,0.9,true,picp,"origin-within-session, session-within-user, equal-user mean",3,20260722;20260723;20260724,0.9305979013442992,0.9191515445709229,0.9499049782752992,88,8431,60542,False
0.22.0,held_sport,running,evaluation,interval,history_quantile_tcn,0.12.0,,held_sport,joint_user_sport__running,history_informed,300,0.5,false,absolute_coverage_error,"origin-within-session, session-within-user, equal-user mean",3,20260722;20260723;20260724,0.0812407732009887,0.0687267184257507,0.1347976326942443,88,8431,60542,False
0.22.0,held_sport,running,evaluation,interval,history_quantile_tcn,0.12.0,,held_sport,joint_user_sport__running,history_informed,300,0.5,false,conformal_adjustment_bpm,"origin-within-session, session-within-user, equal-user mean",3,20260722;20260723;20260724,0.0,0.0,0.0,88,8431,60542,False
0.22.0,held_sport,running,evaluation,interval,history_quantile_tcn,0.12.0,,held_sport,joint_user_sport__running,history_informed,300,0.5,false,mean_interval_width_bpm,"origin-within-session, session-within-user, equal-user mean",3,20260722;20260723;20260724,13.7074556350708,13.10119342803955,15.028609275817873,88,8431,60542,False
0.22.0,held_sport,running,evaluation,interval,history_quantile_tcn,0.12.0,,held_sport,joint_user_sport__running,history_informed,300,0.5,false,picp,"origin-within-session, session-within-user, equal-user mean",3,20260722;20260723;20260724,0.5812407732009888,0.5687267184257507,0.6347976326942444,88,8431,60542,False
0.22.0,held_sport,running,evaluation,interval,history_quantile_tcn,0.12.0,,held_sport,joint_user_sport__running,history_informed,300,0.5,true,absolute_coverage_error,"origin-within-session, session-within-user, equal-user mean",3,20260722;20260723;20260724,0.0812407732009887,0.0687267184257507,0.1347976326942443,88,8431,60542,False
0.22.0,held_sport,running,evaluation,interval,history_quantile_tcn,0.12.0,,held_sport,joint_user_sport__running,history_informed,300,0.5,true,conformal_adjustment_bpm,"origin-within-session, session-within-user, equal-user mean",3,20260722;20260723;20260724,0.0,0.0,0.0,88,8431,60542,False
0.22.0,held_sport,running,evaluation,interval,history_quantile_tcn,0.12.0,,held_sport,joint_user_sport__running,history_informed,300,0.5,true,mean_interval_width_bpm,"origin-within-session, session-within-user, equal-user mean",3,20260722;20260723;20260724,13.7074556350708,13.10119342803955,15.028609275817873,88,8431,60542,False
0.22.0,held_sport,running,evaluation,interval,history_quantile_tcn,0.12.0,,held_sport,joint_user_sport__running,history_informed,300,0.5,true,picp,"origin-within-session, session-within-user, equal-user mean",3,20260722;20260723;20260724,0.5812407732009888,0.5687267184257507,0.6347976326942444,88,8431,60542,False
0.22.0,held_sport,running,evaluation,interval,history_quantile_tcn,0.12.0,,held_sport,joint_user_sport__running,history_informed,300,0.8,false,absolute_coverage_error,"origin-within-session, session-within-user, equal-user mean",3,20260722;20260723;20260724,0.0435710668563842,0.0371757268905639,0.0797536492347716,88,8431,60542,False
0.22.0,held_sport,running,evaluation,interval,history_quantile_tcn,0.12.0,,held_sport,joint_user_sport__running,history_informed,300,0.8,false,conformal_adjustment_bpm,"origin-within-session, session-within-user, equal-user mean",3,20260722;20260723;20260724,0.0,0.0,0.0,88,8431,60542,False
0.22.0,held_sport,running,evaluation,interval,history_quantile_tcn,0.12.0,,held_sport,joint_user_sport__running,history_informed,300,0.8,false,mean_interval_width_bpm,"origin-within-session, session-within-user, equal-user mean",3,20260722;20260723;20260724,27.986452102661133,26.44983673095703,30.27596473693848,88,8431,60542,False
0.22.0,held_sport,running,evaluation,interval,history_quantile_tcn,0.12.0,,held_sport,joint_user_sport__running,history_informed,300,0.8,false,picp,"origin-within-session, session-within-user, equal-user mean",3,20260722;20260723;20260724,0.8435710668563843,0.837175726890564,0.8797536492347717,88,8431,60542,False
0.22.0,held_sport,running,evaluation,interval,history_quantile_tcn,0.12.0,,held_sport,joint_user_sport__running,history_informed,300,0.8,true,absolute_coverage_error,"origin-within-session, session-within-user, equal-user mean",3,20260722;20260723;20260724,0.0435710668563842,0.0371757268905639,0.0797536492347716,88,8431,60542,False
0.22.0,held_sport,running,evaluation,interval,history_quantile_tcn,0.12.0,,held_sport,joint_user_sport__running,history_informed,300,0.8,true,conformal_adjustment_bpm,"origin-within-session, session-within-user, equal-user mean",3,20260722;20260723;20260724,0.0,0.0,0.0,88,8431,60542,False
0.22.0,held_sport,running,evaluation,interval,history_quantile_tcn,0.12.0,,held_sport,joint_user_sport__running,history_informed,300,0.8,true,mean_interval_width_bpm,"origin-within-session, session-within-user, equal-user mean",3,20260722;20260723;20260724,27.986452102661133,26.44983673095703,30.27596473693848,88,8431,60542,False
0.22.0,held_sport,running,evaluation,interval,history_quantile_tcn,0.12.0,,held_sport,joint_user_sport__running,history_informed,300,0.8,true,picp,"origin-within-session, session-within-user, equal-user mean",3,20260722;20260723;20260724,0.8435710668563843,0.837175726890564,0.8797536492347717,88,8431,60542,False
0.22.0,held_sport,running,evaluation,interval,history_quantile_tcn,0.12.0,,held_sport,joint_user_sport__running,history_informed,300,0.9,false,absolute_coverage_error,"origin-within-session, session-within-user, equal-user mean",3,20260722;20260723;20260724,0.0194646477699279,0.0093126654624938,0.0408174157142638,88,8431,60542,False
0.22.0,held_sport,running,evaluation,interval,history_quantile_tcn,0.12.0,,held_sport,joint_user_sport__running,history_informed,300,0.9,false,conformal_adjustment_bpm,"origin-within-session, session-within-user, equal-user mean",3,20260722;20260723;20260724,0.0,0.0,0.0,88,8431,60542,False
0.22.0,held_sport,running,evaluation,interval,history_quantile_tcn,0.12.0,,held_sport,joint_user_sport__running,history_informed,300,0.9,false,mean_interval_width_bpm,"origin-within-session, session-within-user, equal-user mean",3,20260722;20260723;20260724,37.95479202270508,35.15449142456055,40.630001068115234,88,8431,60542,False
0.22.0,held_sport,running,evaluation,interval,history_quantile_tcn,0.12.0,,held_sport,joint_user_sport__running,history_informed,300,0.9,false,picp,"origin-within-session, session-within-user, equal-user mean",3,20260722;20260723;20260724,0.919464647769928,0.909312665462494,0.940817415714264,88,8431,60542,False
0.22.0,held_sport,running,evaluation,interval,history_quantile_tcn,0.12.0,,held_sport,joint_user_sport__running,history_informed,300,0.9,true,absolute_coverage_error,"origin-within-session, session-within-user, equal-user mean",3,20260722;20260723;20260724,0.0194646477699279,0.0149639010429382,0.0408174157142638,88,8431,60542,False
0.22.0,held_sport,running,evaluation,interval,history_quantile_tcn,0.12.0,,held_sport,joint_user_sport__running,history_informed,300,0.9,true,conformal_adjustment_bpm,"origin-within-session, session-within-user, equal-user mean",3,20260722;20260723;20260724,0.0,0.0,0.3370513916015625,88,8431,60542,False
0.22.0,held_sport,running,evaluation,interval,history_quantile_tcn,0.12.0,,held_sport,joint_user_sport__running,history_informed,300,0.9,true,mean_interval_width_bpm,"origin-within-session, session-within-user, equal-user mean",3,20260722;20260723;20260724,37.95479202270508,35.82818984985352,40.630001068115234,88,8431,60542,False
0.22.0,held_sport,running,evaluation,interval,history_quantile_tcn,0.12.0,,held_sport,joint_user_sport__running,history_informed,300,0.9,true,picp,"origin-within-session, session-within-user, equal-user mean",3,20260722;20260723;20260724,0.919464647769928,0.9149639010429382,0.940817415714264,88,8431,60542,False
0.22.0,held_sport,running,evaluation,interval,history_quantile_tcn,0.12.0,,held_sport,joint_user_sport__running,zero_history,60,0.5,false,absolute_coverage_error,"origin-within-session, session-within-user, equal-user mean",3,20260722;20260723;20260724,0.0821576714515686,0.0534862279891967,0.1330670714378357,88,8431,60542,False
0.22.0,held_sport,running,evaluation,interval,history_quantile_tcn,0.12.0,,held_sport,joint_user_sport__running,zero_history,60,0.5,false,conformal_adjustment_bpm,"origin-within-session, session-within-user, equal-user mean",3,20260722;20260723;20260724,0.0,0.0,0.0,88,8431,60542,False
0.22.0,held_sport,running,evaluation,interval,history_quantile_tcn,0.12.0,,held_sport,joint_user_sport__running,zero_history,60,0.5,false,mean_interval_width_bpm,"origin-within-session, session-within-user, equal-user mean",3,20260722;20260723;20260724,9.023272514343262,8.708593368530273,10.04234504699707,88,8431,60542,False
0.22.0,held_sport,running,evaluation,interval,history_quantile_tcn,0.12.0,,held_sport,joint_user_sport__running,zero_history,60,0.5,false,picp,"origin-within-session, session-within-user, equal-user mean",3,20260722;20260723;20260724,0.5821576714515686,0.5534862279891968,0.6330670714378357,88,8431,60542,False
0.22.0,held_sport,running,evaluation,interval,history_quantile_tcn,0.12.0,,held_sport,joint_user_sport__running,zero_history,60,0.5,true,absolute_coverage_error,"origin-within-session, session-within-user, equal-user mean",3,20260722;20260723;20260724,0.0821576714515686,0.0534862279891967,0.1330670714378357,88,8431,60542,False
0.22.0,held_sport,running,evaluation,interval,history_quantile_tcn,0.12.0,,held_sport,joint_user_sport__running,zero_history,60,0.5,true,conformal_adjustment_bpm,"origin-within-session, session-within-user, equal-user mean",3,20260722;20260723;20260724,0.0,0.0,0.0,88,8431,60542,False
0.22.0,held_sport,running,evaluation,interval,history_quantile_tcn,0.12.0,,held_sport,joint_user_sport__running,zero_history,60,0.5,true,mean_interval_width_bpm,"origin-within-session, session-within-user, equal-user mean",3,20260722;20260723;20260724,9.023272514343262,8.708593368530273,10.04234504699707,88,8431,60542,False
0.22.0,held_sport,running,evaluation,interval,history_quantile_tcn,0.12.0,,held_sport,joint_user_sport__running,zero_history,60,0.5,true,picp,"origin-within-session, session-within-user, equal-user mean",3,20260722;20260723;20260724,0.5821576714515686,0.5534862279891968,0.6330670714378357,88,8431,60542,False
0.22.0,held_sport,running,evaluation,interval,history_quantile_tcn,0.12.0,,held_sport,joint_user_sport__running,zero_history,60,0.8,false,absolute_coverage_error,"origin-within-session, session-within-user, equal-user mean",3,20260722;20260723;20260724,0.0583492040634154,0.0428068757057189,0.0970546722412109,88,8431,60542,False
0.22.0,held_sport,running,evaluation,interval,history_quantile_tcn,0.12.0,,held_sport,joint_user_sport__running,zero_history,60,0.8,false,conformal_adjustment_bpm,"origin-within-session, session-within-user, equal-user mean",3,20260722;20260723;20260724,0.0,0.0,0.0,88,8431,60542,False
0.22.0,held_sport,running,evaluation,interval,history_quantile_tcn,0.12.0,,held_sport,joint_user_sport__running,zero_history,60,0.8,false,mean_interval_width_bpm,"origin-within-session, session-within-user, equal-user mean",3,20260722;20260723;20260724,18.40721702575684,17.941120147705078,20.36071014404297,88,8431,60542,False
0.22.0,held_sport,running,evaluation,interval,history_quantile_tcn,0.12.0,,held_sport,joint_user_sport__running,zero_history,60,0.8,false,picp,"origin-within-session, session-within-user, equal-user mean",3,20260722;20260723;20260724,0.8583492040634155,0.842806875705719,0.8970546722412109,88,8431,60542,False
0.22.0,held_sport,running,evaluation,interval,history_quantile_tcn,0.12.0,,held_sport,joint_user_sport__running,zero_history,60,0.8,true,absolute_coverage_error,"origin-within-session, session-within-user, equal-user mean",3,20260722;20260723;20260724,0.0583492040634154,0.0464261889457702,0.0970546722412109,88,8431,60542,False
0.22.0,held_sport,running,evaluation,interval,history_quantile_tcn,0.12.0,,held_sport,joint_user_sport__running,zero_history,60,0.8,true,conformal_adjustment_bpm,"origin-within-session, session-within-user, equal-user mean",3,20260722;20260723;20260724,0.0,0.0,0.0946197509765625,88,8431,60542,False
0.22.0,held_sport,running,evaluation,interval,history_quantile_tcn,0.12.0,,held_sport,joint_user_sport__running,zero_history,60,0.8,true,mean_interval_width_bpm,"origin-within-session, session-within-user, equal-user mean",3,20260722;20260723;20260724,18.40721702575684,18.13009452819824,20.36071014404297,88,8431,60542,False
0.22.0,held_sport,running,evaluation,interval,history_quantile_tcn,0.12.0,,held_sport,joint_user_sport__running,zero_history,60,0.8,true,picp,"origin-within-session, session-within-user, equal-user mean",3,20260722;20260723;20260724,0.8583492040634155,0.8464261889457703,0.8970546722412109,88,8431,60542,False
0.22.0,held_sport,running,evaluation,interval,history_quantile_tcn,0.12.0,,held_sport,joint_user_sport__running,zero_history,60,0.9,false,absolute_coverage_error,"origin-within-session, session-within-user, equal-user mean",3,20260722;20260723;20260724,0.0359019994735717,0.0320362210273742,0.0553029537200927,88,8431,60542,False
0.22.0,held_sport,running,evaluation,interval,history_quantile_tcn,0.12.0,,held_sport,joint_user_sport__running,zero_history,60,0.9,false,conformal_adjustment_bpm,"origin-within-session, session-within-user, equal-user mean",3,20260722;20260723;20260724,0.0,0.0,0.0,88,8431,60542,False
0.22.0,held_sport,running,evaluation,interval,history_quantile_tcn,0.12.0,,held_sport,joint_user_sport__running,zero_history,60,0.9,false,mean_interval_width_bpm,"origin-within-session, session-within-user, equal-user mean",3,20260722;20260723;20260724,25.157316207885746,24.593151092529297,27.646411895751957,88,8431,60542,False
0.22.0,held_sport,running,evaluation,interval,history_quantile_tcn,0.12.0,,held_sport,joint_user_sport__running,zero_history,60,0.9,false,picp,"origin-within-session, session-within-user, equal-user mean",3,20260722;20260723;20260724,0.9359019994735718,0.9320362210273744,0.9553029537200928,88,8431,60542,False
0.22.0,held_sport,running,evaluation,interval,history_quantile_tcn,0.12.0,,held_sport,joint_user_sport__running,zero_history,60,0.9,true,absolute_coverage_error,"origin-within-session, session-within-user, equal-user mean",3,20260722;20260723;20260724,0.0393624663352966,0.0365976452827453,0.0553029537200927,88,8431,60542,False
0.22.0,held_sport,running,evaluation,interval,history_quantile_tcn,0.12.0,,held_sport,joint_user_sport__running,zero_history,60,0.9,true,conformal_adjustment_bpm,"origin-within-session, session-within-user, equal-user mean",3,20260722;20260723;20260724,0.03125,0.0,0.28515625,88,8431,60542,False
0.22.0,held_sport,running,evaluation,interval,history_quantile_tcn,0.12.0,,held_sport,joint_user_sport__running,zero_history,60,0.9,true,mean_interval_width_bpm,"origin-within-session, session-within-user, equal-user mean",3,20260722;20260723;20260724,25.21967887878418,25.1622257232666,27.646411895751957,88,8431,60542,False
0.22.0,held_sport,running,evaluation,interval,history_quantile_tcn,0.12.0,,held_sport,joint_user_sport__running,zero_history,60,0.9,true,picp,"origin-within-session, session-within-user, equal-user mean",3,20260722;20260723;20260724,0.9393624663352966,0.9365976452827454,0.9553029537200928,88,8431,60542,False
0.22.0,held_sport,running,evaluation,interval,history_quantile_tcn,0.12.0,,held_sport,joint_user_sport__running,zero_history,180,0.5,false,absolute_coverage_error,"origin-within-session, session-within-user, equal-user mean",3,20260722;20260723;20260724,0.0868967175483703,0.0724592804908752,0.1436779499053955,88,8431,60542,False
0.22.0,held_sport,running,evaluation,interval,history_quantile_tcn,0.12.0,,held_sport,joint_user_sport__running,zero_history,180,0.5,false,conformal_adjustment_bpm,"origin-within-session, session-within-user, equal-user mean",3,20260722;20260723;20260724,0.0,0.0,0.0,88,8431,60542,False
0.22.0,held_sport,running,evaluation,interval,history_quantile_tcn,0.12.0,,held_sport,joint_user_sport__running,zero_history,180,0.5,false,mean_interval_width_bpm,"origin-within-session, session-within-user, equal-user mean",3,20260722;20260723;20260724,11.512434005737305,11.484891891479492,12.852550506591797,88,8431,60542,False
0.22.0,held_sport,running,evaluation,interval,history_quantile_tcn,0.12.0,,held_sport,joint_user_sport__running,zero_history,180,0.5,false,picp,"origin-within-session, session-within-user, equal-user mean",3,20260722;20260723;20260724,0.5868967175483704,0.5724592804908752,0.6436779499053955,88,8431,60542,False
0.22.0,held_sport,running,evaluation,interval,history_quantile_tcn,0.12.0,,held_sport,joint_user_sport__running,zero_history,180,0.5,true,absolute_coverage_error,"origin-within-session, session-within-user, equal-user mean",3,20260722;20260723;20260724,0.1003604531288147,0.0815346240997314,0.1436779499053955,88,8431,60542,False
0.22.0,held_sport,running,evaluation,interval,history_quantile_tcn,0.12.0,,held_sport,joint_user_sport__running,zero_history,180,0.5,true,conformal_adjustment_bpm,"origin-within-session, session-within-user, equal-user mean",3,20260722;20260723;20260724,0.1015625,0.0,0.125457763671875,88,8431,60542,False
0.22.0,held_sport,running,evaluation,interval,history_quantile_tcn,0.12.0,,held_sport,joint_user_sport__running,zero_history,180,0.5,true,mean_interval_width_bpm,"origin-within-session, session-within-user, equal-user mean",3,20260722;20260723;20260724,11.763258934020996,11.68796730041504,12.852550506591797,88,8431,60542,False
0.22.0,held_sport,running,evaluation,interval,history_quantile_tcn,0.12.0,,held_sport,joint_user_sport__running,zero_history,180,0.5,true,picp,"origin-within-session, session-within-user, equal-user mean",3,20260722;20260723;20260724,0.6003604531288147,0.5815346240997314,0.6436779499053955,88,8431,60542,False
0.22.0,held_sport,running,evaluation,interval,history_quantile_tcn,0.12.0,,held_sport,joint_user_sport__running,zero_history,180,0.8,false,absolute_coverage_error,"origin-within-session, session-within-user, equal-user mean",3,20260722;20260723;20260724,0.0530969023704528,0.0468055725097655,0.0837295770645141,88,8431,60542,False
0.22.0,held_sport,running,evaluation,interval,history_quantile_tcn,0.12.0,,held_sport,joint_user_sport__running,zero_history,180,0.8,false,conformal_adjustment_bpm,"origin-within-session, session-within-user, equal-user mean",3,20260722;20260723;20260724,0.0,0.0,0.0,88,8431,60542,False
0.22.0,held_sport,running,evaluation,interval,history_quantile_tcn,0.12.0,,held_sport,joint_user_sport__running,zero_history,180,0.8,false,mean_interval_width_bpm,"origin-within-session, session-within-user, equal-user mean",3,20260722;20260723;20260724,23.827009201049805,23.399457931518555,26.15764045715332,88,8431,60542,False
0.22.0,held_sport,running,evaluation,interval,history_quantile_tcn,0.12.0,,held_sport,joint_user_sport__running,zero_history,180,0.8,false,picp,"origin-within-session, session-within-user, equal-user mean",3,20260722;20260723;20260724,0.8530969023704529,0.8468055725097656,0.8837295770645142,88,8431,60542,False
0.22.0,held_sport,running,evaluation,interval,history_quantile_tcn,0.12.0,,held_sport,joint_user_sport__running,zero_history,180,0.8,true,absolute_coverage_error,"origin-within-session, session-within-user, equal-user mean",3,20260722;20260723;20260724,0.0663045763969421,0.0558032512664794,0.0837295770645141,88,8431,60542,False
0.22.0,held_sport,running,evaluation,interval,history_quantile_tcn,0.12.0,,held_sport,joint_user_sport__running,zero_history,180,0.8,true,conformal_adjustment_bpm,"origin-within-session, session-within-user, equal-user mean",3,20260722;20260723;20260724,0.265625,0.0,0.4609375,88,8431,60542,False
0.22.0,held_sport,running,evaluation,interval,history_quantile_tcn,0.12.0,,held_sport,joint_user_sport__running,zero_history,180,0.8,true,mean_interval_width_bpm,"origin-within-session, session-within-user, equal-user mean",3,20260722;20260723;20260724,24.35807037353516,24.320838928222656,26.15764045715332,88,8431,60542,False
0.22.0,held_sport,running,evaluation,interval,history_quantile_tcn,0.12.0,,held_sport,joint_user_sport__running,zero_history,180,0.8,true,picp,"origin-within-session, session-within-user, equal-user mean",3,20260722;20260723;20260724,0.8663045763969421,0.8558032512664795,0.8837295770645142,88,8431,60542,False
0.22.0,held_sport,running,evaluation,interval,history_quantile_tcn,0.12.0,,held_sport,joint_user_sport__running,zero_history,180,0.9,false,absolute_coverage_error,"origin-within-session, session-within-user, equal-user mean",3,20260722;20260723;20260724,0.0256786704063415,0.0227501153945922,0.0467126727104186,88,8431,60542,False
0.22.0,held_sport,running,evaluation,interval,history_quantile_tcn,0.12.0,,held_sport,joint_user_sport__running,zero_history,180,0.9,false,conformal_adjustment_bpm,"origin-within-session, session-within-user, equal-user mean",3,20260722;20260723;20260724,0.0,0.0,0.0,88,8431,60542,False
0.22.0,held_sport,running,evaluation,interval,history_quantile_tcn,0.12.0,,held_sport,joint_user_sport__running,zero_history,180,0.9,false,mean_interval_width_bpm,"origin-within-session, session-within-user, equal-user mean",3,20260722;20260723;20260724,32.96597671508789,31.93141365051269,35.822017669677734,88,8431,60542,False
0.22.0,held_sport,running,evaluation,interval,history_quantile_tcn,0.12.0,,held_sport,joint_user_sport__running,zero_history,180,0.9,false,picp,"origin-within-session, session-within-user, equal-user mean",3,20260722;20260723;20260724,0.9256786704063416,0.9227501153945924,0.9467126727104188,88,8431,60542,False
0.22.0,held_sport,running,evaluation,interval,history_quantile_tcn,0.12.0,,held_sport,joint_user_sport__running,zero_history,180,0.9,true,absolute_coverage_error,"origin-within-session, session-within-user, equal-user mean",3,20260722;20260723;20260724,0.0321927428245544,0.0302133917808532,0.0467126727104186,88,8431,60542,False
0.22.0,held_sport,running,evaluation,interval,history_quantile_tcn,0.12.0,,held_sport,joint_user_sport__running,zero_history,180,0.9,true,conformal_adjustment_bpm,"origin-within-session, session-within-user, equal-user mean",3,20260722;20260723;20260724,0.271697998046875,0.0,0.6339263916015625,88,8431,60542,False
0.22.0,held_sport,running,evaluation,interval,history_quantile_tcn,0.12.0,,held_sport,joint_user_sport__running,zero_history,180,0.9,true,mean_interval_width_bpm,"origin-within-session, session-within-user, equal-user mean",3,20260722;20260723;20260724,33.50907897949219,33.19847106933594,35.822017669677734,88,8431,60542,False
0.22.0,held_sport,running,evaluation,interval,history_quantile_tcn,0.12.0,,held_sport,joint_user_sport__running,zero_history,180,0.9,true,picp,"origin-within-session, session-within-user, equal-user mean",3,20260722;20260723;20260724,0.9321927428245544,0.9302133917808532,0.9467126727104188,88,8431,60542,False
0.22.0,held_sport,running,evaluation,interval,history_quantile_tcn,0.12.0,,held_sport,joint_user_sport__running,zero_history,300,0.5,false,absolute_coverage_error,"origin-within-session, session-within-user, equal-user mean",3,20260722;20260723;20260724,0.0853552818298339,0.0528821349143981,0.1274030804634094,88,8431,60542,False
0.22.0,held_sport,running,evaluation,interval,history_quantile_tcn,0.12.0,,held_sport,joint_user_sport__running,zero_history,300,0.5,false,conformal_adjustment_bpm,"origin-within-session, session-within-user, equal-user mean",3,20260722;20260723;20260724,0.0,0.0,0.0,88,8431,60542,False
0.22.0,held_sport,running,evaluation,interval,history_quantile_tcn,0.12.0,,held_sport,joint_user_sport__running,zero_history,300,0.5,false,mean_interval_width_bpm,"origin-within-session, session-within-user, equal-user mean",3,20260722;20260723;20260724,12.964397430419922,12.799918174743652,14.36814022064209,88,8431,60542,False
0.22.0,held_sport,running,evaluation,interval,history_quantile_tcn,0.12.0,,held_sport,joint_user_sport__running,zero_history,300,0.5,false,picp,"origin-within-session, session-within-user, equal-user mean",3,20260722;20260723;20260724,0.585355281829834,0.5528821349143982,0.6274030804634094,88,8431,60542,False
0.22.0,held_sport,running,evaluation,interval,history_quantile_tcn,0.12.0,,held_sport,joint_user_sport__running,zero_history,300,0.5,true,absolute_coverage_error,"origin-within-session, session-within-user, equal-user mean",3,20260722;20260723;20260724,0.0853552818298339,0.0528821349143981,0.1274030804634094,88,8431,60542,False
0.22.0,held_sport,running,evaluation,interval,history_quantile_tcn,0.12.0,,held_sport,joint_user_sport__running,zero_history,300,0.5,true,conformal_adjustment_bpm,"origin-within-session, session-within-user, equal-user mean",3,20260722;20260723;20260724,0.0,0.0,0.0,88,8431,60542,False
0.22.0,held_sport,running,evaluation,interval,history_quantile_tcn,0.12.0,,held_sport,joint_user_sport__running,zero_history,300,0.5,true,mean_interval_width_bpm,"origin-within-session, session-within-user, equal-user mean",3,20260722;20260723;20260724,12.964397430419922,12.799918174743652,14.36814022064209,88,8431,60542,False
0.22.0,held_sport,running,evaluation,interval,history_quantile_tcn,0.12.0,,held_sport,joint_user_sport__running,zero_history,300,0.5,true,picp,"origin-within-session, session-within-user, equal-user mean",3,20260722;20260723;20260724,0.585355281829834,0.5528821349143982,0.6274030804634094,88,8431,60542,False
0.22.0,held_sport,running,evaluation,interval,history_quantile_tcn,0.12.0,,held_sport,joint_user_sport__running,zero_history,300,0.8,false,absolute_coverage_error,"origin-within-session, session-within-user, equal-user mean",3,20260722;20260723;20260724,0.0474413156509399,0.0330354094505309,0.0696897625923156,88,8431,60542,False
0.22.0,held_sport,running,evaluation,interval,history_quantile_tcn,0.12.0,,held_sport,joint_user_sport__running,zero_history,300,0.8,false,conformal_adjustment_bpm,"origin-within-session, session-within-user, equal-user mean",3,20260722;20260723;20260724,0.0,0.0,0.0,88,8431,60542,False
0.22.0,held_sport,running,evaluation,interval,history_quantile_tcn,0.12.0,,held_sport,joint_user_sport__running,zero_history,300,0.8,false,mean_interval_width_bpm,"origin-within-session, session-within-user, equal-user mean",3,20260722;20260723;20260724,26.544654846191406,26.353612899780277,29.07897186279297,88,8431,60542,False
0.22.0,held_sport,running,evaluation,interval,history_quantile_tcn,0.12.0,,held_sport,joint_user_sport__running,zero_history,300,0.8,false,picp,"origin-within-session, session-within-user, equal-user mean",3,20260722;20260723;20260724,0.8474413156509399,0.833035409450531,0.8696897625923157,88,8431,60542,False
0.22.0,held_sport,running,evaluation,interval,history_quantile_tcn,0.12.0,,held_sport,joint_user_sport__running,zero_history,300,0.8,true,absolute_coverage_error,"origin-within-session, session-within-user, equal-user mean",3,20260722;20260723;20260724,0.0474413156509399,0.0330354094505309,0.0696897625923156,88,8431,60542,False
0.22.0,held_sport,running,evaluation,interval,history_quantile_tcn,0.12.0,,held_sport,joint_user_sport__running,zero_history,300,0.8,true,conformal_adjustment_bpm,"origin-within-session, session-within-user, equal-user mean",3,20260722;20260723;20260724,0.0,0.0,0.0,88,8431,60542,False
0.22.0,held_sport,running,evaluation,interval,history_quantile_tcn,0.12.0,,held_sport,joint_user_sport__running,zero_history,300,0.8,true,mean_interval_width_bpm,"origin-within-session, session-within-user, equal-user mean",3,20260722;20260723;20260724,26.544654846191406,26.353612899780277,29.07897186279297,88,8431,60542,False
0.22.0,held_sport,running,evaluation,interval,history_quantile_tcn,0.12.0,,held_sport,joint_user_sport__running,zero_history,300,0.8,true,picp,"origin-within-session, session-within-user, equal-user mean",3,20260722;20260723;20260724,0.8474413156509399,0.833035409450531,0.8696897625923157,88,8431,60542,False
0.22.0,held_sport,running,evaluation,interval,history_quantile_tcn,0.12.0,,held_sport,joint_user_sport__running,zero_history,300,0.9,false,absolute_coverage_error,"origin-within-session, session-within-user, equal-user mean",3,20260722;20260723;20260724,0.0209546446800231,0.0169617295265197,0.0376043677330016,88,8431,60542,False
0.22.0,held_sport,running,evaluation,interval,history_quantile_tcn,0.12.0,,held_sport,joint_user_sport__running,zero_history,300,0.9,false,conformal_adjustment_bpm,"origin-within-session, session-within-user, equal-user mean",3,20260722;20260723;20260724,0.0,0.0,0.0,88,8431,60542,False
0.22.0,held_sport,running,evaluation,interval,history_quantile_tcn,0.12.0,,held_sport,joint_user_sport__running,zero_history,300,0.9,false,mean_interval_width_bpm,"origin-within-session, session-within-user, equal-user mean",3,20260722;20260723;20260724,36.58407211303711,35.26611328125,39.25777816772461,88,8431,60542,False
0.22.0,held_sport,running,evaluation,interval,history_quantile_tcn,0.12.0,,held_sport,joint_user_sport__running,zero_history,300,0.9,false,picp,"origin-within-session, session-within-user, equal-user mean",3,20260722;20260723;20260724,0.9209546446800232,0.9169617295265198,0.9376043677330016,88,8431,60542,False
0.22.0,held_sport,running,evaluation,interval,history_quantile_tcn,0.12.0,,held_sport,joint_user_sport__running,zero_history,300,0.9,true,absolute_coverage_error,"origin-within-session, session-within-user, equal-user mean",3,20260722;20260723;20260724,0.0258514642715453,0.0169617295265197,0.0376043677330016,88,8431,60542,False
0.22.0,held_sport,running,evaluation,interval,history_quantile_tcn,0.12.0,,held_sport,joint_user_sport__running,zero_history,300,0.9,true,conformal_adjustment_bpm,"origin-within-session, session-within-user, equal-user mean",3,20260722;20260723;20260724,0.0,0.0,0.23046875,88,8431,60542,False
0.22.0,held_sport,running,evaluation,interval,history_quantile_tcn,0.12.0,,held_sport,joint_user_sport__running,zero_history,300,0.9,true,mean_interval_width_bpm,"origin-within-session, session-within-user, equal-user mean",3,20260722;20260723;20260724,36.58407211303711,35.726776123046875,39.25777816772461,88,8431,60542,False
0.22.0,held_sport,running,evaluation,interval,history_quantile_tcn,0.12.0,,held_sport,joint_user_sport__running,zero_history,300,0.9,true,picp,"origin-within-session, session-within-user, equal-user mean",3,20260722;20260723;20260724,0.9258514642715454,0.9169617295265198,0.9376043677330016,88,8431,60542,False
0.22.0,held_sport,running,evaluation,interval,history_quantile_tcn,0.12.0,,held_sport,unseen_sport__running,history_informed,60,0.5,false,absolute_coverage_error,"origin-within-session, session-within-user, equal-user mean",3,20260722;20260723;20260724,0.0790070295333862,0.0384572148323059,0.1262941360473632,448,44652,308648,False
0.22.0,held_sport,running,evaluation,interval,history_quantile_tcn,0.12.0,,held_sport,unseen_sport__running,history_informed,60,0.5,false,conformal_adjustment_bpm,"origin-within-session, session-within-user, equal-user mean",3,20260722;20260723;20260724,0.0,0.0,0.0,448,44652,308648,False
0.22.0,held_sport,running,evaluation,interval,history_quantile_tcn,0.12.0,,held_sport,unseen_sport__running,history_informed,60,0.5,false,mean_interval_width_bpm,"origin-within-session, session-within-user, equal-user mean",3,20260722;20260723;20260724,9.362462997436523,8.707894325256348,10.056422233581545,448,44652,308648,False
0.22.0,held_sport,running,evaluation,interval,history_quantile_tcn,0.12.0,,held_sport,unseen_sport__running,history_informed,60,0.5,false,picp,"origin-within-session, session-within-user, equal-user mean",3,20260722;20260723;20260724,0.5790070295333862,0.5384572148323059,0.6262941360473633,448,44652,308648,False
0.22.0,held_sport,running,evaluation,interval,history_quantile_tcn,0.12.0,,held_sport,unseen_sport__running,history_informed,60,0.5,true,absolute_coverage_error,"origin-within-session, session-within-user, equal-user mean",3,20260722;20260723;20260724,0.0790070295333862,0.0469888448715209,0.1262941360473632,448,44652,308648,False
0.22.0,held_sport,running,evaluation,interval,history_quantile_tcn,0.12.0,,held_sport,unseen_sport__running,history_informed,60,0.5,true,conformal_adjustment_bpm,"origin-within-session, session-within-user, equal-user mean",3,20260722;20260723;20260724,0.0,0.0,0.060943603515625,448,44652,308648,False
0.22.0,held_sport,running,evaluation,interval,history_quantile_tcn,0.12.0,,held_sport,unseen_sport__running,history_informed,60,0.5,true,mean_interval_width_bpm,"origin-within-session, session-within-user, equal-user mean",3,20260722;20260723;20260724,9.362462997436523,8.829778671264648,10.056422233581545,448,44652,308648,False
0.22.0,held_sport,running,evaluation,interval,history_quantile_tcn,0.12.0,,held_sport,unseen_sport__running,history_informed,60,0.5,true,picp,"origin-within-session, session-within-user, equal-user mean",3,20260722;20260723;20260724,0.5790070295333862,0.546988844871521,0.6262941360473633,448,44652,308648,False
0.22.0,held_sport,running,evaluation,interval,history_quantile_tcn,0.12.0,,held_sport,unseen_sport__running,history_informed,60,0.8,false,absolute_coverage_error,"origin-within-session, session-within-user, equal-user mean",3,20260722;20260723;20260724,0.0634651899337768,0.0390297889709472,0.0896166086196899,448,44652,308648,False
0.22.0,held_sport,running,evaluation,interval,history_quantile_tcn,0.12.0,,held_sport,unseen_sport__running,history_informed,60,0.8,false,conformal_adjustment_bpm,"origin-within-session, session-within-user, equal-user mean",3,20260722;20260723;20260724,0.0,0.0,0.0,448,44652,308648,False
0.22.0,held_sport,running,evaluation,interval,history_quantile_tcn,0.12.0,,held_sport,unseen_sport__running,history_informed,60,0.8,false,mean_interval_width_bpm,"origin-within-session, session-within-user, equal-user mean",3,20260722;20260723;20260724,19.39652633666992,18.06845474243164,20.860219955444336,448,44652,308648,False
0.22.0,held_sport,running,evaluation,interval,history_quantile_tcn,0.12.0,,held_sport,unseen_sport__running,history_informed,60,0.8,false,picp,"origin-within-session, session-within-user, equal-user mean",3,20260722;20260723;20260724,0.8634651899337769,0.8390297889709473,0.8896166086196899,448,44652,308648,False
0.22.0,held_sport,running,evaluation,interval,history_quantile_tcn,0.12.0,,held_sport,unseen_sport__running,history_informed,60,0.8,true,absolute_coverage_error,"origin-within-session, session-within-user, equal-user mean",3,20260722;20260723;20260724,0.0634651899337768,0.0452863693237304,0.0896166086196899,448,44652,308648,False
0.22.0,held_sport,running,evaluation,interval,history_quantile_tcn,0.12.0,,held_sport,unseen_sport__running,history_informed,60,0.8,true,conformal_adjustment_bpm,"origin-within-session, session-within-user, equal-user mean",3,20260722;20260723;20260724,0.0,0.0,0.1584854125976562,448,44652,308648,False
0.22.0,held_sport,running,evaluation,interval,history_quantile_tcn,0.12.0,,held_sport,unseen_sport__running,history_informed,60,0.8,true,mean_interval_width_bpm,"origin-within-session, session-within-user, equal-user mean",3,20260722;20260723;20260724,19.39652633666992,18.38537979125977,20.860219955444336,448,44652,308648,False
0.22.0,held_sport,running,evaluation,interval,history_quantile_tcn,0.12.0,,held_sport,unseen_sport__running,history_informed,60,0.8,true,picp,"origin-within-session, session-within-user, equal-user mean",3,20260722;20260723;20260724,0.8634651899337769,0.8452863693237305,0.8896166086196899,448,44652,308648,False
0.22.0,held_sport,running,evaluation,interval,history_quantile_tcn,0.12.0,,held_sport,unseen_sport__running,history_informed,60,0.9,false,absolute_coverage_error,"origin-within-session, session-within-user, equal-user mean",3,20260722;20260723;20260724,0.0343284964561462,0.0183431267738342,0.0486947655677795,448,44652,308648,False
0.22.0,held_sport,running,evaluation,interval,history_quantile_tcn,0.12.0,,held_sport,unseen_sport__running,history_informed,60,0.9,false,conformal_adjustment_bpm,"origin-within-session, session-within-user, equal-user mean",3,20260722;20260723;20260724,0.0,0.0,0.0,448,44652,308648,False
0.22.0,held_sport,running,evaluation,interval,history_quantile_tcn,0.12.0,,held_sport,unseen_sport__running,history_informed,60,0.9,false,mean_interval_width_bpm,"origin-within-session, session-within-user, equal-user mean",3,20260722;20260723;20260724,26.59295082092285,24.79211807250977,28.62588119506836,448,44652,308648,False
0.22.0,held_sport,running,evaluation,interval,history_quantile_tcn,0.12.0,,held_sport,unseen_sport__running,history_informed,60,0.9,false,picp,"origin-within-session, session-within-user, equal-user mean",3,20260722;20260723;20260724,0.9343284964561462,0.9183431267738342,0.9486947655677797,448,44652,308648,False
0.22.0,held_sport,running,evaluation,interval,history_quantile_tcn,0.12.0,,held_sport,unseen_sport__running,history_informed,60,0.9,true,absolute_coverage_error,"origin-within-session, session-within-user, equal-user mean",3,20260722;20260723;20260724,0.0343284964561462,0.0226015210151672,0.0486947655677795,448,44652,308648,False
0.22.0,held_sport,running,evaluation,interval,history_quantile_tcn,0.12.0,,held_sport,unseen_sport__running,history_informed,60,0.9,true,conformal_adjustment_bpm,"origin-within-session, session-within-user, equal-user mean",3,20260722;20260723;20260724,0.0,0.0,0.2259979248046875,448,44652,308648,False
0.22.0,held_sport,running,evaluation,interval,history_quantile_tcn,0.12.0,,held_sport,unseen_sport__running,history_informed,60,0.9,true,mean_interval_width_bpm,"origin-within-session, session-within-user, equal-user mean",3,20260722;20260723;20260724,26.59295082092285,25.2440185546875,28.62588119506836,448,44652,308648,False
0.22.0,held_sport,running,evaluation,interval,history_quantile_tcn,0.12.0,,held_sport,unseen_sport__running,history_informed,60,0.9,true,picp,"origin-within-session, session-within-user, equal-user mean",3,20260722;20260723;20260724,0.9343284964561462,0.9226015210151672,0.9486947655677797,448,44652,308648,False
0.22.0,held_sport,running,evaluation,interval,history_quantile_tcn,0.12.0,,held_sport,unseen_sport__running,history_informed,180,0.5,false,absolute_coverage_error,"origin-within-session, session-within-user, equal-user mean",3,20260722;20260723;20260724,0.0790160298347473,0.0732851028442382,0.1335574388504028,448,44652,308648,False
0.22.0,held_sport,running,evaluation,interval,history_quantile_tcn,0.12.0,,held_sport,unseen_sport__running,history_informed,180,0.5,false,conformal_adjustment_bpm,"origin-within-session, session-within-user, equal-user mean",3,20260722;20260723;20260724,0.0,0.0,0.0,448,44652,308648,False
0.22.0,held_sport,running,evaluation,interval,history_quantile_tcn,0.12.0,,held_sport,unseen_sport__running,history_informed,180,0.5,false,mean_interval_width_bpm,"origin-within-session, session-within-user, equal-user mean",3,20260722;20260723;20260724,12.636406898498535,11.80526065826416,13.597068786621094,448,44652,308648,False
0.22.0,held_sport,running,evaluation,interval,history_quantile_tcn,0.12.0,,held_sport,unseen_sport__running,history_informed,180,0.5,false,picp,"origin-within-session, session-within-user, equal-user mean",3,20260722;20260723;20260724,0.5790160298347473,0.5732851028442383,0.6335574388504028,448,44652,308648,False
0.22.0,held_sport,running,evaluation,interval,history_quantile_tcn,0.12.0,,held_sport,unseen_sport__running,history_informed,180,0.5,true,absolute_coverage_error,"origin-within-session, session-within-user, equal-user mean",3,20260722;20260723;20260724,0.0790160298347473,0.0732851028442382,0.1335574388504028,448,44652,308648,False
0.22.0,held_sport,running,evaluation,interval,history_quantile_tcn,0.12.0,,held_sport,unseen_sport__running,history_informed,180,0.5,true,conformal_adjustment_bpm,"origin-within-session, session-within-user, equal-user mean",3,20260722;20260723;20260724,0.0,0.0,0.0,448,44652,308648,False
0.22.0,held_sport,running,evaluation,interval,history_quantile_tcn,0.12.0,,held_sport,unseen_sport__running,history_informed,180,0.5,true,mean_interval_width_bpm,"origin-within-session, session-within-user, equal-user mean",3,20260722;20260723;20260724,12.636406898498535,11.80526065826416,13.597068786621094,448,44652,308648,False
0.22.0,held_sport,running,evaluation,interval,history_quantile_tcn,0.12.0,,held_sport,unseen_sport__running,history_informed,180,0.5,true,picp,"origin-within-session, session-within-user, equal-user mean",3,20260722;20260723;20260724,0.5790160298347473,0.5732851028442383,0.6335574388504028,448,44652,308648,False
0.22.0,held_sport,running,evaluation,interval,history_quantile_tcn,0.12.0,,held_sport,unseen_sport__running,history_informed,180,0.8,false,absolute_coverage_error,"origin-within-session, session-within-user, equal-user mean",3,20260722;20260723;20260724,0.0450175523757934,0.0299593329429626,0.0779336214065551,448,44652,308648,False
0.22.0,held_sport,running,evaluation,interval,history_quantile_tcn,0.12.0,,held_sport,unseen_sport__running,history_informed,180,0.8,false,conformal_adjustment_bpm,"origin-within-session, session-within-user, equal-user mean",3,20260722;20260723;20260724,0.0,0.0,0.0,448,44652,308648,False
0.22.0,held_sport,running,evaluation,interval,history_quantile_tcn,0.12.0,,held_sport,unseen_sport__running,history_informed,180,0.8,false,mean_interval_width_bpm,"origin-within-session, session-within-user, equal-user mean",3,20260722;20260723;20260724,25.75053596496582,23.603849411010746,27.47467422485352,448,44652,308648,False
0.22.0,held_sport,running,evaluation,interval,history_quantile_tcn,0.12.0,,held_sport,unseen_sport__running,history_informed,180,0.8,false,picp,"origin-within-session, session-within-user, equal-user mean",3,20260722;20260723;20260724,0.8450175523757935,0.8299593329429626,0.8779336214065552,448,44652,308648,False
0.22.0,held_sport,running,evaluation,interval,history_quantile_tcn,0.12.0,,held_sport,unseen_sport__running,history_informed,180,0.8,true,absolute_coverage_error,"origin-within-session, session-within-user, equal-user mean",3,20260722;20260723;20260724,0.0450175523757934,0.0380514979362487,0.0779336214065551,448,44652,308648,False
0.22.0,held_sport,running,evaluation,interval,history_quantile_tcn,0.12.0,,held_sport,unseen_sport__running,history_informed,180,0.8,true,conformal_adjustment_bpm,"origin-within-session, session-within-user, equal-user mean",3,20260722;20260723;20260724,0.0,0.0,0.2018280029296875,448,44652,308648,False
0.22.0,held_sport,running,evaluation,interval,history_quantile_tcn,0.12.0,,held_sport,unseen_sport__running,history_informed,180,0.8,true,mean_interval_width_bpm,"origin-within-session, session-within-user, equal-user mean",3,20260722;20260723;20260724,25.75053596496582,24.00749397277832,27.47467422485352,448,44652,308648,False
0.22.0,held_sport,running,evaluation,interval,history_quantile_tcn,0.12.0,,held_sport,unseen_sport__running,history_informed,180,0.8,true,picp,"origin-within-session, session-within-user, equal-user mean",3,20260722;20260723;20260724,0.8450175523757935,0.8380514979362488,0.8779336214065552,448,44652,308648,False
0.22.0,held_sport,running,evaluation,interval,history_quantile_tcn,0.12.0,,held_sport,unseen_sport__running,history_informed,180,0.9,false,absolute_coverage_error,"origin-within-session, session-within-user, equal-user mean",3,20260722;20260723;20260724,0.0230681657791137,0.0091749191284179,0.0421990513801574,448,44652,308648,False
0.22.0,held_sport,running,evaluation,interval,history_quantile_tcn,0.12.0,,held_sport,unseen_sport__running,history_informed,180,0.9,false,conformal_adjustment_bpm,"origin-within-session, session-within-user, equal-user mean",3,20260722;20260723;20260724,0.0,0.0,0.0,448,44652,308648,False
0.22.0,held_sport,running,evaluation,interval,history_quantile_tcn,0.12.0,,held_sport,unseen_sport__running,history_informed,180,0.9,false,mean_interval_width_bpm,"origin-within-session, session-within-user, equal-user mean",3,20260722;20260723;20260724,35.082542419433594,31.97549057006836,37.47529983520508,448,44652,308648,False
0.22.0,held_sport,running,evaluation,interval,history_quantile_tcn,0.12.0,,held_sport,unseen_sport__running,history_informed,180,0.9,false,picp,"origin-within-session, session-within-user, equal-user mean",3,20260722;20260723;20260724,0.9230681657791138,0.909174919128418,0.9421990513801576,448,44652,308648,False
0.22.0,held_sport,running,evaluation,interval,history_quantile_tcn,0.12.0,,held_sport,unseen_sport__running,history_informed,180,0.9,true,absolute_coverage_error,"origin-within-session, session-within-user, equal-user mean",3,20260722;20260723;20260724,0.0256316423416137,0.0181632995605468,0.0421990513801574,448,44652,308648,False
0.22.0,held_sport,running,evaluation,interval,history_quantile_tcn,0.12.0,,held_sport,unseen_sport__running,history_informed,180,0.9,true,conformal_adjustment_bpm,"origin-within-session, session-within-user, equal-user mean",3,20260722;20260723;20260724,0.171875,0.0,0.4930572509765625,448,44652,308648,False
0.22.0,held_sport,running,evaluation,interval,history_quantile_tcn,0.12.0,,held_sport,unseen_sport__running,history_informed,180,0.9,true,mean_interval_width_bpm,"origin-within-session, session-within-user, equal-user mean",3,20260722;20260723;20260724,35.4262809753418,32.9615592956543,37.47529983520508,448,44652,308648,False
0.22.0,held_sport,running,evaluation,interval,history_quantile_tcn,0.12.0,,held_sport,unseen_sport__running,history_informed,180,0.9,true,picp,"origin-within-session, session-within-user, equal-user mean",3,20260722;20260723;20260724,0.9256316423416138,0.9181632995605468,0.9421990513801576,448,44652,308648,False
0.22.0,held_sport,running,evaluation,interval,history_quantile_tcn,0.12.0,,held_sport,unseen_sport__running,history_informed,300,0.5,false,absolute_coverage_error,"origin-within-session, session-within-user, equal-user mean",3,20260722;20260723;20260724,0.0607548952102661,0.06030935049057,0.1089155077934265,448,44652,308648,False
0.22.0,held_sport,running,evaluation,interval,history_quantile_tcn,0.12.0,,held_sport,unseen_sport__running,history_informed,300,0.5,false,conformal_adjustment_bpm,"origin-within-session, session-within-user, equal-user mean",3,20260722;20260723;20260724,0.0,0.0,0.0,448,44652,308648,False
0.22.0,held_sport,running,evaluation,interval,history_quantile_tcn,0.12.0,,held_sport,unseen_sport__running,history_informed,300,0.5,false,mean_interval_width_bpm,"origin-within-session, session-within-user, equal-user mean",3,20260722;20260723;20260724,14.16086769104004,13.17546272277832,15.278305053710938,448,44652,308648,False
0.22.0,held_sport,running,evaluation,interval,history_quantile_tcn,0.12.0,,held_sport,unseen_sport__running,history_informed,300,0.5,false,picp,"origin-within-session, session-within-user, equal-user mean",3,20260722;20260723;20260724,0.5607548952102661,0.5603093504905701,0.6089155077934265,448,44652,308648,False
0.22.0,held_sport,running,evaluation,interval,history_quantile_tcn,0.12.0,,held_sport,unseen_sport__running,history_informed,300,0.5,true,absolute_coverage_error,"origin-within-session, session-within-user, equal-user mean",3,20260722;20260723;20260724,0.0607548952102661,0.06030935049057,0.1089155077934265,448,44652,308648,False
0.22.0,held_sport,running,evaluation,interval,history_quantile_tcn,0.12.0,,held_sport,unseen_sport__running,history_informed,300,0.5,true,conformal_adjustment_bpm,"origin-within-session, session-within-user, equal-user mean",3,20260722;20260723;20260724,0.0,0.0,0.0,448,44652,308648,False
0.22.0,held_sport,running,evaluation,interval,history_quantile_tcn,0.12.0,,held_sport,unseen_sport__running,history_informed,300,0.5,true,mean_interval_width_bpm,"origin-within-session, session-within-user, equal-user mean",3,20260722;20260723;20260724,14.16086769104004,13.17546272277832,15.278305053710938,448,44652,308648,False
0.22.0,held_sport,running,evaluation,interval,history_quantile_tcn,0.12.0,,held_sport,unseen_sport__running,history_informed,300,0.5,true,picp,"origin-within-session, session-within-user, equal-user mean",3,20260722;20260723;20260724,0.5607548952102661,0.5603093504905701,0.6089155077934265,448,44652,308648,False
0.22.0,held_sport,running,evaluation,interval,history_quantile_tcn,0.12.0,,held_sport,unseen_sport__running,history_informed,300,0.8,false,absolute_coverage_error,"origin-within-session, session-within-user, equal-user mean",3,20260722;20260723;20260724,0.0318166136741637,0.0230048418045043,0.06343514919281,448,44652,308648,False
0.22.0,held_sport,running,evaluation,interval,history_quantile_tcn,0.12.0,,held_sport,unseen_sport__running,history_informed,300,0.8,false,conformal_adjustment_bpm,"origin-within-session, session-within-user, equal-user mean",3,20260722;20260723;20260724,0.0,0.0,0.0,448,44652,308648,False
0.22.0,held_sport,running,evaluation,interval,history_quantile_tcn,0.12.0,,held_sport,unseen_sport__running,history_informed,300,0.8,false,mean_interval_width_bpm,"origin-within-session, session-within-user, equal-user mean",3,20260722;20260723;20260724,28.733640670776367,26.51447868347168,30.679521560668945,448,44652,308648,False
0.22.0,held_sport,running,evaluation,interval,history_quantile_tcn,0.12.0,,held_sport,unseen_sport__running,history_informed,300,0.8,false,picp,"origin-within-session, session-within-user, equal-user mean",3,20260722;20260723;20260724,0.8318166136741638,0.8230048418045044,0.8634351491928101,448,44652,308648,False
0.22.0,held_sport,running,evaluation,interval,history_quantile_tcn,0.12.0,,held_sport,unseen_sport__running,history_informed,300,0.8,true,absolute_coverage_error,"origin-within-session, session-within-user, equal-user mean",3,20260722;20260723;20260724,0.0318166136741637,0.0230048418045043,0.06343514919281,448,44652,308648,False
0.22.0,held_sport,running,evaluation,interval,history_quantile_tcn,0.12.0,,held_sport,unseen_sport__running,history_informed,300,0.8,true,conformal_adjustment_bpm,"origin-within-session, session-within-user, equal-user mean",3,20260722;20260723;20260724,0.0,0.0,0.0,448,44652,308648,False
0.22.0,held_sport,running,evaluation,interval,history_quantile_tcn,0.12.0,,held_sport,unseen_sport__running,history_informed,300,0.8,true,mean_interval_width_bpm,"origin-within-session, session-within-user, equal-user mean",3,20260722;20260723;20260724,28.733640670776367,26.51447868347168,30.679521560668945,448,44652,308648,False
0.22.0,held_sport,running,evaluation,interval,history_quantile_tcn,0.12.0,,held_sport,unseen_sport__running,history_informed,300,0.8,true,picp,"origin-within-session, session-within-user, equal-user mean",3,20260722;20260723;20260724,0.8318166136741638,0.8230048418045044,0.8634351491928101,448,44652,308648,False
0.22.0,held_sport,running,evaluation,interval,history_quantile_tcn,0.12.0,,held_sport,unseen_sport__running,history_informed,300,0.9,false,absolute_coverage_error,"origin-within-session, session-within-user, equal-user mean",3,20260722;20260723;20260724,0.0102624654769897,0.000491464138031,0.0318631291389465,448,44652,308648,False
0.22.0,held_sport,running,evaluation,interval,history_quantile_tcn,0.12.0,,held_sport,unseen_sport__running,history_informed,300,0.9,false,conformal_adjustment_bpm,"origin-within-session, session-within-user, equal-user mean",3,20260722;20260723;20260724,0.0,0.0,0.0,448,44652,308648,False
0.22.0,held_sport,running,evaluation,interval,history_quantile_tcn,0.12.0,,held_sport,unseen_sport__running,history_informed,300,0.9,false,mean_interval_width_bpm,"origin-within-session, session-within-user, equal-user mean",3,20260722;20260723;20260724,38.74394989013672,35.20222091674805,41.08966064453125,448,44652,308648,False
0.22.0,held_sport,running,evaluation,interval,history_quantile_tcn,0.12.0,,held_sport,unseen_sport__running,history_informed,300,0.9,false,picp,"origin-within-session, session-within-user, equal-user mean",3,20260722;20260723;20260724,0.9102624654769896,0.899508535861969,0.9318631291389464,448,44652,308648,False
0.22.0,held_sport,running,evaluation,interval,history_quantile_tcn,0.12.0,,held_sport,unseen_sport__running,history_informed,300,0.9,true,absolute_coverage_error,"origin-within-session, session-within-user, equal-user mean",3,20260722;20260723;20260724,0.0102624654769897,0.0050116539001464,0.0318631291389465,448,44652,308648,False
0.22.0,held_sport,running,evaluation,interval,history_quantile_tcn,0.12.0,,held_sport,unseen_sport__running,history_informed,300,0.9,true,conformal_adjustment_bpm,"origin-within-session, session-within-user, equal-user mean",3,20260722;20260723;20260724,0.0,0.0,0.3370513916015625,448,44652,308648,False
0.22.0,held_sport,running,evaluation,interval,history_quantile_tcn,0.12.0,,held_sport,unseen_sport__running,history_informed,300,0.9,true,mean_interval_width_bpm,"origin-within-session, session-within-user, equal-user mean",3,20260722;20260723;20260724,38.74394989013672,35.87629699707031,41.08966064453125,448,44652,308648,False
0.22.0,held_sport,running,evaluation,interval,history_quantile_tcn,0.12.0,,held_sport,unseen_sport__running,history_informed,300,0.9,true,picp,"origin-within-session, session-within-user, equal-user mean",3,20260722;20260723;20260724,0.9102624654769896,0.9050116539001464,0.9318631291389464,448,44652,308648,False
0.22.0,held_sport,running,evaluation,interval,history_quantile_tcn,0.12.0,,held_sport,unseen_sport__running,zero_history,60,0.5,false,absolute_coverage_error,"origin-within-session, session-within-user, equal-user mean",3,20260722;20260723;20260724,0.0676619410514831,0.0421553254127502,0.1306014657020568,448,44652,308648,False
0.22.0,held_sport,running,evaluation,interval,history_quantile_tcn,0.12.0,,held_sport,unseen_sport__running,zero_history,60,0.5,false,conformal_adjustment_bpm,"origin-within-session, session-within-user, equal-user mean",3,20260722;20260723;20260724,0.0,0.0,0.0,448,44652,308648,False
0.22.0,held_sport,running,evaluation,interval,history_quantile_tcn,0.12.0,,held_sport,unseen_sport__running,zero_history,60,0.5,false,mean_interval_width_bpm,"origin-within-session, session-within-user, equal-user mean",3,20260722;20260723;20260724,9.035027503967283,8.661470413208008,10.105241775512695,448,44652,308648,False
0.22.0,held_sport,running,evaluation,interval,history_quantile_tcn,0.12.0,,held_sport,unseen_sport__running,zero_history,60,0.5,false,picp,"origin-within-session, session-within-user, equal-user mean",3,20260722;20260723;20260724,0.5676619410514832,0.5421553254127502,0.6306014657020569,448,44652,308648,False
0.22.0,held_sport,running,evaluation,interval,history_quantile_tcn,0.12.0,,held_sport,unseen_sport__running,zero_history,60,0.5,true,absolute_coverage_error,"origin-within-session, session-within-user, equal-user mean",3,20260722;20260723;20260724,0.0676619410514831,0.0421553254127502,0.1306014657020568,448,44652,308648,False
0.22.0,held_sport,running,evaluation,interval,history_quantile_tcn,0.12.0,,held_sport,unseen_sport__running,zero_history,60,0.5,true,conformal_adjustment_bpm,"origin-within-session, session-within-user, equal-user mean",3,20260722;20260723;20260724,0.0,0.0,0.0,448,44652,308648,False
0.22.0,held_sport,running,evaluation,interval,history_quantile_tcn,0.12.0,,held_sport,unseen_sport__running,zero_history,60,0.5,true,mean_interval_width_bpm,"origin-within-session, session-within-user, equal-user mean",3,20260722;20260723;20260724,9.035027503967283,8.661470413208008,10.105241775512695,448,44652,308648,False
0.22.0,held_sport,running,evaluation,interval,history_quantile_tcn,0.12.0,,held_sport,unseen_sport__running,zero_history,60,0.5,true,picp,"origin-within-session, session-within-user, equal-user mean",3,20260722;20260723;20260724,0.5676619410514832,0.5421553254127502,0.6306014657020569,448,44652,308648,False
0.22.0,held_sport,running,evaluation,interval,history_quantile_tcn,0.12.0,,held_sport,unseen_sport__running,zero_history,60,0.8,false,absolute_coverage_error,"origin-within-session, session-within-user, equal-user mean",3,20260722;20260723;20260724,0.0575684428215026,0.0448712229728698,0.0910011649131774,448,44652,308648,False
0.22.0,held_sport,running,evaluation,interval,history_quantile_tcn,0.12.0,,held_sport,unseen_sport__running,zero_history,60,0.8,false,conformal_adjustment_bpm,"origin-within-session, session-within-user, equal-user mean",3,20260722;20260723;20260724,0.0,0.0,0.0,448,44652,308648,False
0.22.0,held_sport,running,evaluation,interval,history_quantile_tcn,0.12.0,,held_sport,unseen_sport__running,zero_history,60,0.8,false,mean_interval_width_bpm,"origin-within-session, session-within-user, equal-user mean",3,20260722;20260723;20260724,18.60113525390625,17.965587615966797,20.58870506286621,448,44652,308648,False
0.22.0,held_sport,running,evaluation,interval,history_quantile_tcn,0.12.0,,held_sport,unseen_sport__running,zero_history,60,0.8,false,picp,"origin-within-session, session-within-user, equal-user mean",3,20260722;20260723;20260724,0.8575684428215027,0.8448712229728699,0.8910011649131775,448,44652,308648,False
0.22.0,held_sport,running,evaluation,interval,history_quantile_tcn,0.12.0,,held_sport,unseen_sport__running,zero_history,60,0.8,true,absolute_coverage_error,"origin-within-session, session-within-user, equal-user mean",3,20260722;20260723;20260724,0.0575684428215026,0.0495267033576964,0.0910011649131774,448,44652,308648,False
0.22.0,held_sport,running,evaluation,interval,history_quantile_tcn,0.12.0,,held_sport,unseen_sport__running,zero_history,60,0.8,true,conformal_adjustment_bpm,"origin-within-session, session-within-user, equal-user mean",3,20260722;20260723;20260724,0.0,0.0,0.0946197509765625,448,44652,308648,False
0.22.0,held_sport,running,evaluation,interval,history_quantile_tcn,0.12.0,,held_sport,unseen_sport__running,zero_history,60,0.8,true,mean_interval_width_bpm,"origin-within-session, session-within-user, equal-user mean",3,20260722;20260723;20260724,18.60113525390625,18.15480613708496,20.58870506286621,448,44652,308648,False
0.22.0,held_sport,running,evaluation,interval,history_quantile_tcn,0.12.0,,held_sport,unseen_sport__running,zero_history,60,0.8,true,picp,"origin-within-session, session-within-user, equal-user mean",3,20260722;20260723;20260724,0.8575684428215027,0.8495267033576965,0.8910011649131775,448,44652,308648,False
0.22.0,held_sport,running,evaluation,interval,history_quantile_tcn,0.12.0,,held_sport,unseen_sport__running,zero_history,60,0.9,false,absolute_coverage_error,"origin-within-session, session-within-user, equal-user mean",3,20260722;20260723;20260724,0.0318519234657287,0.0255319237709045,0.0474350810050964,448,44652,308648,False
0.22.0,held_sport,running,evaluation,interval,history_quantile_tcn,0.12.0,,held_sport,unseen_sport__running,zero_history,60,0.9,false,conformal_adjustment_bpm,"origin-within-session, session-within-user, equal-user mean",3,20260722;20260723;20260724,0.0,0.0,0.0,448,44652,308648,False
0.22.0,held_sport,running,evaluation,interval,history_quantile_tcn,0.12.0,,held_sport,unseen_sport__running,zero_history,60,0.9,false,mean_interval_width_bpm,"origin-within-session, session-within-user, equal-user mean",3,20260722;20260723;20260724,25.48016929626465,24.70270347595215,27.99183464050293,448,44652,308648,False
0.22.0,held_sport,running,evaluation,interval,history_quantile_tcn,0.12.0,,held_sport,unseen_sport__running,zero_history,60,0.9,false,picp,"origin-within-session, session-within-user, equal-user mean",3,20260722;20260723;20260724,0.9318519234657288,0.9255319237709044,0.9474350810050964,448,44652,308648,False
0.22.0,held_sport,running,evaluation,interval,history_quantile_tcn,0.12.0,,held_sport,unseen_sport__running,zero_history,60,0.9,true,absolute_coverage_error,"origin-within-session, session-within-user, equal-user mean",3,20260722;20260723;20260724,0.0322824478149413,0.0306114315986633,0.0474350810050964,448,44652,308648,False
0.22.0,held_sport,running,evaluation,interval,history_quantile_tcn,0.12.0,,held_sport,unseen_sport__running,zero_history,60,0.9,true,conformal_adjustment_bpm,"origin-within-session, session-within-user, equal-user mean",3,20260722;20260723;20260724,0.03125,0.0,0.28515625,448,44652,308648,False
0.22.0,held_sport,running,evaluation,interval,history_quantile_tcn,0.12.0,,held_sport,unseen_sport__running,zero_history,60,0.9,true,mean_interval_width_bpm,"origin-within-session, session-within-user, equal-user mean",3,20260722;20260723;20260724,25.542659759521484,25.27289390563965,27.99183464050293,448,44652,308648,False
0.22.0,held_sport,running,evaluation,interval,history_quantile_tcn,0.12.0,,held_sport,unseen_sport__running,zero_history,60,0.9,true,picp,"origin-within-session, session-within-user, equal-user mean",3,20260722;20260723;20260724,0.9322824478149414,0.9306114315986632,0.9474350810050964,448,44652,308648,False
0.22.0,held_sport,running,evaluation,interval,history_quantile_tcn,0.12.0,,held_sport,unseen_sport__running,zero_history,180,0.5,false,absolute_coverage_error,"origin-within-session, session-within-user, equal-user mean",3,20260722;20260723;20260724,0.0700013041496276,0.0531789660453796,0.1198847889900207,448,44652,308648,False
0.22.0,held_sport,running,evaluation,interval,history_quantile_tcn,0.12.0,,held_sport,unseen_sport__running,zero_history,180,0.5,false,conformal_adjustment_bpm,"origin-within-session, session-within-user, equal-user mean",3,20260722;20260723;20260724,0.0,0.0,0.0,448,44652,308648,False
0.22.0,held_sport,running,evaluation,interval,history_quantile_tcn,0.12.0,,held_sport,unseen_sport__running,zero_history,180,0.5,false,mean_interval_width_bpm,"origin-within-session, session-within-user, equal-user mean",3,20260722;20260723;20260724,11.67487335205078,11.599165916442873,13.054015159606934,448,44652,308648,False
0.22.0,held_sport,running,evaluation,interval,history_quantile_tcn,0.12.0,,held_sport,unseen_sport__running,zero_history,180,0.5,false,picp,"origin-within-session, session-within-user, equal-user mean",3,20260722;20260723;20260724,0.5700013041496277,0.5531789660453796,0.6198847889900208,448,44652,308648,False
0.22.0,held_sport,running,evaluation,interval,history_quantile_tcn,0.12.0,,held_sport,unseen_sport__running,zero_history,180,0.5,true,absolute_coverage_error,"origin-within-session, session-within-user, equal-user mean",3,20260722;20260723;20260724,0.0805299878120422,0.0630367994308471,0.1198847889900207,448,44652,308648,False
0.22.0,held_sport,running,evaluation,interval,history_quantile_tcn,0.12.0,,held_sport,unseen_sport__running,zero_history,180,0.5,true,conformal_adjustment_bpm,"origin-within-session, session-within-user, equal-user mean",3,20260722;20260723;20260724,0.1015625,0.0,0.125457763671875,448,44652,308648,False
0.22.0,held_sport,running,evaluation,interval,history_quantile_tcn,0.12.0,,held_sport,unseen_sport__running,zero_history,180,0.5,true,mean_interval_width_bpm,"origin-within-session, session-within-user, equal-user mean",3,20260722;20260723;20260724,11.877995491027832,11.850075721740724,13.054015159606934,448,44652,308648,False
0.22.0,held_sport,running,evaluation,interval,history_quantile_tcn,0.12.0,,held_sport,unseen_sport__running,zero_history,180,0.5,true,picp,"origin-within-session, session-within-user, equal-user mean",3,20260722;20260723;20260724,0.5805299878120422,0.5630367994308472,0.6198847889900208,448,44652,308648,False
0.22.0,held_sport,running,evaluation,interval,history_quantile_tcn,0.12.0,,held_sport,unseen_sport__running,zero_history,180,0.8,false,absolute_coverage_error,"origin-within-session, session-within-user, equal-user mean",3,20260722;20260723;20260724,0.0393978476524352,0.0369805216789245,0.0726257681846618,448,44652,308648,False
0.22.0,held_sport,running,evaluation,interval,history_quantile_tcn,0.12.0,,held_sport,unseen_sport__running,zero_history,180,0.8,false,conformal_adjustment_bpm,"origin-within-session, session-within-user, equal-user mean",3,20260722;20260723;20260724,0.0,0.0,0.0,448,44652,308648,False
0.22.0,held_sport,running,evaluation,interval,history_quantile_tcn,0.12.0,,held_sport,unseen_sport__running,zero_history,180,0.8,false,mean_interval_width_bpm,"origin-within-session, session-within-user, equal-user mean",3,20260722;20260723;20260724,24.19359016418457,23.56138801574707,26.50612068176269,448,44652,308648,False
0.22.0,held_sport,running,evaluation,interval,history_quantile_tcn,0.12.0,,held_sport,unseen_sport__running,zero_history,180,0.8,false,picp,"origin-within-session, session-within-user, equal-user mean",3,20260722;20260723;20260724,0.8393978476524353,0.8369805216789246,0.8726257681846619,448,44652,308648,False
0.22.0,held_sport,running,evaluation,interval,history_quantile_tcn,0.12.0,,held_sport,unseen_sport__running,zero_history,180,0.8,true,absolute_coverage_error,"origin-within-session, session-within-user, equal-user mean",3,20260722;20260723;20260724,0.0554891943931579,0.0451031446456908,0.0726257681846618,448,44652,308648,False
0.22.0,held_sport,running,evaluation,interval,history_quantile_tcn,0.12.0,,held_sport,unseen_sport__running,zero_history,180,0.8,true,conformal_adjustment_bpm,"origin-within-session, session-within-user, equal-user mean",3,20260722;20260723;20260724,0.265625,0.0,0.4609375,448,44652,308648,False
0.22.0,held_sport,running,evaluation,interval,history_quantile_tcn,0.12.0,,held_sport,unseen_sport__running,zero_history,180,0.8,true,mean_interval_width_bpm,"origin-within-session, session-within-user, equal-user mean",3,20260722;20260723;20260724,24.72482681274414,24.48324203491211,26.50612068176269,448,44652,308648,False
0.22.0,held_sport,running,evaluation,interval,history_quantile_tcn,0.12.0,,held_sport,unseen_sport__running,zero_history,180,0.8,true,picp,"origin-within-session, session-within-user, equal-user mean",3,20260722;20260723;20260724,0.855489194393158,0.8451031446456909,0.8726257681846619,448,44652,308648,False
0.22.0,held_sport,running,evaluation,interval,history_quantile_tcn,0.12.0,,held_sport,unseen_sport__running,zero_history,180,0.9,false,absolute_coverage_error,"origin-within-session, session-within-user, equal-user mean",3,20260722;20260723;20260724,0.0194415211677551,0.0193305373191833,0.0381878972053527,448,44652,308648,False
0.22.0,held_sport,running,evaluation,interval,history_quantile_tcn,0.12.0,,held_sport,unseen_sport__running,zero_history,180,0.9,false,conformal_adjustment_bpm,"origin-within-session, session-within-user, equal-user mean",3,20260722;20260723;20260724,0.0,0.0,0.0,448,44652,308648,False
0.22.0,held_sport,running,evaluation,interval,history_quantile_tcn,0.12.0,,held_sport,unseen_sport__running,zero_history,180,0.9,false,mean_interval_width_bpm,"origin-within-session, session-within-user, equal-user mean",3,20260722;20260723;20260724,33.467315673828125,32.178497314453125,36.27417755126953,448,44652,308648,False
0.22.0,held_sport,running,evaluation,interval,history_quantile_tcn,0.12.0,,held_sport,unseen_sport__running,zero_history,180,0.9,false,picp,"origin-within-session, session-within-user, equal-user mean",3,20260722;20260723;20260724,0.9194415211677552,0.9193305373191832,0.9381878972053528,448,44652,308648,False
0.22.0,held_sport,running,evaluation,interval,history_quantile_tcn,0.12.0,,held_sport,unseen_sport__running,zero_history,180,0.9,true,absolute_coverage_error,"origin-within-session, session-within-user, equal-user mean",3,20260722;20260723;20260724,0.0283248186111449,0.0238157272338866,0.0381878972053527,448,44652,308648,False
0.22.0,held_sport,running,evaluation,interval,history_quantile_tcn,0.12.0,,held_sport,unseen_sport__running,zero_history,180,0.9,true,conformal_adjustment_bpm,"origin-within-session, session-within-user, equal-user mean",3,20260722;20260723;20260724,0.271697998046875,0.0,0.6339263916015625,448,44652,308648,False
0.22.0,held_sport,running,evaluation,interval,history_quantile_tcn,0.12.0,,held_sport,unseen_sport__running,zero_history,180,0.9,true,mean_interval_width_bpm,"origin-within-session, session-within-user, equal-user mean",3,20260722;20260723;20260724,34.01069641113281,33.446292877197266,36.27417755126953,448,44652,308648,False
0.22.0,held_sport,running,evaluation,interval,history_quantile_tcn,0.12.0,,held_sport,unseen_sport__running,zero_history,180,0.9,true,picp,"origin-within-session, session-within-user, equal-user mean",3,20260722;20260723;20260724,0.928324818611145,0.9238157272338868,0.9381878972053528,448,44652,308648,False
0.22.0,held_sport,running,evaluation,interval,history_quantile_tcn,0.12.0,,held_sport,unseen_sport__running,zero_history,300,0.5,false,absolute_coverage_error,"origin-within-session, session-within-user, equal-user mean",3,20260722;20260723;20260724,0.061633288860321,0.0368202924728393,0.0962427854537963,448,44652,308648,False
0.22.0,held_sport,running,evaluation,interval,history_quantile_tcn,0.12.0,,held_sport,unseen_sport__running,zero_history,300,0.5,false,conformal_adjustment_bpm,"origin-within-session, session-within-user, equal-user mean",3,20260722;20260723;20260724,0.0,0.0,0.0,448,44652,308648,False
0.22.0,held_sport,running,evaluation,interval,history_quantile_tcn,0.12.0,,held_sport,unseen_sport__running,zero_history,300,0.5,false,mean_interval_width_bpm,"origin-within-session, session-within-user, equal-user mean",3,20260722;20260723;20260724,13.094212532043455,13.059142112731934,14.606616020202637,448,44652,308648,False
0.22.0,held_sport,running,evaluation,interval,history_quantile_tcn,0.12.0,,held_sport,unseen_sport__running,zero_history,300,0.5,false,picp,"origin-within-session, session-within-user, equal-user mean",3,20260722;20260723;20260724,0.561633288860321,0.5368202924728394,0.5962427854537964,448,44652,308648,False
0.22.0,held_sport,running,evaluation,interval,history_quantile_tcn,0.12.0,,held_sport,unseen_sport__running,zero_history,300,0.5,true,absolute_coverage_error,"origin-within-session, session-within-user, equal-user mean",3,20260722;20260723;20260724,0.061633288860321,0.0368202924728393,0.0962427854537963,448,44652,308648,False
0.22.0,held_sport,running,evaluation,interval,history_quantile_tcn,0.12.0,,held_sport,unseen_sport__running,zero_history,300,0.5,true,conformal_adjustment_bpm,"origin-within-session, session-within-user, equal-user mean",3,20260722;20260723;20260724,0.0,0.0,0.0,448,44652,308648,False
0.22.0,held_sport,running,evaluation,interval,history_quantile_tcn,0.12.0,,held_sport,unseen_sport__running,zero_history,300,0.5,true,mean_interval_width_bpm,"origin-within-session, session-within-user, equal-user mean",3,20260722;20260723;20260724,13.094212532043455,13.059142112731934,14.606616020202637,448,44652,308648,False
0.22.0,held_sport,running,evaluation,interval,history_quantile_tcn,0.12.0,,held_sport,unseen_sport__running,zero_history,300,0.5,true,picp,"origin-within-session, session-within-user, equal-user mean",3,20260722;20260723;20260724,0.561633288860321,0.5368202924728394,0.5962427854537964,448,44652,308648,False
0.22.0,held_sport,running,evaluation,interval,history_quantile_tcn,0.12.0,,held_sport,unseen_sport__running,zero_history,300,0.8,false,absolute_coverage_error,"origin-within-session, session-within-user, equal-user mean",3,20260722;20260723;20260724,0.0327587246894836,0.0202225565910338,0.0559799790382384,448,44652,308648,False
0.22.0,held_sport,running,evaluation,interval,history_quantile_tcn,0.12.0,,held_sport,unseen_sport__running,zero_history,300,0.8,false,conformal_adjustment_bpm,"origin-within-session, session-within-user, equal-user mean",3,20260722;20260723;20260724,0.0,0.0,0.0,448,44652,308648,False
0.22.0,held_sport,running,evaluation,interval,history_quantile_tcn,0.12.0,,held_sport,unseen_sport__running,zero_history,300,0.8,false,mean_interval_width_bpm,"origin-within-session, session-within-user, equal-user mean",3,20260722;20260723;20260724,27.010160446166992,26.57675170898437,29.47976303100586,448,44652,308648,False
0.22.0,held_sport,running,evaluation,interval,history_quantile_tcn,0.12.0,,held_sport,unseen_sport__running,zero_history,300,0.8,false,picp,"origin-within-session, session-within-user, equal-user mean",3,20260722;20260723;20260724,0.8327587246894836,0.8202225565910339,0.8559799790382385,448,44652,308648,False
0.22.0,held_sport,running,evaluation,interval,history_quantile_tcn,0.12.0,,held_sport,unseen_sport__running,zero_history,300,0.8,true,absolute_coverage_error,"origin-within-session, session-within-user, equal-user mean",3,20260722;20260723;20260724,0.0327587246894836,0.0202225565910338,0.0559799790382384,448,44652,308648,False
0.22.0,held_sport,running,evaluation,interval,history_quantile_tcn,0.12.0,,held_sport,unseen_sport__running,zero_history,300,0.8,true,conformal_adjustment_bpm,"origin-within-session, session-within-user, equal-user mean",3,20260722;20260723;20260724,0.0,0.0,0.0,448,44652,308648,False
0.22.0,held_sport,running,evaluation,interval,history_quantile_tcn,0.12.0,,held_sport,unseen_sport__running,zero_history,300,0.8,true,mean_interval_width_bpm,"origin-within-session, session-within-user, equal-user mean",3,20260722;20260723;20260724,27.010160446166992,26.57675170898437,29.47976303100586,448,44652,308648,False
0.22.0,held_sport,running,evaluation,interval,history_quantile_tcn,0.12.0,,held_sport,unseen_sport__running,zero_history,300,0.8,true,picp,"origin-within-session, session-within-user, equal-user mean",3,20260722;20260723;20260724,0.8327587246894836,0.8202225565910339,0.8559799790382385,448,44652,308648,False
0.22.0,held_sport,running,evaluation,interval,history_quantile_tcn,0.12.0,,held_sport,unseen_sport__running,zero_history,300,0.9,false,absolute_coverage_error,"origin-within-session, session-within-user, equal-user mean",3,20260722;20260723;20260724,0.0124571681022643,0.0115666151046752,0.0280264973640441,448,44652,308648,False
0.22.0,held_sport,running,evaluation,interval,history_quantile_tcn,0.12.0,,held_sport,unseen_sport__running,zero_history,300,0.9,false,conformal_adjustment_bpm,"origin-within-session, session-within-user, equal-user mean",3,20260722;20260723;20260724,0.0,0.0,0.0,448,44652,308648,False
0.22.0,held_sport,running,evaluation,interval,history_quantile_tcn,0.12.0,,held_sport,unseen_sport__running,zero_history,300,0.9,false,mean_interval_width_bpm,"origin-within-session, session-within-user, equal-user mean",3,20260722;20260723;20260724,37.15604782104492,35.57464599609375,39.74945068359375,448,44652,308648,False
0.22.0,held_sport,running,evaluation,interval,history_quantile_tcn,0.12.0,,held_sport,unseen_sport__running,zero_history,300,0.9,false,picp,"origin-within-session, session-within-user, equal-user mean",3,20260722;20260723;20260724,0.9124571681022644,0.9115666151046752,0.9280264973640442,448,44652,308648,False
0.22.0,held_sport,running,evaluation,interval,history_quantile_tcn,0.12.0,,held_sport,unseen_sport__running,zero_history,300,0.9,true,absolute_coverage_error,"origin-within-session, session-within-user, equal-user mean",3,20260722;20260723;20260724,0.0166885018348693,0.0115666151046752,0.0280264973640441,448,44652,308648,False
0.22.0,held_sport,running,evaluation,interval,history_quantile_tcn,0.12.0,,held_sport,unseen_sport__running,zero_history,300,0.9,true,conformal_adjustment_bpm,"origin-within-session, session-within-user, equal-user mean",3,20260722;20260723;20260724,0.0,0.0,0.23046875,448,44652,308648,False
0.22.0,held_sport,running,evaluation,interval,history_quantile_tcn,0.12.0,,held_sport,unseen_sport__running,zero_history,300,0.9,true,mean_interval_width_bpm,"origin-within-session, session-within-user, equal-user mean",3,20260722;20260723;20260724,37.15604782104492,36.03556442260742,39.74945068359375,448,44652,308648,False
0.22.0,held_sport,running,evaluation,interval,history_quantile_tcn,0.12.0,,held_sport,unseen_sport__running,zero_history,300,0.9,true,picp,"origin-within-session, session-within-user, equal-user mean",3,20260722;20260723;20260724,0.9166885018348694,0.9115666151046752,0.9280264973640442,448,44652,308648,False
0.22.0,held_sport,running,evaluation,point,history_quantile_tcn,0.12.0,,held_sport,joint_user_sport__running,history_informed,60,,,bias_bpm,"origin-within-session, session-within-user, equal-user mean",3,20260722;20260723;20260724,-0.7573828101158142,-0.7708534002304077,-0.525445282459259,88,8431,60542,False
0.22.0,held_sport,running,evaluation,point,history_quantile_tcn,0.12.0,,held_sport,joint_user_sport__running,history_informed,60,,,mae_bpm,"origin-within-session, session-within-user, equal-user mean",3,20260722;20260723;20260724,5.084980487823486,5.0641255378723145,5.154756546020508,88,8431,60542,False
0.22.0,held_sport,running,evaluation,point,history_quantile_tcn,0.12.0,,held_sport,joint_user_sport__running,history_informed,60,,,rmse_bpm,"origin-within-session, session-within-user, equal-user mean",3,20260722;20260723;20260724,6.302202224731445,6.27394437789917,6.376184463500977,88,8431,60542,False
0.22.0,held_sport,running,evaluation,point,history_quantile_tcn,0.12.0,,held_sport,joint_user_sport__running,history_informed,180,,,bias_bpm,"origin-within-session, session-within-user, equal-user mean",3,20260722;20260723;20260724,-1.222875714302063,-1.5040364265441897,-1.197886943817139,88,8431,60542,False
0.22.0,held_sport,running,evaluation,point,history_quantile_tcn,0.12.0,,held_sport,joint_user_sport__running,history_informed,180,,,mae_bpm,"origin-within-session, session-within-user, equal-user mean",3,20260722;20260723;20260724,6.583225727081299,6.482592582702637,6.630910873413086,88,8431,60542,False
0.22.0,held_sport,running,evaluation,point,history_quantile_tcn,0.12.0,,held_sport,joint_user_sport__running,history_informed,180,,,rmse_bpm,"origin-within-session, session-within-user, equal-user mean",3,20260722;20260723;20260724,7.997315883636475,7.873918056488037,8.041055679321289,88,8431,60542,False
0.22.0,held_sport,running,evaluation,point,history_quantile_tcn,0.12.0,,held_sport,joint_user_sport__running,history_informed,300,,,bias_bpm,"origin-within-session, session-within-user, equal-user mean",3,20260722;20260723;20260724,-1.946571707725525,-2.2287344932556152,-1.9334136247634888,88,8431,60542,False
0.22.0,held_sport,running,evaluation,point,history_quantile_tcn,0.12.0,,held_sport,joint_user_sport__running,history_informed,300,,,mae_bpm,"origin-within-session, session-within-user, equal-user mean",3,20260722;20260723;20260724,7.336716175079346,7.219220161437988,7.43487548828125,88,8431,60542,False
0.22.0,held_sport,running,evaluation,point,history_quantile_tcn,0.12.0,,held_sport,joint_user_sport__running,history_informed,300,,,rmse_bpm,"origin-within-session, session-within-user, equal-user mean",3,20260722;20260723;20260724,8.821541786193848,8.689718246459961,8.90966796875,88,8431,60542,False
0.22.0,held_sport,running,evaluation,point,history_quantile_tcn,0.12.0,,held_sport,joint_user_sport__running,zero_history,60,,,bias_bpm,"origin-within-session, session-within-user, equal-user mean",3,20260722;20260723;20260724,-0.6379516124725342,-0.6948633193969727,-0.5324632525444031,88,8431,60542,False
0.22.0,held_sport,running,evaluation,point,history_quantile_tcn,0.12.0,,held_sport,joint_user_sport__running,zero_history,60,,,mae_bpm,"origin-within-session, session-within-user, equal-user mean",3,20260722;20260723;20260724,5.098534107208252,5.051409721374512,5.10399341583252,88,8431,60542,False
0.22.0,held_sport,running,evaluation,point,history_quantile_tcn,0.12.0,,held_sport,joint_user_sport__running,zero_history,60,,,rmse_bpm,"origin-within-session, session-within-user, equal-user mean",3,20260722;20260723;20260724,6.303110122680664,6.245122909545898,6.330142021179199,88,8431,60542,False
0.22.0,held_sport,running,evaluation,point,history_quantile_tcn,0.12.0,,held_sport,joint_user_sport__running,zero_history,180,,,bias_bpm,"origin-within-session, session-within-user, equal-user mean",3,20260722;20260723;20260724,-1.1466680765151978,-1.2943435907363892,-1.1017524003982544,88,8431,60542,False
0.22.0,held_sport,running,evaluation,point,history_quantile_tcn,0.12.0,,held_sport,joint_user_sport__running,zero_history,180,,,mae_bpm,"origin-within-session, session-within-user, equal-user mean",3,20260722;20260723;20260724,6.529829502105713,6.404551982879639,6.560420036315918,88,8431,60542,False
0.22.0,held_sport,running,evaluation,point,history_quantile_tcn,0.12.0,,held_sport,joint_user_sport__running,zero_history,180,,,rmse_bpm,"origin-within-session, session-within-user, equal-user mean",3,20260722;20260723;20260724,7.948939323425293,7.807765007019043,7.982992172241211,88,8431,60542,False
0.22.0,held_sport,running,evaluation,point,history_quantile_tcn,0.12.0,,held_sport,joint_user_sport__running,zero_history,300,,,bias_bpm,"origin-within-session, session-within-user, equal-user mean",3,20260722;20260723;20260724,-1.8010551929473877,-1.9530311822891235,-1.7884621620178225,88,8431,60542,False
0.22.0,held_sport,running,evaluation,point,history_quantile_tcn,0.12.0,,held_sport,joint_user_sport__running,zero_history,300,,,mae_bpm,"origin-within-session, session-within-user, equal-user mean",3,20260722;20260723;20260724,7.256465435028076,7.136161804199219,7.328001499176025,88,8431,60542,False
0.22.0,held_sport,running,evaluation,point,history_quantile_tcn,0.12.0,,held_sport,joint_user_sport__running,zero_history,300,,,rmse_bpm,"origin-within-session, session-within-user, equal-user mean",3,20260722;20260723;20260724,8.741966247558594,8.614873886108398,8.81757926940918,88,8431,60542,False
0.22.0,held_sport,running,evaluation,point,history_quantile_tcn,0.12.0,,held_sport,unseen_sport__running,history_informed,60,,,bias_bpm,"origin-within-session, session-within-user, equal-user mean",3,20260722;20260723;20260724,-0.3980691134929657,-0.4112858772277832,-0.1719231605529785,448,44652,308648,False
0.22.0,held_sport,running,evaluation,point,history_quantile_tcn,0.12.0,,held_sport,unseen_sport__running,history_informed,60,,,mae_bpm,"origin-within-session, session-within-user, equal-user mean",3,20260722;20260723;20260724,5.2611165046691895,5.250594139099121,5.26388692855835,448,44652,308648,False
0.22.0,held_sport,running,evaluation,point,history_quantile_tcn,0.12.0,,held_sport,unseen_sport__running,history_informed,60,,,rmse_bpm,"origin-within-session, session-within-user, equal-user mean",3,20260722;20260723;20260724,6.443779468536377,6.432099342346191,6.44993257522583,448,44652,308648,False
0.22.0,held_sport,running,evaluation,point,history_quantile_tcn,0.12.0,,held_sport,unseen_sport__running,history_informed,180,,,bias_bpm,"origin-within-session, session-within-user, equal-user mean",3,20260722;20260723;20260724,-1.0312825441360474,-1.3443394899368286,-0.9808768033981324,448,44652,308648,False
0.22.0,held_sport,running,evaluation,point,history_quantile_tcn,0.12.0,,held_sport,unseen_sport__running,history_informed,180,,,mae_bpm,"origin-within-session, session-within-user, equal-user mean",3,20260722;20260723;20260724,6.868812561035156,6.840531826019287,6.95702075958252,448,44652,308648,False
0.22.0,held_sport,running,evaluation,point,history_quantile_tcn,0.12.0,,held_sport,unseen_sport__running,history_informed,180,,,rmse_bpm,"origin-within-session, session-within-user, equal-user mean",3,20260722;20260723;20260724,8.325974464416504,8.304084777832031,8.415473937988281,448,44652,308648,False
0.22.0,held_sport,running,evaluation,point,history_quantile_tcn,0.12.0,,held_sport,unseen_sport__running,history_informed,300,,,bias_bpm,"origin-within-session, session-within-user, equal-user mean",3,20260722;20260723;20260724,-1.8807592391967771,-2.1748175621032715,-1.7647569179534912,448,44652,308648,False
0.22.0,held_sport,running,evaluation,point,history_quantile_tcn,0.12.0,,held_sport,unseen_sport__running,history_informed,300,,,mae_bpm,"origin-within-session, session-within-user, equal-user mean",3,20260722;20260723;20260724,7.617194652557373,7.584736347198486,7.728622913360596,448,44652,308648,False
0.22.0,held_sport,running,evaluation,point,history_quantile_tcn,0.12.0,,held_sport,unseen_sport__running,history_informed,300,,,rmse_bpm,"origin-within-session, session-within-user, equal-user mean",3,20260722;20260723;20260724,9.152941703796388,9.12797737121582,9.262364387512209,448,44652,308648,False
0.22.0,held_sport,running,evaluation,point,history_quantile_tcn,0.12.0,,held_sport,unseen_sport__running,zero_history,60,,,bias_bpm,"origin-within-session, session-within-user, equal-user mean",3,20260722;20260723;20260724,-0.255425214767456,-0.3143559396266937,-0.202222004532814,448,44652,308648,False
0.22.0,held_sport,running,evaluation,point,history_quantile_tcn,0.12.0,,held_sport,unseen_sport__running,zero_history,60,,,mae_bpm,"origin-within-session, session-within-user, equal-user mean",3,20260722;20260723;20260724,5.23598051071167,5.230040073394775,5.250599384307861,448,44652,308648,False
0.22.0,held_sport,running,evaluation,point,history_quantile_tcn,0.12.0,,held_sport,unseen_sport__running,zero_history,60,,,rmse_bpm,"origin-within-session, session-within-user, equal-user mean",3,20260722;20260723;20260724,6.416947364807129,6.416248798370361,6.434619903564453,448,44652,308648,False
0.22.0,held_sport,running,evaluation,point,history_quantile_tcn,0.12.0,,held_sport,unseen_sport__running,zero_history,180,,,bias_bpm,"origin-within-session, session-within-user, equal-user mean",3,20260722;20260723;20260724,-0.9624211192131042,-1.073285460472107,-0.927449643611908,448,44652,308648,False
0.22.0,held_sport,running,evaluation,point,history_quantile_tcn,0.12.0,,held_sport,unseen_sport__running,zero_history,180,,,mae_bpm,"origin-within-session, session-within-user, equal-user mean",3,20260722;20260723;20260724,6.847751617431641,6.830723285675049,6.90651273727417,448,44652,308648,False
0.22.0,held_sport,running,evaluation,point,history_quantile_tcn,0.12.0,,held_sport,unseen_sport__running,zero_history,180,,,rmse_bpm,"origin-within-session, session-within-user, equal-user mean",3,20260722;20260723;20260724,8.307015419006348,8.298229217529297,8.373169898986816,448,44652,308648,False
0.22.0,held_sport,running,evaluation,point,history_quantile_tcn,0.12.0,,held_sport,unseen_sport__running,zero_history,300,,,bias_bpm,"origin-within-session, session-within-user, equal-user mean",3,20260722;20260723;20260724,-1.7434109449386597,-1.8266334533691408,-1.676728367805481,448,44652,308648,False
0.22.0,held_sport,running,evaluation,point,history_quantile_tcn,0.12.0,,held_sport,unseen_sport__running,zero_history,300,,,mae_bpm,"origin-within-session, session-within-user, equal-user mean",3,20260722;20260723;20260724,7.577316284179687,7.542129516601562,7.620516300201416,448,44652,308648,False
0.22.0,held_sport,running,evaluation,point,history_quantile_tcn,0.12.0,,held_sport,unseen_sport__running,zero_history,300,,,rmse_bpm,"origin-within-session, session-within-user, equal-user mean",3,20260722;20260723;20260724,9.11241626739502,9.083203315734863,9.164652824401855,448,44652,308648,False
0.22.0,held_sport,strength_cross_training,evaluation,interval,history_quantile_tcn,0.12.0,,held_sport,joint_user_sport__strength_cross_training,history_informed,60,0.5,false,absolute_coverage_error,"origin-within-session, session-within-user, equal-user mean",3,20260722;20260723;20260724,0.022831380367279,0.0079445242881774,0.0257391333580017,20,112,503,False
0.22.0,held_sport,strength_cross_training,evaluation,interval,history_quantile_tcn,0.12.0,,held_sport,joint_user_sport__strength_cross_training,history_informed,60,0.5,false,conformal_adjustment_bpm,"origin-within-session, session-within-user, equal-user mean",3,20260722;20260723;20260724,0.0,0.0,0.0,20,112,503,False
0.22.0,held_sport,strength_cross_training,evaluation,interval,history_quantile_tcn,0.12.0,,held_sport,joint_user_sport__strength_cross_training,history_informed,60,0.5,false,mean_interval_width_bpm,"origin-within-session, session-within-user, equal-user mean",3,20260722;20260723;20260724,12.798665046691896,12.636484146118164,13.475992202758787,20,112,503,False
0.22.0,held_sport,strength_cross_training,evaluation,interval,history_quantile_tcn,0.12.0,,held_sport,joint_user_sport__strength_cross_training,history_informed,60,0.5,false,picp,"origin-within-session, session-within-user, equal-user mean",3,20260722;20260723;20260724,0.4920554757118225,0.4742608666419983,0.522831380367279,20,112,503,False
0.22.0,held_sport,strength_cross_training,evaluation,interval,history_quantile_tcn,0.12.0,,held_sport,joint_user_sport__strength_cross_training,history_informed,60,0.5,true,absolute_coverage_error,"origin-within-session, session-within-user, equal-user mean",3,20260722;20260723;20260724,0.022831380367279,0.0079445242881774,0.0254534184932708,20,112,503,False
0.22.0,held_sport,strength_cross_training,evaluation,interval,history_quantile_tcn,0.12.0,,held_sport,joint_user_sport__strength_cross_training,history_informed,60,0.5,true,conformal_adjustment_bpm,"origin-within-session, session-within-user, equal-user mean",3,20260722;20260723;20260724,0.0,0.0,0.0247344970703125,20,112,503,False
0.22.0,held_sport,strength_cross_training,evaluation,interval,history_quantile_tcn,0.12.0,,held_sport,joint_user_sport__strength_cross_training,history_informed,60,0.5,true,mean_interval_width_bpm,"origin-within-session, session-within-user, equal-user mean",3,20260722;20260723;20260724,12.798665046691896,12.685797691345217,13.475992202758787,20,112,503,False
0.22.0,held_sport,strength_cross_training,evaluation,interval,history_quantile_tcn,0.12.0,,held_sport,joint_user_sport__strength_cross_training,history_informed,60,0.5,true,picp,"origin-within-session, session-within-user, equal-user mean",3,20260722;20260723;20260724,0.4920554757118225,0.4745465815067291,0.522831380367279,20,112,503,False
0.22.0,held_sport,strength_cross_training,evaluation,interval,history_quantile_tcn,0.12.0,,held_sport,joint_user_sport__strength_cross_training,history_informed,60,0.8,false,absolute_coverage_error,"origin-within-session, session-within-user, equal-user mean",3,20260722;20260723;20260724,0.0501152157783508,0.0438331842422485,0.0790372371673584,20,112,503,False
0.22.0,held_sport,strength_cross_training,evaluation,interval,history_quantile_tcn,0.12.0,,held_sport,joint_user_sport__strength_cross_training,history_informed,60,0.8,false,conformal_adjustment_bpm,"origin-within-session, session-within-user, equal-user mean",3,20260722;20260723;20260724,0.0,0.0,0.0,20,112,503,False
0.22.0,held_sport,strength_cross_training,evaluation,interval,history_quantile_tcn,0.12.0,,held_sport,joint_user_sport__strength_cross_training,history_informed,60,0.8,false,mean_interval_width_bpm,"origin-within-session, session-within-user, equal-user mean",3,20260722;20260723;20260724,25.681554794311523,25.20024299621582,26.48379135131836,20,112,503,False
0.22.0,held_sport,strength_cross_training,evaluation,interval,history_quantile_tcn,0.12.0,,held_sport,joint_user_sport__strength_cross_training,history_informed,60,0.8,false,picp,"origin-within-session, session-within-user, equal-user mean",3,20260722;20260723;20260724,0.7498847842216492,0.7209627628326416,0.7561668157577515,20,112,503,False
0.22.0,held_sport,strength_cross_training,evaluation,interval,history_quantile_tcn,0.12.0,,held_sport,joint_user_sport__strength_cross_training,history_informed,60,0.8,true,absolute_coverage_error,"origin-within-session, session-within-user, equal-user mean",3,20260722;20260723;20260724,0.0501152157783508,0.0438331842422485,0.0790372371673584,20,112,503,False
0.22.0,held_sport,strength_cross_training,evaluation,interval,history_quantile_tcn,0.12.0,,held_sport,joint_user_sport__strength_cross_training,history_informed,60,0.8,true,conformal_adjustment_bpm,"origin-within-session, session-within-user, equal-user mean",3,20260722;20260723;20260724,0.0,0.0,0.017578125,20,112,503,False
0.22.0,held_sport,strength_cross_training,evaluation,interval,history_quantile_tcn,0.12.0,,held_sport,joint_user_sport__strength_cross_training,history_informed,60,0.8,true,mean_interval_width_bpm,"origin-within-session, session-within-user, equal-user mean",3,20260722;20260723;20260724,25.681554794311523,25.23528861999512,26.48379135131836,20,112,503,False
0.22.0,held_sport,strength_cross_training,evaluation,interval,history_quantile_tcn,0.12.0,,held_sport,joint_user_sport__strength_cross_training,history_informed,60,0.8,true,picp,"origin-within-session, session-within-user, equal-user mean",3,20260722;20260723;20260724,0.7498847842216492,0.7209627628326416,0.7561668157577515,20,112,503,False
0.22.0,held_sport,strength_cross_training,evaluation,interval,history_quantile_tcn,0.12.0,,held_sport,joint_user_sport__strength_cross_training,history_informed,60,0.9,false,absolute_coverage_error,"origin-within-session, session-within-user, equal-user mean",3,20260722;20260723;20260724,0.0150182604789733,0.0116883277893066,0.0382513761520385,20,112,503,False
0.22.0,held_sport,strength_cross_training,evaluation,interval,history_quantile_tcn,0.12.0,,held_sport,joint_user_sport__strength_cross_training,history_informed,60,0.9,false,conformal_adjustment_bpm,"origin-within-session, session-within-user, equal-user mean",3,20260722;20260723;20260724,0.0,0.0,0.0,20,112,503,False
0.22.0,held_sport,strength_cross_training,evaluation,interval,history_quantile_tcn,0.12.0,,held_sport,joint_user_sport__strength_cross_training,history_informed,60,0.9,false,mean_interval_width_bpm,"origin-within-session, session-within-user, equal-user mean",3,20260722;20260723;20260724,34.723487854003906,33.79267120361328,35.481895446777344,20,112,503,False
0.22.0,held_sport,strength_cross_training,evaluation,interval,history_quantile_tcn,0.12.0,,held_sport,joint_user_sport__strength_cross_training,history_informed,60,0.9,false,picp,"origin-within-session, session-within-user, equal-user mean",3,20260722;20260723;20260724,0.9150182604789734,0.9116883277893066,0.9382513761520386,20,112,503,False
0.22.0,held_sport,strength_cross_training,evaluation,interval,history_quantile_tcn,0.12.0,,held_sport,joint_user_sport__strength_cross_training,history_informed,60,0.9,true,absolute_coverage_error,"origin-within-session, session-within-user, equal-user mean",3,20260722;20260723;20260724,0.0150182604789733,0.0137717485427856,0.0382513761520385,20,112,503,False
0.22.0,held_sport,strength_cross_training,evaluation,interval,history_quantile_tcn,0.12.0,,held_sport,joint_user_sport__strength_cross_training,history_informed,60,0.9,true,conformal_adjustment_bpm,"origin-within-session, session-within-user, equal-user mean",3,20260722;20260723;20260724,0.0,0.0,0.0772552490234375,20,112,503,False
0.22.0,held_sport,strength_cross_training,evaluation,interval,history_quantile_tcn,0.12.0,,held_sport,joint_user_sport__strength_cross_training,history_informed,60,0.9,true,mean_interval_width_bpm,"origin-within-session, session-within-user, equal-user mean",3,20260722;20260723;20260724,34.723487854003906,33.94669723510742,35.481895446777344,20,112,503,False
0.22.0,held_sport,strength_cross_training,evaluation,interval,history_quantile_tcn,0.12.0,,held_sport,joint_user_sport__strength_cross_training,history_informed,60,0.9,true,picp,"origin-within-session, session-within-user, equal-user mean",3,20260722;20260723;20260724,0.9150182604789734,0.9137717485427856,0.9382513761520386,20,112,503,False
0.22.0,held_sport,strength_cross_training,evaluation,interval,history_quantile_tcn,0.12.0,,held_sport,joint_user_sport__strength_cross_training,history_informed,180,0.5,false,absolute_coverage_error,"origin-within-session, session-within-user, equal-user mean",3,20260722;20260723;20260724,0.0501418113708496,0.0198692679405212,0.0616225004196167,20,112,503,False
0.22.0,held_sport,strength_cross_training,evaluation,interval,history_quantile_tcn,0.12.0,,held_sport,joint_user_sport__strength_cross_training,history_informed,180,0.5,false,conformal_adjustment_bpm,"origin-within-session, session-within-user, equal-user mean",3,20260722;20260723;20260724,0.0,0.0,0.0,20,112,503,False
0.22.0,held_sport,strength_cross_training,evaluation,interval,history_quantile_tcn,0.12.0,,held_sport,joint_user_sport__strength_cross_training,history_informed,180,0.5,false,mean_interval_width_bpm,"origin-within-session, session-within-user, equal-user mean",3,20260722;20260723;20260724,17.049179077148438,16.318357467651367,17.53474998474121,20,112,503,False
0.22.0,held_sport,strength_cross_training,evaluation,interval,history_quantile_tcn,0.12.0,,held_sport,joint_user_sport__strength_cross_training,history_informed,180,0.5,false,picp,"origin-within-session, session-within-user, equal-user mean",3,20260722;20260723;20260724,0.5198692679405212,0.4498581886291504,0.5616225004196167,20,112,503,False
0.22.0,held_sport,strength_cross_training,evaluation,interval,history_quantile_tcn,0.12.0,,held_sport,joint_user_sport__strength_cross_training,history_informed,180,0.5,true,absolute_coverage_error,"origin-within-session, session-within-user, equal-user mean",3,20260722;20260723;20260724,0.0494473874568939,0.0198692679405212,0.0616225004196167,20,112,503,False
0.22.0,held_sport,strength_cross_training,evaluation,interval,history_quantile_tcn,0.12.0,,held_sport,joint_user_sport__strength_cross_training,history_informed,180,0.5,true,conformal_adjustment_bpm,"origin-within-session, session-within-user, equal-user mean",3,20260722;20260723;20260724,0.0,0.0,0.0234375,20,112,503,False
0.22.0,held_sport,strength_cross_training,evaluation,interval,history_quantile_tcn,0.12.0,,held_sport,joint_user_sport__strength_cross_training,history_informed,180,0.5,true,mean_interval_width_bpm,"origin-within-session, session-within-user, equal-user mean",3,20260722;20260723;20260724,17.049179077148438,16.365232467651367,17.53474998474121,20,112,503,False
0.22.0,held_sport,strength_cross_training,evaluation,interval,history_quantile_tcn,0.12.0,,held_sport,joint_user_sport__strength_cross_training,history_informed,180,0.5,true,picp,"origin-within-session, session-within-user, equal-user mean",3,20260722;20260723;20260724,0.5198692679405212,0.4505526125431061,0.5616225004196167,20,112,503,False
0.22.0,held_sport,strength_cross_training,evaluation,interval,history_quantile_tcn,0.12.0,,held_sport,joint_user_sport__strength_cross_training,history_informed,180,0.8,false,absolute_coverage_error,"origin-within-session, session-within-user, equal-user mean",3,20260722;20260723;20260724,0.0398685812950134,0.0349566221237183,0.0454579472541809,20,112,503,False
0.22.0,held_sport,strength_cross_training,evaluation,interval,history_quantile_tcn,0.12.0,,held_sport,joint_user_sport__strength_cross_training,history_informed,180,0.8,false,conformal_adjustment_bpm,"origin-within-session, session-within-user, equal-user mean",3,20260722;20260723;20260724,0.0,0.0,0.0,20,112,503,False
0.22.0,held_sport,strength_cross_training,evaluation,interval,history_quantile_tcn,0.12.0,,held_sport,joint_user_sport__strength_cross_training,history_informed,180,0.8,false,mean_interval_width_bpm,"origin-within-session, session-within-user, equal-user mean",3,20260722;20260723;20260724,33.068359375,31.575082778930664,34.0650749206543,20,112,503,False
0.22.0,held_sport,strength_cross_training,evaluation,interval,history_quantile_tcn,0.12.0,,held_sport,joint_user_sport__strength_cross_training,history_informed,180,0.8,false,picp,"origin-within-session, session-within-user, equal-user mean",3,20260722;20260723;20260724,0.7601314187049866,0.7545420527458191,0.7650433778762817,20,112,503,False
0.22.0,held_sport,strength_cross_training,evaluation,interval,history_quantile_tcn,0.12.0,,held_sport,joint_user_sport__strength_cross_training,history_informed,180,0.8,true,absolute_coverage_error,"origin-within-session, session-within-user, equal-user mean",3,20260722;20260723;20260724,0.0398685812950134,0.0349566221237183,0.0445650696754456,20,112,503,False
0.22.0,held_sport,strength_cross_training,evaluation,interval,history_quantile_tcn,0.12.0,,held_sport,joint_user_sport__strength_cross_training,history_informed,180,0.8,true,conformal_adjustment_bpm,"origin-within-session, session-within-user, equal-user mean",3,20260722;20260723;20260724,0.0,0.0,0.06640625,20,112,503,False
0.22.0,held_sport,strength_cross_training,evaluation,interval,history_quantile_tcn,0.12.0,,held_sport,joint_user_sport__strength_cross_training,history_informed,180,0.8,true,mean_interval_width_bpm,"origin-within-session, session-within-user, equal-user mean",3,20260722;20260723;20260724,33.068359375,31.70747947692871,34.0650749206543,20,112,503,False
0.22.0,held_sport,strength_cross_training,evaluation,interval,history_quantile_tcn,0.12.0,,held_sport,joint_user_sport__strength_cross_training,history_informed,180,0.8,true,picp,"origin-within-session, session-within-user, equal-user mean",3,20260722;20260723;20260724,0.7601314187049866,0.7554349303245544,0.7650433778762817,20,112,503,False
0.22.0,held_sport,strength_cross_training,evaluation,interval,history_quantile_tcn,0.12.0,,held_sport,joint_user_sport__strength_cross_training,history_informed,180,0.9,false,absolute_coverage_error,"origin-within-session, session-within-user, equal-user mean",3,20260722;20260723;20260724,0.0315851211547851,0.0173485040664672,0.0353880167007446,20,112,503,False
0.22.0,held_sport,strength_cross_training,evaluation,interval,history_quantile_tcn,0.12.0,,held_sport,joint_user_sport__strength_cross_training,history_informed,180,0.9,false,conformal_adjustment_bpm,"origin-within-session, session-within-user, equal-user mean",3,20260722;20260723;20260724,0.0,0.0,0.0,20,112,503,False
0.22.0,held_sport,strength_cross_training,evaluation,interval,history_quantile_tcn,0.12.0,,held_sport,joint_user_sport__strength_cross_training,history_informed,180,0.9,false,mean_interval_width_bpm,"origin-within-session, session-within-user, equal-user mean",3,20260722;20260723;20260724,44.08125686645508,41.96887969970703,45.12710952758789,20,112,503,False
0.22.0,held_sport,strength_cross_training,evaluation,interval,history_quantile_tcn,0.12.0,,held_sport,joint_user_sport__strength_cross_training,history_informed,180,0.9,false,picp,"origin-within-session, session-within-user, equal-user mean",3,20260722;20260723;20260724,0.8684148788452148,0.8646119832992554,0.9173485040664672,20,112,503,False
0.22.0,held_sport,strength_cross_training,evaluation,interval,history_quantile_tcn,0.12.0,,held_sport,joint_user_sport__strength_cross_training,history_informed,180,0.9,true,absolute_coverage_error,"origin-within-session, session-within-user, equal-user mean",3,20260722;20260723;20260724,0.0297332644462585,0.0173485040664672,0.0353880167007446,20,112,503,False
0.22.0,held_sport,strength_cross_training,evaluation,interval,history_quantile_tcn,0.12.0,,held_sport,joint_user_sport__strength_cross_training,history_informed,180,0.9,true,conformal_adjustment_bpm,"origin-within-session, session-within-user, equal-user mean",3,20260722;20260723;20260724,0.0,0.0,0.125,20,112,503,False
0.22.0,held_sport,strength_cross_training,evaluation,interval,history_quantile_tcn,0.12.0,,held_sport,joint_user_sport__strength_cross_training,history_informed,180,0.9,true,mean_interval_width_bpm,"origin-within-session, session-within-user, equal-user mean",3,20260722;20260723;20260724,44.08125686645508,42.21809768676758,45.12710952758789,20,112,503,False
0.22.0,held_sport,strength_cross_training,evaluation,interval,history_quantile_tcn,0.12.0,,held_sport,joint_user_sport__strength_cross_training,history_informed,180,0.9,true,picp,"origin-within-session, session-within-user, equal-user mean",3,20260722;20260723;20260724,0.8702667355537415,0.8646119832992554,0.9173485040664672,20,112,503,False
0.22.0,held_sport,strength_cross_training,evaluation,interval,history_quantile_tcn,0.12.0,,held_sport,joint_user_sport__strength_cross_training,history_informed,300,0.5,false,absolute_coverage_error,"origin-within-session, session-within-user, equal-user mean",3,20260722;20260723;20260724,0.0396304130554199,0.0321995019912719,0.0453977584838867,20,112,503,False
0.22.0,held_sport,strength_cross_training,evaluation,interval,history_quantile_tcn,0.12.0,,held_sport,joint_user_sport__strength_cross_training,history_informed,300,0.5,false,conformal_adjustment_bpm,"origin-within-session, session-within-user, equal-user mean",3,20260722;20260723;20260724,0.0,0.0,0.0,20,112,503,False
0.22.0,held_sport,strength_cross_training,evaluation,interval,history_quantile_tcn,0.12.0,,held_sport,joint_user_sport__strength_cross_training,history_informed,300,0.5,false,mean_interval_width_bpm,"origin-within-session, session-within-user, equal-user mean",3,20260722;20260723;20260724,18.271709442138672,17.59792709350586,18.84300422668457,20,112,503,False
0.22.0,held_sport,strength_cross_training,evaluation,interval,history_quantile_tcn,0.12.0,,held_sport,joint_user_sport__strength_cross_training,history_informed,300,0.5,false,picp,"origin-within-session, session-within-user, equal-user mean",3,20260722;20260723;20260724,0.5396304130554199,0.532199501991272,0.5453977584838867,20,112,503,False
0.22.0,held_sport,strength_cross_training,evaluation,interval,history_quantile_tcn,0.12.0,,held_sport,joint_user_sport__strength_cross_training,history_informed,300,0.5,true,absolute_coverage_error,"origin-within-session, session-within-user, equal-user mean",3,20260722;20260723;20260724,0.0396304130554199,0.0321995019912719,0.0453977584838867,20,112,503,False
0.22.0,held_sport,strength_cross_training,evaluation,interval,history_quantile_tcn,0.12.0,,held_sport,joint_user_sport__strength_cross_training,history_informed,300,0.5,true,conformal_adjustment_bpm,"origin-within-session, session-within-user, equal-user mean",3,20260722;20260723;20260724,0.0,0.0,0.0,20,112,503,False
0.22.0,held_sport,strength_cross_training,evaluation,interval,history_quantile_tcn,0.12.0,,held_sport,joint_user_sport__strength_cross_training,history_informed,300,0.5,true,mean_interval_width_bpm,"origin-within-session, session-within-user, equal-user mean",3,20260722;20260723;20260724,18.271709442138672,17.59792709350586,18.84300422668457,20,112,503,False
0.22.0,held_sport,strength_cross_training,evaluation,interval,history_quantile_tcn,0.12.0,,held_sport,joint_user_sport__strength_cross_training,history_informed,300,0.5,true,picp,"origin-within-session, session-within-user, equal-user mean",3,20260722;20260723;20260724,0.5396304130554199,0.532199501991272,0.5453977584838867,20,112,503,False
0.22.0,held_sport,strength_cross_training,evaluation,interval,history_quantile_tcn,0.12.0,,held_sport,joint_user_sport__strength_cross_training,history_informed,300,0.8,false,absolute_coverage_error,"origin-within-session, session-within-user, equal-user mean",3,20260722;20260723;20260724,0.0228527665138245,0.0146086692810059,0.0253388166427612,20,112,503,False
0.22.0,held_sport,strength_cross_training,evaluation,interval,history_quantile_tcn,0.12.0,,held_sport,joint_user_sport__strength_cross_training,history_informed,300,0.8,false,conformal_adjustment_bpm,"origin-within-session, session-within-user, equal-user mean",3,20260722;20260723;20260724,0.0,0.0,0.0,20,112,503,False
0.22.0,held_sport,strength_cross_training,evaluation,interval,history_quantile_tcn,0.12.0,,held_sport,joint_user_sport__strength_cross_training,history_informed,300,0.8,false,mean_interval_width_bpm,"origin-within-session, session-within-user, equal-user mean",3,20260722;20260723;20260724,36.40556335449219,34.45977020263672,36.91379928588867,20,112,503,False
0.22.0,held_sport,strength_cross_training,evaluation,interval,history_quantile_tcn,0.12.0,,held_sport,joint_user_sport__strength_cross_training,history_informed,300,0.8,false,picp,"origin-within-session, session-within-user, equal-user mean",3,20260722;20260723;20260724,0.7771472334861755,0.7746611833572388,0.7853913307189941,20,112,503,False
0.22.0,held_sport,strength_cross_training,evaluation,interval,history_quantile_tcn,0.12.0,,held_sport,joint_user_sport__strength_cross_training,history_informed,300,0.8,true,absolute_coverage_error,"origin-within-session, session-within-user, equal-user mean",3,20260722;20260723;20260724,0.0228527665138245,0.0146086692810059,0.0253388166427612,20,112,503,False
0.22.0,held_sport,strength_cross_training,evaluation,interval,history_quantile_tcn,0.12.0,,held_sport,joint_user_sport__strength_cross_training,history_informed,300,0.8,true,conformal_adjustment_bpm,"origin-within-session, session-within-user, equal-user mean",3,20260722;20260723;20260724,0.0,0.0,0.0,20,112,503,False
0.22.0,held_sport,strength_cross_training,evaluation,interval,history_quantile_tcn,0.12.0,,held_sport,joint_user_sport__strength_cross_training,history_informed,300,0.8,true,mean_interval_width_bpm,"origin-within-session, session-within-user, equal-user mean",3,20260722;20260723;20260724,36.40556335449219,34.45977020263672,36.91379928588867,20,112,503,False
0.22.0,held_sport,strength_cross_training,evaluation,interval,history_quantile_tcn,0.12.0,,held_sport,joint_user_sport__strength_cross_training,history_informed,300,0.8,true,picp,"origin-within-session, session-within-user, equal-user mean",3,20260722;20260723;20260724,0.7771472334861755,0.7746611833572388,0.7853913307189941,20,112,503,False
0.22.0,held_sport,strength_cross_training,evaluation,interval,history_quantile_tcn,0.12.0,,held_sport,joint_user_sport__strength_cross_training,history_informed,300,0.9,false,absolute_coverage_error,"origin-within-session, session-within-user, equal-user mean",3,20260722;20260723;20260724,0.0380125880241394,0.0311888694763183,0.0495403051376343,20,112,503,False
0.22.0,held_sport,strength_cross_training,evaluation,interval,history_quantile_tcn,0.12.0,,held_sport,joint_user_sport__strength_cross_training,history_informed,300,0.9,false,conformal_adjustment_bpm,"origin-within-session, session-within-user, equal-user mean",3,20260722;20260723;20260724,0.0,0.0,0.0,20,112,503,False
0.22.0,held_sport,strength_cross_training,evaluation,interval,history_quantile_tcn,0.12.0,,held_sport,joint_user_sport__strength_cross_training,history_informed,300,0.9,false,mean_interval_width_bpm,"origin-within-session, session-within-user, equal-user mean",3,20260722;20260723;20260724,48.71523284912109,45.75462341308594,49.3189811706543,20,112,503,False
0.22.0,held_sport,strength_cross_training,evaluation,interval,history_quantile_tcn,0.12.0,,held_sport,joint_user_sport__strength_cross_training,history_informed,300,0.9,false,picp,"origin-within-session, session-within-user, equal-user mean",3,20260722;20260723;20260724,0.8619874119758606,0.8504596948623657,0.8688111305236816,20,112,503,False
0.22.0,held_sport,strength_cross_training,evaluation,interval,history_quantile_tcn,0.12.0,,held_sport,joint_user_sport__strength_cross_training,history_informed,300,0.9,true,absolute_coverage_error,"origin-within-session, session-within-user, equal-user mean",3,20260722;20260723;20260724,0.0380125880241394,0.0311888694763183,0.0465045809745788,20,112,503,False
0.22.0,held_sport,strength_cross_training,evaluation,interval,history_quantile_tcn,0.12.0,,held_sport,joint_user_sport__strength_cross_training,history_informed,300,0.9,true,conformal_adjustment_bpm,"origin-within-session, session-within-user, equal-user mean",3,20260722;20260723;20260724,0.0,0.0,0.078125,20,112,503,False
0.22.0,held_sport,strength_cross_training,evaluation,interval,history_quantile_tcn,0.12.0,,held_sport,joint_user_sport__strength_cross_training,history_informed,300,0.9,true,mean_interval_width_bpm,"origin-within-session, session-within-user, equal-user mean",3,20260722;20260723;20260724,48.71523284912109,45.91038513183594,49.3189811706543,20,112,503,False
0.22.0,held_sport,strength_cross_training,evaluation,interval,history_quantile_tcn,0.12.0,,held_sport,joint_user_sport__strength_cross_training,history_informed,300,0.9,true,picp,"origin-within-session, session-within-user, equal-user mean",3,20260722;20260723;20260724,0.8619874119758606,0.8534954190254211,0.8688111305236816,20,112,503,False
0.22.0,held_sport,strength_cross_training,evaluation,interval,history_quantile_tcn,0.12.0,,held_sport,joint_user_sport__strength_cross_training,zero_history,60,0.5,false,absolute_coverage_error,"origin-within-session, session-within-user, equal-user mean",3,20260722;20260723;20260724,0.0179142951965332,0.0018827319145202,0.087024450302124,20,112,503,False
0.22.0,held_sport,strength_cross_training,evaluation,interval,history_quantile_tcn,0.12.0,,held_sport,joint_user_sport__strength_cross_training,zero_history,60,0.5,false,conformal_adjustment_bpm,"origin-within-session, session-within-user, equal-user mean",3,20260722;20260723;20260724,0.0,0.0,0.0,20,112,503,False
0.22.0,held_sport,strength_cross_training,evaluation,interval,history_quantile_tcn,0.12.0,,held_sport,joint_user_sport__strength_cross_training,zero_history,60,0.5,false,mean_interval_width_bpm,"origin-within-session, session-within-user, equal-user mean",3,20260722;20260723;20260724,12.678049087524414,12.63694667816162,13.554400444030762,20,112,503,False
0.22.0,held_sport,strength_cross_training,evaluation,interval,history_quantile_tcn,0.12.0,,held_sport,joint_user_sport__strength_cross_training,zero_history,60,0.5,false,picp,"origin-within-session, session-within-user, equal-user mean",3,20260722;20260723;20260724,0.4820857048034668,0.412975549697876,0.4981172680854797,20,112,503,False
0.22.0,held_sport,strength_cross_training,evaluation,interval,history_quantile_tcn,0.12.0,,held_sport,joint_user_sport__strength_cross_training,zero_history,60,0.5,true,absolute_coverage_error,"origin-within-session, session-within-user, equal-user mean",3,20260722;20260723;20260724,0.0179142951965332,0.0018827319145202,0.087024450302124,20,112,503,False
0.22.0,held_sport,strength_cross_training,evaluation,interval,history_quantile_tcn,0.12.0,,held_sport,joint_user_sport__strength_cross_training,zero_history,60,0.5,true,conformal_adjustment_bpm,"origin-within-session, session-within-user, equal-user mean",3,20260722;20260723;20260724,0.0,0.0,0.0,20,112,503,False
0.22.0,held_sport,strength_cross_training,evaluation,interval,history_quantile_tcn,0.12.0,,held_sport,joint_user_sport__strength_cross_training,zero_history,60,0.5,true,mean_interval_width_bpm,"origin-within-session, session-within-user, equal-user mean",3,20260722;20260723;20260724,12.678049087524414,12.63694667816162,13.554400444030762,20,112,503,False
0.22.0,held_sport,strength_cross_training,evaluation,interval,history_quantile_tcn,0.12.0,,held_sport,joint_user_sport__strength_cross_training,zero_history,60,0.5,true,picp,"origin-within-session, session-within-user, equal-user mean",3,20260722;20260723;20260724,0.4820857048034668,0.412975549697876,0.4981172680854797,20,112,503,False
0.22.0,held_sport,strength_cross_training,evaluation,interval,history_quantile_tcn,0.12.0,,held_sport,joint_user_sport__strength_cross_training,zero_history,60,0.8,false,absolute_coverage_error,"origin-within-session, session-within-user, equal-user mean",3,20260722;20260723;20260724,0.0676322460174561,0.0586783766746521,0.0833489775657654,20,112,503,False
0.22.0,held_sport,strength_cross_training,evaluation,interval,history_quantile_tcn,0.12.0,,held_sport,joint_user_sport__strength_cross_training,zero_history,60,0.8,false,conformal_adjustment_bpm,"origin-within-session, session-within-user, equal-user mean",3,20260722;20260723;20260724,0.0,0.0,0.0,20,112,503,False
0.22.0,held_sport,strength_cross_training,evaluation,interval,history_quantile_tcn,0.12.0,,held_sport,joint_user_sport__strength_cross_training,zero_history,60,0.8,false,mean_interval_width_bpm,"origin-within-session, session-within-user, equal-user mean",3,20260722;20260723;20260724,25.01934051513672,24.86254501342773,26.18654441833496,20,112,503,False
0.22.0,held_sport,strength_cross_training,evaluation,interval,history_quantile_tcn,0.12.0,,held_sport,joint_user_sport__strength_cross_training,zero_history,60,0.8,false,picp,"origin-within-session, session-within-user, equal-user mean",3,20260722;20260723;20260724,0.732367753982544,0.7166510224342346,0.7413216233253479,20,112,503,False
0.22.0,held_sport,strength_cross_training,evaluation,interval,history_quantile_tcn,0.12.0,,held_sport,joint_user_sport__strength_cross_training,zero_history,60,0.8,true,absolute_coverage_error,"origin-within-session, session-within-user, equal-user mean",3,20260722;20260723;20260724,0.0676322460174561,0.0586783766746521,0.0833489775657654,20,112,503,False
0.22.0,held_sport,strength_cross_training,evaluation,interval,history_quantile_tcn,0.12.0,,held_sport,joint_user_sport__strength_cross_training,zero_history,60,0.8,true,conformal_adjustment_bpm,"origin-within-session, session-within-user, equal-user mean",3,20260722;20260723;20260724,0.0,0.0,0.0,20,112,503,False
0.22.0,held_sport,strength_cross_training,evaluation,interval,history_quantile_tcn,0.12.0,,held_sport,joint_user_sport__strength_cross_training,zero_history,60,0.8,true,mean_interval_width_bpm,"origin-within-session, session-within-user, equal-user mean",3,20260722;20260723;20260724,25.01934051513672,24.86254501342773,26.18654441833496,20,112,503,False
0.22.0,held_sport,strength_cross_training,evaluation,interval,history_quantile_tcn,0.12.0,,held_sport,joint_user_sport__strength_cross_training,zero_history,60,0.8,true,picp,"origin-within-session, session-within-user, equal-user mean",3,20260722;20260723;20260724,0.732367753982544,0.7166510224342346,0.7413216233253479,20,112,503,False
0.22.0,held_sport,strength_cross_training,evaluation,interval,history_quantile_tcn,0.12.0,,held_sport,joint_user_sport__strength_cross_training,zero_history,60,0.9,false,absolute_coverage_error,"origin-within-session, session-within-user, equal-user mean",3,20260722;20260723;20260724,0.0180338859558105,0.002531623840332,0.0210805892944335,20,112,503,False
0.22.0,held_sport,strength_cross_training,evaluation,interval,history_quantile_tcn,0.12.0,,held_sport,joint_user_sport__strength_cross_training,zero_history,60,0.9,false,conformal_adjustment_bpm,"origin-within-session, session-within-user, equal-user mean",3,20260722;20260723;20260724,0.0,0.0,0.0,20,112,503,False
0.22.0,held_sport,strength_cross_training,evaluation,interval,history_quantile_tcn,0.12.0,,held_sport,joint_user_sport__strength_cross_training,zero_history,60,0.9,false,mean_interval_width_bpm,"origin-within-session, session-within-user, equal-user mean",3,20260722;20260723;20260724,33.61563873291016,32.96242904663086,34.55779266357422,20,112,503,False
0.22.0,held_sport,strength_cross_training,evaluation,interval,history_quantile_tcn,0.12.0,,held_sport,joint_user_sport__strength_cross_training,zero_history,60,0.9,false,picp,"origin-within-session, session-within-user, equal-user mean",3,20260722;20260723;20260724,0.902531623840332,0.8819661140441895,0.9210805892944336,20,112,503,False
0.22.0,held_sport,strength_cross_training,evaluation,interval,history_quantile_tcn,0.12.0,,held_sport,joint_user_sport__strength_cross_training,zero_history,60,0.9,true,absolute_coverage_error,"origin-within-session, session-within-user, equal-user mean",3,20260722;20260723;20260724,0.0180338859558105,0.002531623840332,0.0210805892944335,20,112,503,False
0.22.0,held_sport,strength_cross_training,evaluation,interval,history_quantile_tcn,0.12.0,,held_sport,joint_user_sport__strength_cross_training,zero_history,60,0.9,true,conformal_adjustment_bpm,"origin-within-session, session-within-user, equal-user mean",3,20260722;20260723;20260724,0.0,0.0,0.09417724609375,20,112,503,False
0.22.0,held_sport,strength_cross_training,evaluation,interval,history_quantile_tcn,0.12.0,,held_sport,joint_user_sport__strength_cross_training,zero_history,60,0.9,true,mean_interval_width_bpm,"origin-within-session, session-within-user, equal-user mean",3,20260722;20260723;20260724,33.61563873291016,33.15019607543945,34.55779266357422,20,112,503,False
0.22.0,held_sport,strength_cross_training,evaluation,interval,history_quantile_tcn,0.12.0,,held_sport,joint_user_sport__strength_cross_training,zero_history,60,0.9,true,picp,"origin-within-session, session-within-user, equal-user mean",3,20260722;20260723;20260724,0.902531623840332,0.8819661140441895,0.9210805892944336,20,112,503,False
0.22.0,held_sport,strength_cross_training,evaluation,interval,history_quantile_tcn,0.12.0,,held_sport,joint_user_sport__strength_cross_training,zero_history,180,0.5,false,absolute_coverage_error,"origin-within-session, session-within-user, equal-user mean",3,20260722;20260723;20260724,0.0453151166439056,0.0291489958763122,0.0618277490139007,20,112,503,False
0.22.0,held_sport,strength_cross_training,evaluation,interval,history_quantile_tcn,0.12.0,,held_sport,joint_user_sport__strength_cross_training,zero_history,180,0.5,false,conformal_adjustment_bpm,"origin-within-session, session-within-user, equal-user mean",3,20260722;20260723;20260724,0.0,0.0,0.0,20,112,503,False
0.22.0,held_sport,strength_cross_training,evaluation,interval,history_quantile_tcn,0.12.0,,held_sport,joint_user_sport__strength_cross_training,zero_history,180,0.5,false,mean_interval_width_bpm,"origin-within-session, session-within-user, equal-user mean",3,20260722;20260723;20260724,16.525829315185547,16.126781463623047,16.82329750061035,20,112,503,False
0.22.0,held_sport,strength_cross_training,evaluation,interval,history_quantile_tcn,0.12.0,,held_sport,joint_user_sport__strength_cross_training,zero_history,180,0.5,false,picp,"origin-within-session, session-within-user, equal-user mean",3,20260722;20260723;20260724,0.4546848833560943,0.4381722509860992,0.4708510041236877,20,112,503,False
0.22.0,held_sport,strength_cross_training,evaluation,interval,history_quantile_tcn,0.12.0,,held_sport,joint_user_sport__strength_cross_training,zero_history,180,0.5,true,absolute_coverage_error,"origin-within-session, session-within-user, equal-user mean",3,20260722;20260723;20260724,0.0453151166439056,0.0291489958763122,0.0618277490139007,20,112,503,False
0.22.0,held_sport,strength_cross_training,evaluation,interval,history_quantile_tcn,0.12.0,,held_sport,joint_user_sport__strength_cross_training,zero_history,180,0.5,true,conformal_adjustment_bpm,"origin-within-session, session-within-user, equal-user mean",3,20260722;20260723;20260724,0.0,0.0,0.0,20,112,503,False
0.22.0,held_sport,strength_cross_training,evaluation,interval,history_quantile_tcn,0.12.0,,held_sport,joint_user_sport__strength_cross_training,zero_history,180,0.5,true,mean_interval_width_bpm,"origin-within-session, session-within-user, equal-user mean",3,20260722;20260723;20260724,16.525829315185547,16.126781463623047,16.82329750061035,20,112,503,False
0.22.0,held_sport,strength_cross_training,evaluation,interval,history_quantile_tcn,0.12.0,,held_sport,joint_user_sport__strength_cross_training,zero_history,180,0.5,true,picp,"origin-within-session, session-within-user, equal-user mean",3,20260722;20260723;20260724,0.4546848833560943,0.4381722509860992,0.4708510041236877,20,112,503,False
0.22.0,held_sport,strength_cross_training,evaluation,interval,history_quantile_tcn,0.12.0,,held_sport,joint_user_sport__strength_cross_training,zero_history,180,0.8,false,absolute_coverage_error,"origin-within-session, session-within-user, equal-user mean",3,20260722;20260723;20260724,0.0623341679573059,0.0498453259468079,0.111755359172821,20,112,503,False
0.22.0,held_sport,strength_cross_training,evaluation,interval,history_quantile_tcn,0.12.0,,held_sport,joint_user_sport__strength_cross_training,zero_history,180,0.8,false,conformal_adjustment_bpm,"origin-within-session, session-within-user, equal-user mean",3,20260722;20260723;20260724,0.0,0.0,0.0,20,112,503,False
0.22.0,held_sport,strength_cross_training,evaluation,interval,history_quantile_tcn,0.12.0,,held_sport,joint_user_sport__strength_cross_training,zero_history,180,0.8,false,mean_interval_width_bpm,"origin-within-session, session-within-user, equal-user mean",3,20260722;20260723;20260724,31.467437744140625,30.7760009765625,32.402767181396484,20,112,503,False
0.22.0,held_sport,strength_cross_training,evaluation,interval,history_quantile_tcn,0.12.0,,held_sport,joint_user_sport__strength_cross_training,zero_history,180,0.8,false,picp,"origin-within-session, session-within-user, equal-user mean",3,20260722;20260723;20260724,0.7376658320426941,0.688244640827179,0.7501546740531921,20,112,503,False
0.22.0,held_sport,strength_cross_training,evaluation,interval,history_quantile_tcn,0.12.0,,held_sport,joint_user_sport__strength_cross_training,zero_history,180,0.8,true,absolute_coverage_error,"origin-within-session, session-within-user, equal-user mean",3,20260722;20260723;20260724,0.0623341679573059,0.0498453259468079,0.111755359172821,20,112,503,False
0.22.0,held_sport,strength_cross_training,evaluation,interval,history_quantile_tcn,0.12.0,,held_sport,joint_user_sport__strength_cross_training,zero_history,180,0.8,true,conformal_adjustment_bpm,"origin-within-session, session-within-user, equal-user mean",3,20260722;20260723;20260724,0.0,0.0,0.0,20,112,503,False
0.22.0,held_sport,strength_cross_training,evaluation,interval,history_quantile_tcn,0.12.0,,held_sport,joint_user_sport__strength_cross_training,zero_history,180,0.8,true,mean_interval_width_bpm,"origin-within-session, session-within-user, equal-user mean",3,20260722;20260723;20260724,31.467437744140625,30.7760009765625,32.402767181396484,20,112,503,False
0.22.0,held_sport,strength_cross_training,evaluation,interval,history_quantile_tcn,0.12.0,,held_sport,joint_user_sport__strength_cross_training,zero_history,180,0.8,true,picp,"origin-within-session, session-within-user, equal-user mean",3,20260722;20260723;20260724,0.7376658320426941,0.688244640827179,0.7501546740531921,20,112,503,False
0.22.0,held_sport,strength_cross_training,evaluation,interval,history_quantile_tcn,0.12.0,,held_sport,joint_user_sport__strength_cross_training,zero_history,180,0.9,false,absolute_coverage_error,"origin-within-session, session-within-user, equal-user mean",3,20260722;20260723;20260724,0.1002474665641784,0.0943463087081909,0.1089031934738159,20,112,503,False
0.22.0,held_sport,strength_cross_training,evaluation,interval,history_quantile_tcn,0.12.0,,held_sport,joint_user_sport__strength_cross_training,zero_history,180,0.9,false,conformal_adjustment_bpm,"origin-within-session, session-within-user, equal-user mean",3,20260722;20260723;20260724,0.0,0.0,0.0,20,112,503,False
0.22.0,held_sport,strength_cross_training,evaluation,interval,history_quantile_tcn,0.12.0,,held_sport,joint_user_sport__strength_cross_training,zero_history,180,0.9,false,mean_interval_width_bpm,"origin-within-session, session-within-user, equal-user mean",3,20260722;20260723;20260724,41.803184509277344,40.70543670654297,42.67809295654297,20,112,503,False
0.22.0,held_sport,strength_cross_training,evaluation,interval,history_quantile_tcn,0.12.0,,held_sport,joint_user_sport__strength_cross_training,zero_history,180,0.9,false,picp,"origin-within-session, session-within-user, equal-user mean",3,20260722;20260723;20260724,0.7997525334358215,0.7910968065261841,0.8056536912918091,20,112,503,False
0.22.0,held_sport,strength_cross_training,evaluation,interval,history_quantile_tcn,0.12.0,,held_sport,joint_user_sport__strength_cross_training,zero_history,180,0.9,true,absolute_coverage_error,"origin-within-session, session-within-user, equal-user mean",3,20260722;20260723;20260724,0.1002474665641784,0.0943463087081909,0.1089031934738159,20,112,503,False
0.22.0,held_sport,strength_cross_training,evaluation,interval,history_quantile_tcn,0.12.0,,held_sport,joint_user_sport__strength_cross_training,zero_history,180,0.9,true,conformal_adjustment_bpm,"origin-within-session, session-within-user, equal-user mean",3,20260722;20260723;20260724,0.0,0.0,0.0,20,112,503,False
0.22.0,held_sport,strength_cross_training,evaluation,interval,history_quantile_tcn,0.12.0,,held_sport,joint_user_sport__strength_cross_training,zero_history,180,0.9,true,mean_interval_width_bpm,"origin-within-session, session-within-user, equal-user mean",3,20260722;20260723;20260724,41.803184509277344,40.70543670654297,42.67809295654297,20,112,503,False
0.22.0,held_sport,strength_cross_training,evaluation,interval,history_quantile_tcn,0.12.0,,held_sport,joint_user_sport__strength_cross_training,zero_history,180,0.9,true,picp,"origin-within-session, session-within-user, equal-user mean",3,20260722;20260723;20260724,0.7997525334358215,0.7910968065261841,0.8056536912918091,20,112,503,False
0.22.0,held_sport,strength_cross_training,evaluation,interval,history_quantile_tcn,0.12.0,,held_sport,joint_user_sport__strength_cross_training,zero_history,300,0.5,false,absolute_coverage_error,"origin-within-session, session-within-user, equal-user mean",3,20260722;20260723;20260724,0.0636488795280456,0.0601197779178619,0.0801455974578857,20,112,503,False
0.22.0,held_sport,strength_cross_training,evaluation,interval,history_quantile_tcn,0.12.0,,held_sport,joint_user_sport__strength_cross_training,zero_history,300,0.5,false,conformal_adjustment_bpm,"origin-within-session, session-within-user, equal-user mean",3,20260722;20260723;20260724,0.0,0.0,0.0,20,112,503,False
0.22.0,held_sport,strength_cross_training,evaluation,interval,history_quantile_tcn,0.12.0,,held_sport,joint_user_sport__strength_cross_training,zero_history,300,0.5,false,mean_interval_width_bpm,"origin-within-session, session-within-user, equal-user mean",3,20260722;20260723;20260724,17.520938873291016,17.27630615234375,17.881898880004883,20,112,503,False
0.22.0,held_sport,strength_cross_training,evaluation,interval,history_quantile_tcn,0.12.0,,held_sport,joint_user_sport__strength_cross_training,zero_history,300,0.5,false,picp,"origin-within-session, session-within-user, equal-user mean",3,20260722;20260723;20260724,0.4363511204719543,0.4198544025421142,0.439880222082138,20,112,503,False
0.22.0,held_sport,strength_cross_training,evaluation,interval,history_quantile_tcn,0.12.0,,held_sport,joint_user_sport__strength_cross_training,zero_history,300,0.5,true,absolute_coverage_error,"origin-within-session, session-within-user, equal-user mean",3,20260722;20260723;20260724,0.0636488795280456,0.0601197779178619,0.0801455974578857,20,112,503,False
0.22.0,held_sport,strength_cross_training,evaluation,interval,history_quantile_tcn,0.12.0,,held_sport,joint_user_sport__strength_cross_training,zero_history,300,0.5,true,conformal_adjustment_bpm,"origin-within-session, session-within-user, equal-user mean",3,20260722;20260723;20260724,0.0,0.0,0.0,20,112,503,False
0.22.0,held_sport,strength_cross_training,evaluation,interval,history_quantile_tcn,0.12.0,,held_sport,joint_user_sport__strength_cross_training,zero_history,300,0.5,true,mean_interval_width_bpm,"origin-within-session, session-within-user, equal-user mean",3,20260722;20260723;20260724,17.520938873291016,17.27630615234375,17.881898880004883,20,112,503,False
0.22.0,held_sport,strength_cross_training,evaluation,interval,history_quantile_tcn,0.12.0,,held_sport,joint_user_sport__strength_cross_training,zero_history,300,0.5,true,picp,"origin-within-session, session-within-user, equal-user mean",3,20260722;20260723;20260724,0.4363511204719543,0.4198544025421142,0.439880222082138,20,112,503,False
0.22.0,held_sport,strength_cross_training,evaluation,interval,history_quantile_tcn,0.12.0,,held_sport,joint_user_sport__strength_cross_training,zero_history,300,0.8,false,absolute_coverage_error,"origin-within-session, session-within-user, equal-user mean",3,20260722;20260723;20260724,0.0158170342445373,0.0102845907211304,0.037906813621521,20,112,503,False
0.22.0,held_sport,strength_cross_training,evaluation,interval,history_quantile_tcn,0.12.0,,held_sport,joint_user_sport__strength_cross_training,zero_history,300,0.8,false,conformal_adjustment_bpm,"origin-within-session, session-within-user, equal-user mean",3,20260722;20260723;20260724,0.0,0.0,0.0,20,112,503,False
0.22.0,held_sport,strength_cross_training,evaluation,interval,history_quantile_tcn,0.12.0,,held_sport,joint_user_sport__strength_cross_training,zero_history,300,0.8,false,mean_interval_width_bpm,"origin-within-session, session-within-user, equal-user mean",3,20260722;20260723;20260724,34.51218795776367,33.508724212646484,34.84073638916016,20,112,503,False
0.22.0,held_sport,strength_cross_training,evaluation,interval,history_quantile_tcn,0.12.0,,held_sport,joint_user_sport__strength_cross_training,zero_history,300,0.8,false,picp,"origin-within-session, session-within-user, equal-user mean",3,20260722;20260723;20260724,0.7841829657554626,0.762093186378479,0.7897154092788696,20,112,503,False
0.22.0,held_sport,strength_cross_training,evaluation,interval,history_quantile_tcn,0.12.0,,held_sport,joint_user_sport__strength_cross_training,zero_history,300,0.8,true,absolute_coverage_error,"origin-within-session, session-within-user, equal-user mean",3,20260722;20260723;20260724,0.0158170342445373,0.0102845907211304,0.037906813621521,20,112,503,False
0.22.0,held_sport,strength_cross_training,evaluation,interval,history_quantile_tcn,0.12.0,,held_sport,joint_user_sport__strength_cross_training,zero_history,300,0.8,true,conformal_adjustment_bpm,"origin-within-session, session-within-user, equal-user mean",3,20260722;20260723;20260724,0.0,0.0,0.0,20,112,503,False
0.22.0,held_sport,strength_cross_training,evaluation,interval,history_quantile_tcn,0.12.0,,held_sport,joint_user_sport__strength_cross_training,zero_history,300,0.8,true,mean_interval_width_bpm,"origin-within-session, session-within-user, equal-user mean",3,20260722;20260723;20260724,34.51218795776367,33.508724212646484,34.84073638916016,20,112,503,False
0.22.0,held_sport,strength_cross_training,evaluation,interval,history_quantile_tcn,0.12.0,,held_sport,joint_user_sport__strength_cross_training,zero_history,300,0.8,true,picp,"origin-within-session, session-within-user, equal-user mean",3,20260722;20260723;20260724,0.7841829657554626,0.762093186378479,0.7897154092788696,20,112,503,False
0.22.0,held_sport,strength_cross_training,evaluation,interval,history_quantile_tcn,0.12.0,,held_sport,joint_user_sport__strength_cross_training,zero_history,300,0.9,false,absolute_coverage_error,"origin-within-session, session-within-user, equal-user mean",3,20260722;20260723;20260724,0.0559457778930664,0.0509639620780945,0.0587234735488891,20,112,503,False
0.22.0,held_sport,strength_cross_training,evaluation,interval,history_quantile_tcn,0.12.0,,held_sport,joint_user_sport__strength_cross_training,zero_history,300,0.9,false,conformal_adjustment_bpm,"origin-within-session, session-within-user, equal-user mean",3,20260722;20260723;20260724,0.0,0.0,0.0,20,112,503,False
0.22.0,held_sport,strength_cross_training,evaluation,interval,history_quantile_tcn,0.12.0,,held_sport,joint_user_sport__strength_cross_training,zero_history,300,0.9,false,mean_interval_width_bpm,"origin-within-session, session-within-user, equal-user mean",3,20260722;20260723;20260724,46.0538215637207,44.35300827026367,46.35844802856445,20,112,503,False
0.22.0,held_sport,strength_cross_training,evaluation,interval,history_quantile_tcn,0.12.0,,held_sport,joint_user_sport__strength_cross_training,zero_history,300,0.9,false,picp,"origin-within-session, session-within-user, equal-user mean",3,20260722;20260723;20260724,0.8440542221069336,0.8412765264511108,0.8490360379219055,20,112,503,False
0.22.0,held_sport,strength_cross_training,evaluation,interval,history_quantile_tcn,0.12.0,,held_sport,joint_user_sport__strength_cross_training,zero_history,300,0.9,true,absolute_coverage_error,"origin-within-session, session-within-user, equal-user mean",3,20260722;20260723;20260724,0.0559457778930664,0.0509639620780945,0.0587234735488891,20,112,503,False
0.22.0,held_sport,strength_cross_training,evaluation,interval,history_quantile_tcn,0.12.0,,held_sport,joint_user_sport__strength_cross_training,zero_history,300,0.9,true,conformal_adjustment_bpm,"origin-within-session, session-within-user, equal-user mean",3,20260722;20260723;20260724,0.0,0.0,0.0,20,112,503,False
0.22.0,held_sport,strength_cross_training,evaluation,interval,history_quantile_tcn,0.12.0,,held_sport,joint_user_sport__strength_cross_training,zero_history,300,0.9,true,mean_interval_width_bpm,"origin-within-session, session-within-user, equal-user mean",3,20260722;20260723;20260724,46.0538215637207,44.35300827026367,46.35844802856445,20,112,503,False
0.22.0,held_sport,strength_cross_training,evaluation,interval,history_quantile_tcn,0.12.0,,held_sport,joint_user_sport__strength_cross_training,zero_history,300,0.9,true,picp,"origin-within-session, session-within-user, equal-user mean",3,20260722;20260723;20260724,0.8440542221069336,0.8412765264511108,0.8490360379219055,20,112,503,False
0.22.0,held_sport,strength_cross_training,evaluation,interval,history_quantile_tcn,0.12.0,,held_sport,unseen_sport__strength_cross_training,history_informed,60,0.5,false,absolute_coverage_error,"origin-within-session, session-within-user, equal-user mean",3,20260722;20260723;20260724,0.0499855279922485,0.043222039937973,0.0729740858078002,106,587,3189,False
0.22.0,held_sport,strength_cross_training,evaluation,interval,history_quantile_tcn,0.12.0,,held_sport,unseen_sport__strength_cross_training,history_informed,60,0.5,false,conformal_adjustment_bpm,"origin-within-session, session-within-user, equal-user mean",3,20260722;20260723;20260724,0.0,0.0,0.0,106,587,3189,False
0.22.0,held_sport,strength_cross_training,evaluation,interval,history_quantile_tcn,0.12.0,,held_sport,unseen_sport__strength_cross_training,history_informed,60,0.5,false,mean_interval_width_bpm,"origin-within-session, session-within-user, equal-user mean",3,20260722;20260723;20260724,13.393656730651855,13.35970687866211,14.115957260131836,106,587,3189,False
0.22.0,held_sport,strength_cross_training,evaluation,interval,history_quantile_tcn,0.12.0,,held_sport,unseen_sport__strength_cross_training,history_informed,60,0.5,false,picp,"origin-within-session, session-within-user, equal-user mean",3,20260722;20260723;20260724,0.4500144720077514,0.4270259141921997,0.456777960062027,106,587,3189,False
0.22.0,held_sport,strength_cross_training,evaluation,interval,history_quantile_tcn,0.12.0,,held_sport,unseen_sport__strength_cross_training,history_informed,60,0.5,true,absolute_coverage_error,"origin-within-session, session-within-user, equal-user mean",3,20260722;20260723;20260724,0.0499855279922485,0.043222039937973,0.0714898407459259,106,587,3189,False
0.22.0,held_sport,strength_cross_training,evaluation,interval,history_quantile_tcn,0.12.0,,held_sport,unseen_sport__strength_cross_training,history_informed,60,0.5,true,conformal_adjustment_bpm,"origin-within-session, session-within-user, equal-user mean",3,20260722;20260723;20260724,0.0,0.0,0.0247344970703125,106,587,3189,False
0.22.0,held_sport,strength_cross_training,evaluation,interval,history_quantile_tcn,0.12.0,,held_sport,unseen_sport__strength_cross_training,history_informed,60,0.5,true,mean_interval_width_bpm,"origin-within-session, session-within-user, equal-user mean",3,20260722;20260723;20260724,13.409174919128418,13.393656730651855,14.115957260131836,106,587,3189,False
0.22.0,held_sport,strength_cross_training,evaluation,interval,history_quantile_tcn,0.12.0,,held_sport,unseen_sport__strength_cross_training,history_informed,60,0.5,true,picp,"origin-within-session, session-within-user, equal-user mean",3,20260722;20260723;20260724,0.4500144720077514,0.4285101592540741,0.456777960062027,106,587,3189,False
0.22.0,held_sport,strength_cross_training,evaluation,interval,history_quantile_tcn,0.12.0,,held_sport,unseen_sport__strength_cross_training,history_informed,60,0.8,false,absolute_coverage_error,"origin-within-session, session-within-user, equal-user mean",3,20260722;20260723;20260724,0.0561390995979309,0.0257606387138367,0.0671594619750977,106,587,3189,False
0.22.0,held_sport,strength_cross_training,evaluation,interval,history_quantile_tcn,0.12.0,,held_sport,unseen_sport__strength_cross_training,history_informed,60,0.8,false,conformal_adjustment_bpm,"origin-within-session, session-within-user, equal-user mean",3,20260722;20260723;20260724,0.0,0.0,0.0,106,587,3189,False
0.22.0,held_sport,strength_cross_training,evaluation,interval,history_quantile_tcn,0.12.0,,held_sport,unseen_sport__strength_cross_training,history_informed,60,0.8,false,mean_interval_width_bpm,"origin-within-session, session-within-user, equal-user mean",3,20260722;20260723;20260724,26.618453979492188,26.397016525268555,27.564186096191406,106,587,3189,False
0.22.0,held_sport,strength_cross_training,evaluation,interval,history_quantile_tcn,0.12.0,,held_sport,unseen_sport__strength_cross_training,history_informed,60,0.8,false,picp,"origin-within-session, session-within-user, equal-user mean",3,20260722;20260723;20260724,0.7438609004020691,0.7328405380249023,0.7742393612861633,106,587,3189,False
0.22.0,held_sport,strength_cross_training,evaluation,interval,history_quantile_tcn,0.12.0,,held_sport,unseen_sport__strength_cross_training,history_informed,60,0.8,true,absolute_coverage_error,"origin-within-session, session-within-user, equal-user mean",3,20260722;20260723;20260724,0.0561390995979309,0.0257606387138367,0.067054557800293,106,587,3189,False
0.22.0,held_sport,strength_cross_training,evaluation,interval,history_quantile_tcn,0.12.0,,held_sport,unseen_sport__strength_cross_training,history_informed,60,0.8,true,conformal_adjustment_bpm,"origin-within-session, session-within-user, equal-user mean",3,20260722;20260723;20260724,0.0,0.0,0.017578125,106,587,3189,False
0.22.0,held_sport,strength_cross_training,evaluation,interval,history_quantile_tcn,0.12.0,,held_sport,unseen_sport__strength_cross_training,history_informed,60,0.8,true,mean_interval_width_bpm,"origin-within-session, session-within-user, equal-user mean",3,20260722;20260723;20260724,26.618453979492188,26.432172775268555,27.564186096191406,106,587,3189,False
0.22.0,held_sport,strength_cross_training,evaluation,interval,history_quantile_tcn,0.12.0,,held_sport,unseen_sport__strength_cross_training,history_informed,60,0.8,true,picp,"origin-within-session, session-within-user, equal-user mean",3,20260722;20260723;20260724,0.7438609004020691,0.732945442199707,0.7742393612861633,106,587,3189,False
0.22.0,held_sport,strength_cross_training,evaluation,interval,history_quantile_tcn,0.12.0,,held_sport,unseen_sport__strength_cross_training,history_informed,60,0.9,false,absolute_coverage_error,"origin-within-session, session-within-user, equal-user mean",3,20260722;20260723;20260724,0.0138056516647339,0.0023290157318115,0.0275694966316223,106,587,3189,False
0.22.0,held_sport,strength_cross_training,evaluation,interval,history_quantile_tcn,0.12.0,,held_sport,unseen_sport__strength_cross_training,history_informed,60,0.9,false,conformal_adjustment_bpm,"origin-within-session, session-within-user, equal-user mean",3,20260722;20260723;20260724,0.0,0.0,0.0,106,587,3189,False
0.22.0,held_sport,strength_cross_training,evaluation,interval,history_quantile_tcn,0.12.0,,held_sport,unseen_sport__strength_cross_training,history_informed,60,0.9,false,mean_interval_width_bpm,"origin-within-session, session-within-user, equal-user mean",3,20260722;20260723;20260724,35.77599334716797,35.19574737548828,36.72004318237305,106,587,3189,False
0.22.0,held_sport,strength_cross_training,evaluation,interval,history_quantile_tcn,0.12.0,,held_sport,unseen_sport__strength_cross_training,history_informed,60,0.9,false,picp,"origin-within-session, session-within-user, equal-user mean",3,20260722;20260723;20260724,0.8861943483352661,0.8724305033683777,0.8976709842681885,106,587,3189,False
0.22.0,held_sport,strength_cross_training,evaluation,interval,history_quantile_tcn,0.12.0,,held_sport,unseen_sport__strength_cross_training,history_informed,60,0.9,true,absolute_coverage_error,"origin-within-session, session-within-user, equal-user mean",3,20260722;20260723;20260724,0.0138056516647339,0.0023290157318115,0.026971423625946,106,587,3189,False
0.22.0,held_sport,strength_cross_training,evaluation,interval,history_quantile_tcn,0.12.0,,held_sport,unseen_sport__strength_cross_training,history_informed,60,0.9,true,conformal_adjustment_bpm,"origin-within-session, session-within-user, equal-user mean",3,20260722;20260723;20260724,0.0,0.0,0.0772552490234375,106,587,3189,False
0.22.0,held_sport,strength_cross_training,evaluation,interval,history_quantile_tcn,0.12.0,,held_sport,unseen_sport__strength_cross_training,history_informed,60,0.9,true,mean_interval_width_bpm,"origin-within-session, session-within-user, equal-user mean",3,20260722;20260723;20260724,35.77599334716797,35.35025405883789,36.72004318237305,106,587,3189,False
0.22.0,held_sport,strength_cross_training,evaluation,interval,history_quantile_tcn,0.12.0,,held_sport,unseen_sport__strength_cross_training,history_informed,60,0.9,true,picp,"origin-within-session, session-within-user, equal-user mean",3,20260722;20260723;20260724,0.8861943483352661,0.873028576374054,0.8976709842681885,106,587,3189,False
0.22.0,held_sport,strength_cross_training,evaluation,interval,history_quantile_tcn,0.12.0,,held_sport,unseen_sport__strength_cross_training,history_informed,180,0.5,false,absolute_coverage_error,"origin-within-session, session-within-user, equal-user mean",3,20260722;20260723;20260724,0.0217344760894775,0.0054891705513,0.0314878821372985,106,587,3189,False
0.22.0,held_sport,strength_cross_training,evaluation,interval,history_quantile_tcn,0.12.0,,held_sport,unseen_sport__strength_cross_training,history_informed,180,0.5,false,conformal_adjustment_bpm,"origin-within-session, session-within-user, equal-user mean",3,20260722;20260723;20260724,0.0,0.0,0.0,106,587,3189,False
0.22.0,held_sport,strength_cross_training,evaluation,interval,history_quantile_tcn,0.12.0,,held_sport,unseen_sport__strength_cross_training,history_informed,180,0.5,false,mean_interval_width_bpm,"origin-within-session, session-within-user, equal-user mean",3,20260722;20260723;20260724,17.398540496826172,17.144210815429688,18.175790786743164,106,587,3189,False
0.22.0,held_sport,strength_cross_training,evaluation,interval,history_quantile_tcn,0.12.0,,held_sport,unseen_sport__strength_cross_training,history_informed,180,0.5,false,picp,"origin-within-session, session-within-user, equal-user mean",3,20260722;20260723;20260724,0.5217344760894775,0.4945108294486999,0.5314878821372986,106,587,3189,False
0.22.0,held_sport,strength_cross_training,evaluation,interval,history_quantile_tcn,0.12.0,,held_sport,unseen_sport__strength_cross_training,history_informed,180,0.5,true,absolute_coverage_error,"origin-within-session, session-within-user, equal-user mean",3,20260722;20260723;20260724,0.0217344760894775,0.0036810040473937,0.0314878821372985,106,587,3189,False
0.22.0,held_sport,strength_cross_training,evaluation,interval,history_quantile_tcn,0.12.0,,held_sport,unseen_sport__strength_cross_training,history_informed,180,0.5,true,conformal_adjustment_bpm,"origin-within-session, session-within-user, equal-user mean",3,20260722;20260723;20260724,0.0,0.0,0.0234375,106,587,3189,False
0.22.0,held_sport,strength_cross_training,evaluation,interval,history_quantile_tcn,0.12.0,,held_sport,unseen_sport__strength_cross_training,history_informed,180,0.5,true,mean_interval_width_bpm,"origin-within-session, session-within-user, equal-user mean",3,20260722;20260723;20260724,17.398540496826172,17.191085815429688,18.175790786743164,106,587,3189,False
0.22.0,held_sport,strength_cross_training,evaluation,interval,history_quantile_tcn,0.12.0,,held_sport,unseen_sport__strength_cross_training,history_informed,180,0.5,true,picp,"origin-within-session, session-within-user, equal-user mean",3,20260722;20260723;20260724,0.5217344760894775,0.4963189959526062,0.5314878821372986,106,587,3189,False
0.22.0,held_sport,strength_cross_training,evaluation,interval,history_quantile_tcn,0.12.0,,held_sport,unseen_sport__strength_cross_training,history_informed,180,0.8,false,absolute_coverage_error,"origin-within-session, session-within-user, equal-user mean",3,20260722;20260723;20260724,0.0309583425521851,0.0069183230400085,0.0344057559967041,106,587,3189,False
0.22.0,held_sport,strength_cross_training,evaluation,interval,history_quantile_tcn,0.12.0,,held_sport,unseen_sport__strength_cross_training,history_informed,180,0.8,false,conformal_adjustment_bpm,"origin-within-session, session-within-user, equal-user mean",3,20260722;20260723;20260724,0.0,0.0,0.0,106,587,3189,False
0.22.0,held_sport,strength_cross_training,evaluation,interval,history_quantile_tcn,0.12.0,,held_sport,unseen_sport__strength_cross_training,history_informed,180,0.8,false,mean_interval_width_bpm,"origin-within-session, session-within-user, equal-user mean",3,20260722;20260723;20260724,33.634525299072266,32.959503173828125,35.114707946777344,106,587,3189,False
0.22.0,held_sport,strength_cross_training,evaluation,interval,history_quantile_tcn,0.12.0,,held_sport,unseen_sport__strength_cross_training,history_informed,180,0.8,false,picp,"origin-within-session, session-within-user, equal-user mean",3,20260722;20260723;20260724,0.7690416574478149,0.7655942440032959,0.8069183230400085,106,587,3189,False
0.22.0,held_sport,strength_cross_training,evaluation,interval,history_quantile_tcn,0.12.0,,held_sport,unseen_sport__strength_cross_training,history_informed,180,0.8,true,absolute_coverage_error,"origin-within-session, session-within-user, equal-user mean",3,20260722;20260723;20260724,0.0298650145530701,0.0069183230400085,0.0344057559967041,106,587,3189,False
0.22.0,held_sport,strength_cross_training,evaluation,interval,history_quantile_tcn,0.12.0,,held_sport,unseen_sport__strength_cross_training,history_informed,180,0.8,true,conformal_adjustment_bpm,"origin-within-session, session-within-user, equal-user mean",3,20260722;20260723;20260724,0.0,0.0,0.06640625,106,587,3189,False
0.22.0,held_sport,strength_cross_training,evaluation,interval,history_quantile_tcn,0.12.0,,held_sport,unseen_sport__strength_cross_training,history_informed,180,0.8,true,mean_interval_width_bpm,"origin-within-session, session-within-user, equal-user mean",3,20260722;20260723;20260724,33.634525299072266,33.092315673828125,35.114707946777344,106,587,3189,False
0.22.0,held_sport,strength_cross_training,evaluation,interval,history_quantile_tcn,0.12.0,,held_sport,unseen_sport__strength_cross_training,history_informed,180,0.8,true,picp,"origin-within-session, session-within-user, equal-user mean",3,20260722;20260723;20260724,0.7701349854469299,0.7655942440032959,0.8069183230400085,106,587,3189,False
0.22.0,held_sport,strength_cross_training,evaluation,interval,history_quantile_tcn,0.12.0,,held_sport,unseen_sport__strength_cross_training,history_informed,180,0.9,false,absolute_coverage_error,"origin-within-session, session-within-user, equal-user mean",3,20260722;20260723;20260724,0.0142212748527527,0.0021375656127929,0.0318179368972778,106,587,3189,False
0.22.0,held_sport,strength_cross_training,evaluation,interval,history_quantile_tcn,0.12.0,,held_sport,unseen_sport__strength_cross_training,history_informed,180,0.9,false,conformal_adjustment_bpm,"origin-within-session, session-within-user, equal-user mean",3,20260722;20260723;20260724,0.0,0.0,0.0,106,587,3189,False
0.22.0,held_sport,strength_cross_training,evaluation,interval,history_quantile_tcn,0.12.0,,held_sport,unseen_sport__strength_cross_training,history_informed,180,0.9,false,mean_interval_width_bpm,"origin-within-session, session-within-user, equal-user mean",3,20260722;20260723;20260724,44.66142654418945,43.58440780639648,46.30760955810547,106,587,3189,False
0.22.0,held_sport,strength_cross_training,evaluation,interval,history_quantile_tcn,0.12.0,,held_sport,unseen_sport__strength_cross_training,history_informed,180,0.9,false,picp,"origin-within-session, session-within-user, equal-user mean",3,20260722;20260723;20260724,0.8857787251472473,0.8681820631027222,0.897862434387207,106,587,3189,False
0.22.0,held_sport,strength_cross_training,evaluation,interval,history_quantile_tcn,0.12.0,,held_sport,unseen_sport__strength_cross_training,history_informed,180,0.9,true,absolute_coverage_error,"origin-within-session, session-within-user, equal-user mean",3,20260722;20260723;20260724,0.0142212748527527,0.0021375656127929,0.0310285329818725,106,587,3189,False
0.22.0,held_sport,strength_cross_training,evaluation,interval,history_quantile_tcn,0.12.0,,held_sport,unseen_sport__strength_cross_training,history_informed,180,0.9,true,conformal_adjustment_bpm,"origin-within-session, session-within-user, equal-user mean",3,20260722;20260723;20260724,0.0,0.0,0.125,106,587,3189,False
0.22.0,held_sport,strength_cross_training,evaluation,interval,history_quantile_tcn,0.12.0,,held_sport,unseen_sport__strength_cross_training,history_informed,180,0.9,true,mean_interval_width_bpm,"origin-within-session, session-within-user, equal-user mean",3,20260722;20260723;20260724,44.66142654418945,43.83440780639648,46.30760955810547,106,587,3189,False
0.22.0,held_sport,strength_cross_training,evaluation,interval,history_quantile_tcn,0.12.0,,held_sport,unseen_sport__strength_cross_training,history_informed,180,0.9,true,picp,"origin-within-session, session-within-user, equal-user mean",3,20260722;20260723;20260724,0.8857787251472473,0.8689714670181274,0.897862434387207,106,587,3189,False
0.22.0,held_sport,strength_cross_training,evaluation,interval,history_quantile_tcn,0.12.0,,held_sport,unseen_sport__strength_cross_training,history_informed,300,0.5,false,absolute_coverage_error,"origin-within-session, session-within-user, equal-user mean",3,20260722;20260723;20260724,0.0125859677791595,0.007029116153717,0.0228984653949737,106,587,3189,False
0.22.0,held_sport,strength_cross_training,evaluation,interval,history_quantile_tcn,0.12.0,,held_sport,unseen_sport__strength_cross_training,history_informed,300,0.5,false,conformal_adjustment_bpm,"origin-within-session, session-within-user, equal-user mean",3,20260722;20260723;20260724,0.0,0.0,0.0,106,587,3189,False
0.22.0,held_sport,strength_cross_training,evaluation,interval,history_quantile_tcn,0.12.0,,held_sport,unseen_sport__strength_cross_training,history_informed,300,0.5,false,mean_interval_width_bpm,"origin-within-session, session-within-user, equal-user mean",3,20260722;20260723;20260724,18.514379501342773,18.382192611694336,19.42872428894043,106,587,3189,False
0.22.0,held_sport,strength_cross_training,evaluation,interval,history_quantile_tcn,0.12.0,,held_sport,unseen_sport__strength_cross_training,history_informed,300,0.5,false,picp,"origin-within-session, session-within-user, equal-user mean",3,20260722;20260723;20260724,0.4874140322208404,0.4771015346050262,0.507029116153717,106,587,3189,False
0.22.0,held_sport,strength_cross_training,evaluation,interval,history_quantile_tcn,0.12.0,,held_sport,unseen_sport__strength_cross_training,history_informed,300,0.5,true,absolute_coverage_error,"origin-within-session, session-within-user, equal-user mean",3,20260722;20260723;20260724,0.0125859677791595,0.007029116153717,0.0228984653949737,106,587,3189,False
0.22.0,held_sport,strength_cross_training,evaluation,interval,history_quantile_tcn,0.12.0,,held_sport,unseen_sport__strength_cross_training,history_informed,300,0.5,true,conformal_adjustment_bpm,"origin-within-session, session-within-user, equal-user mean",3,20260722;20260723;20260724,0.0,0.0,0.0,106,587,3189,False
0.22.0,held_sport,strength_cross_training,evaluation,interval,history_quantile_tcn,0.12.0,,held_sport,unseen_sport__strength_cross_training,history_informed,300,0.5,true,mean_interval_width_bpm,"origin-within-session, session-within-user, equal-user mean",3,20260722;20260723;20260724,18.514379501342773,18.382192611694336,19.42872428894043,106,587,3189,False
0.22.0,held_sport,strength_cross_training,evaluation,interval,history_quantile_tcn,0.12.0,,held_sport,unseen_sport__strength_cross_training,history_informed,300,0.5,true,picp,"origin-within-session, session-within-user, equal-user mean",3,20260722;20260723;20260724,0.4874140322208404,0.4771015346050262,0.507029116153717,106,587,3189,False
0.22.0,held_sport,strength_cross_training,evaluation,interval,history_quantile_tcn,0.12.0,,held_sport,unseen_sport__strength_cross_training,history_informed,300,0.8,false,absolute_coverage_error,"origin-within-session, session-within-user, equal-user mean",3,20260722;20260723;20260724,0.0128225564956665,0.0114527225494385,0.0371045351028442,106,587,3189,False
0.22.0,held_sport,strength_cross_training,evaluation,interval,history_quantile_tcn,0.12.0,,held_sport,unseen_sport__strength_cross_training,history_informed,300,0.8,false,conformal_adjustment_bpm,"origin-within-session, session-within-user, equal-user mean",3,20260722;20260723;20260724,0.0,0.0,0.0,106,587,3189,False
0.22.0,held_sport,strength_cross_training,evaluation,interval,history_quantile_tcn,0.12.0,,held_sport,unseen_sport__strength_cross_training,history_informed,300,0.8,false,mean_interval_width_bpm,"origin-within-session, session-within-user, equal-user mean",3,20260722;20260723;20260724,36.78956985473633,35.73326110839844,37.86957550048828,106,587,3189,False
0.22.0,held_sport,strength_cross_training,evaluation,interval,history_quantile_tcn,0.12.0,,held_sport,unseen_sport__strength_cross_training,history_informed,300,0.8,false,picp,"origin-within-session, session-within-user, equal-user mean",3,20260722;20260723;20260724,0.7871774435043335,0.7628954648971558,0.7885472774505615,106,587,3189,False
0.22.0,held_sport,strength_cross_training,evaluation,interval,history_quantile_tcn,0.12.0,,held_sport,unseen_sport__strength_cross_training,history_informed,300,0.8,true,absolute_coverage_error,"origin-within-session, session-within-user, equal-user mean",3,20260722;20260723;20260724,0.0128225564956665,0.0114527225494385,0.0371045351028442,106,587,3189,False
0.22.0,held_sport,strength_cross_training,evaluation,interval,history_quantile_tcn,0.12.0,,held_sport,unseen_sport__strength_cross_training,history_informed,300,0.8,true,conformal_adjustment_bpm,"origin-within-session, session-within-user, equal-user mean",3,20260722;20260723;20260724,0.0,0.0,0.0,106,587,3189,False
0.22.0,held_sport,strength_cross_training,evaluation,interval,history_quantile_tcn,0.12.0,,held_sport,unseen_sport__strength_cross_training,history_informed,300,0.8,true,mean_interval_width_bpm,"origin-within-session, session-within-user, equal-user mean",3,20260722;20260723;20260724,36.78956985473633,35.73326110839844,37.86957550048828,106,587,3189,False
0.22.0,held_sport,strength_cross_training,evaluation,interval,history_quantile_tcn,0.12.0,,held_sport,unseen_sport__strength_cross_training,history_informed,300,0.8,true,picp,"origin-within-session, session-within-user, equal-user mean",3,20260722;20260723;20260724,0.7871774435043335,0.7628954648971558,0.7885472774505615,106,587,3189,False
0.22.0,held_sport,strength_cross_training,evaluation,interval,history_quantile_tcn,0.12.0,,held_sport,unseen_sport__strength_cross_training,history_informed,300,0.9,false,absolute_coverage_error,"origin-within-session, session-within-user, equal-user mean",3,20260722;20260723;20260724,0.0167114973068237,0.0089401245117187,0.0200751662254333,106,587,3189,False
0.22.0,held_sport,strength_cross_training,evaluation,interval,history_quantile_tcn,0.12.0,,held_sport,unseen_sport__strength_cross_training,history_informed,300,0.9,false,conformal_adjustment_bpm,"origin-within-session, session-within-user, equal-user mean",3,20260722;20260723;20260724,0.0,0.0,0.0,106,587,3189,False
0.22.0,held_sport,strength_cross_training,evaluation,interval,history_quantile_tcn,0.12.0,,held_sport,unseen_sport__strength_cross_training,history_informed,300,0.9,false,mean_interval_width_bpm,"origin-within-session, session-within-user, equal-user mean",3,20260722;20260723;20260724,49.06186294555664,47.23461532592773,50.40574645996094,106,587,3189,False
0.22.0,held_sport,strength_cross_training,evaluation,interval,history_quantile_tcn,0.12.0,,held_sport,unseen_sport__strength_cross_training,history_informed,300,0.9,false,picp,"origin-within-session, session-within-user, equal-user mean",3,20260722;20260723;20260724,0.8832885026931763,0.8799248337745667,0.8910598754882812,106,587,3189,False
0.22.0,held_sport,strength_cross_training,evaluation,interval,history_quantile_tcn,0.12.0,,held_sport,unseen_sport__strength_cross_training,history_informed,300,0.9,true,absolute_coverage_error,"origin-within-session, session-within-user, equal-user mean",3,20260722;20260723;20260724,0.0167114973068237,0.0089401245117187,0.0198477149009704,106,587,3189,False
0.22.0,held_sport,strength_cross_training,evaluation,interval,history_quantile_tcn,0.12.0,,held_sport,unseen_sport__strength_cross_training,history_informed,300,0.9,true,conformal_adjustment_bpm,"origin-within-session, session-within-user, equal-user mean",3,20260722;20260723;20260724,0.0,0.0,0.078125,106,587,3189,False
0.22.0,held_sport,strength_cross_training,evaluation,interval,history_quantile_tcn,0.12.0,,held_sport,unseen_sport__strength_cross_training,history_informed,300,0.9,true,mean_interval_width_bpm,"origin-within-session, session-within-user, equal-user mean",3,20260722;20260723;20260724,49.06186294555664,47.39086532592773,50.40574645996094,106,587,3189,False
0.22.0,held_sport,strength_cross_training,evaluation,interval,history_quantile_tcn,0.12.0,,held_sport,unseen_sport__strength_cross_training,history_informed,300,0.9,true,picp,"origin-within-session, session-within-user, equal-user mean",3,20260722;20260723;20260724,0.8832885026931763,0.8801522850990295,0.8910598754882812,106,587,3189,False
0.22.0,held_sport,strength_cross_training,evaluation,interval,history_quantile_tcn,0.12.0,,held_sport,unseen_sport__strength_cross_training,zero_history,60,0.5,false,absolute_coverage_error,"origin-within-session, session-within-user, equal-user mean",3,20260722;20260723;20260724,0.073081225156784,0.0614154338836669,0.0819884240627288,106,587,3189,False
0.22.0,held_sport,strength_cross_training,evaluation,interval,history_quantile_tcn,0.12.0,,held_sport,unseen_sport__strength_cross_training,zero_history,60,0.5,false,conformal_adjustment_bpm,"origin-within-session, session-within-user, equal-user mean",3,20260722;20260723;20260724,0.0,0.0,0.0,106,587,3189,False
0.22.0,held_sport,strength_cross_training,evaluation,interval,history_quantile_tcn,0.12.0,,held_sport,unseen_sport__strength_cross_training,zero_history,60,0.5,false,mean_interval_width_bpm,"origin-within-session, session-within-user, equal-user mean",3,20260722;20260723;20260724,13.305500984191896,13.16718578338623,14.13950538635254,106,587,3189,False
0.22.0,held_sport,strength_cross_training,evaluation,interval,history_quantile_tcn,0.12.0,,held_sport,unseen_sport__strength_cross_training,zero_history,60,0.5,false,picp,"origin-within-session, session-within-user, equal-user mean",3,20260722;20260723;20260724,0.4269187748432159,0.4180115759372711,0.438584566116333,106,587,3189,False
0.22.0,held_sport,strength_cross_training,evaluation,interval,history_quantile_tcn,0.12.0,,held_sport,unseen_sport__strength_cross_training,zero_history,60,0.5,true,absolute_coverage_error,"origin-within-session, session-within-user, equal-user mean",3,20260722;20260723;20260724,0.073081225156784,0.0614154338836669,0.0819884240627288,106,587,3189,False
0.22.0,held_sport,strength_cross_training,evaluation,interval,history_quantile_tcn,0.12.0,,held_sport,unseen_sport__strength_cross_training,zero_history,60,0.5,true,conformal_adjustment_bpm,"origin-within-session, session-within-user, equal-user mean",3,20260722;20260723;20260724,0.0,0.0,0.0,106,587,3189,False
0.22.0,held_sport,strength_cross_training,evaluation,interval,history_quantile_tcn,0.12.0,,held_sport,unseen_sport__strength_cross_training,zero_history,60,0.5,true,mean_interval_width_bpm,"origin-within-session, session-within-user, equal-user mean",3,20260722;20260723;20260724,13.305500984191896,13.16718578338623,14.13950538635254,106,587,3189,False
0.22.0,held_sport,strength_cross_training,evaluation,interval,history_quantile_tcn,0.12.0,,held_sport,unseen_sport__strength_cross_training,zero_history,60,0.5,true,picp,"origin-within-session, session-within-user, equal-user mean",3,20260722;20260723;20260724,0.4269187748432159,0.4180115759372711,0.438584566116333,106,587,3189,False
0.22.0,held_sport,strength_cross_training,evaluation,interval,history_quantile_tcn,0.12.0,,held_sport,unseen_sport__strength_cross_training,zero_history,60,0.8,false,absolute_coverage_error,"origin-within-session, session-within-user, equal-user mean",3,20260722;20260723;20260724,0.057777214050293,0.0385802268981934,0.072533655166626,106,587,3189,False
0.22.0,held_sport,strength_cross_training,evaluation,interval,history_quantile_tcn,0.12.0,,held_sport,unseen_sport__strength_cross_training,zero_history,60,0.8,false,conformal_adjustment_bpm,"origin-within-session, session-within-user, equal-user mean",3,20260722;20260723;20260724,0.0,0.0,0.0,106,587,3189,False
0.22.0,held_sport,strength_cross_training,evaluation,interval,history_quantile_tcn,0.12.0,,held_sport,unseen_sport__strength_cross_training,zero_history,60,0.8,false,mean_interval_width_bpm,"origin-within-session, session-within-user, equal-user mean",3,20260722;20260723;20260724,25.82100296020508,25.79276657104492,27.11777687072754,106,587,3189,False
0.22.0,held_sport,strength_cross_training,evaluation,interval,history_quantile_tcn,0.12.0,,held_sport,unseen_sport__strength_cross_training,zero_history,60,0.8,false,picp,"origin-within-session, session-within-user, equal-user mean",3,20260722;20260723;20260724,0.742222785949707,0.727466344833374,0.7614197731018066,106,587,3189,False
0.22.0,held_sport,strength_cross_training,evaluation,interval,history_quantile_tcn,0.12.0,,held_sport,unseen_sport__strength_cross_training,zero_history,60,0.8,true,absolute_coverage_error,"origin-within-session, session-within-user, equal-user mean",3,20260722;20260723;20260724,0.057777214050293,0.0385802268981934,0.072533655166626,106,587,3189,False
0.22.0,held_sport,strength_cross_training,evaluation,interval,history_quantile_tcn,0.12.0,,held_sport,unseen_sport__strength_cross_training,zero_history,60,0.8,true,conformal_adjustment_bpm,"origin-within-session, session-within-user, equal-user mean",3,20260722;20260723;20260724,0.0,0.0,0.0,106,587,3189,False
0.22.0,held_sport,strength_cross_training,evaluation,interval,history_quantile_tcn,0.12.0,,held_sport,unseen_sport__strength_cross_training,zero_history,60,0.8,true,mean_interval_width_bpm,"origin-within-session, session-within-user, equal-user mean",3,20260722;20260723;20260724,25.82100296020508,25.79276657104492,27.11777687072754,106,587,3189,False
0.22.0,held_sport,strength_cross_training,evaluation,interval,history_quantile_tcn,0.12.0,,held_sport,unseen_sport__strength_cross_training,zero_history,60,0.8,true,picp,"origin-within-session, session-within-user, equal-user mean",3,20260722;20260723;20260724,0.742222785949707,0.727466344833374,0.7614197731018066,106,587,3189,False
0.22.0,held_sport,strength_cross_training,evaluation,interval,history_quantile_tcn,0.12.0,,held_sport,unseen_sport__strength_cross_training,zero_history,60,0.9,false,absolute_coverage_error,"origin-within-session, session-within-user, equal-user mean",3,20260722;20260723;20260724,0.0404395699501037,0.0152960062026977,0.0422385573387146,106,587,3189,False
0.22.0,held_sport,strength_cross_training,evaluation,interval,history_quantile_tcn,0.12.0,,held_sport,unseen_sport__strength_cross_training,zero_history,60,0.9,false,conformal_adjustment_bpm,"origin-within-session, session-within-user, equal-user mean",3,20260722;20260723;20260724,0.0,0.0,0.0,106,587,3189,False
0.22.0,held_sport,strength_cross_training,evaluation,interval,history_quantile_tcn,0.12.0,,held_sport,unseen_sport__strength_cross_training,zero_history,60,0.9,false,mean_interval_width_bpm,"origin-within-session, session-within-user, equal-user mean",3,20260722;20260723;20260724,34.48967742919922,33.961639404296875,35.57621765136719,106,587,3189,False
0.22.0,held_sport,strength_cross_training,evaluation,interval,history_quantile_tcn,0.12.0,,held_sport,unseen_sport__strength_cross_training,zero_history,60,0.9,false,picp,"origin-within-session, session-within-user, equal-user mean",3,20260722;20260723;20260724,0.8595604300498962,0.8577614426612854,0.8847039937973022,106,587,3189,False
0.22.0,held_sport,strength_cross_training,evaluation,interval,history_quantile_tcn,0.12.0,,held_sport,unseen_sport__strength_cross_training,zero_history,60,0.9,true,absolute_coverage_error,"origin-within-session, session-within-user, equal-user mean",3,20260722;20260723;20260724,0.0375251412391662,0.0152960062026977,0.0422385573387146,106,587,3189,False
0.22.0,held_sport,strength_cross_training,evaluation,interval,history_quantile_tcn,0.12.0,,held_sport,unseen_sport__strength_cross_training,zero_history,60,0.9,true,conformal_adjustment_bpm,"origin-within-session, session-within-user, equal-user mean",3,20260722;20260723;20260724,0.0,0.0,0.09417724609375,106,587,3189,False
0.22.0,held_sport,strength_cross_training,evaluation,interval,history_quantile_tcn,0.12.0,,held_sport,unseen_sport__strength_cross_training,zero_history,60,0.9,true,mean_interval_width_bpm,"origin-within-session, session-within-user, equal-user mean",3,20260722;20260723;20260724,34.48967742919922,34.149993896484375,35.57621765136719,106,587,3189,False
0.22.0,held_sport,strength_cross_training,evaluation,interval,history_quantile_tcn,0.12.0,,held_sport,unseen_sport__strength_cross_training,zero_history,60,0.9,true,picp,"origin-within-session, session-within-user, equal-user mean",3,20260722;20260723;20260724,0.8624748587608337,0.8577614426612854,0.8847039937973022,106,587,3189,False
0.22.0,held_sport,strength_cross_training,evaluation,interval,history_quantile_tcn,0.12.0,,held_sport,unseen_sport__strength_cross_training,zero_history,180,0.5,false,absolute_coverage_error,"origin-within-session, session-within-user, equal-user mean",3,20260722;20260723;20260724,0.0079186558723449,0.000497817993164,0.0239514112472534,106,587,3189,False
0.22.0,held_sport,strength_cross_training,evaluation,interval,history_quantile_tcn,0.12.0,,held_sport,unseen_sport__strength_cross_training,zero_history,180,0.5,false,conformal_adjustment_bpm,"origin-within-session, session-within-user, equal-user mean",3,20260722;20260723;20260724,0.0,0.0,0.0,106,587,3189,False
0.22.0,held_sport,strength_cross_training,evaluation,interval,history_quantile_tcn,0.12.0,,held_sport,unseen_sport__strength_cross_training,zero_history,180,0.5,false,mean_interval_width_bpm,"origin-within-session, session-within-user, equal-user mean",3,20260722;20260723;20260724,16.838577270507812,16.643054962158203,17.350290298461914,106,587,3189,False
0.22.0,held_sport,strength_cross_training,evaluation,interval,history_quantile_tcn,0.12.0,,held_sport,unseen_sport__strength_cross_training,zero_history,180,0.5,false,picp,"origin-within-session, session-within-user, equal-user mean",3,20260722;20260723;20260724,0.507918655872345,0.5004978179931641,0.5239514112472534,106,587,3189,False
0.22.0,held_sport,strength_cross_training,evaluation,interval,history_quantile_tcn,0.12.0,,held_sport,unseen_sport__strength_cross_training,zero_history,180,0.5,true,absolute_coverage_error,"origin-within-session, session-within-user, equal-user mean",3,20260722;20260723;20260724,0.0079186558723449,0.000497817993164,0.0239514112472534,106,587,3189,False
0.22.0,held_sport,strength_cross_training,evaluation,interval,history_quantile_tcn,0.12.0,,held_sport,unseen_sport__strength_cross_training,zero_history,180,0.5,true,conformal_adjustment_bpm,"origin-within-session, session-within-user, equal-user mean",3,20260722;20260723;20260724,0.0,0.0,0.0,106,587,3189,False
0.22.0,held_sport,strength_cross_training,evaluation,interval,history_quantile_tcn,0.12.0,,held_sport,unseen_sport__strength_cross_training,zero_history,180,0.5,true,mean_interval_width_bpm,"origin-within-session, session-within-user, equal-user mean",3,20260722;20260723;20260724,16.838577270507812,16.643054962158203,17.350290298461914,106,587,3189,False
0.22.0,held_sport,strength_cross_training,evaluation,interval,history_quantile_tcn,0.12.0,,held_sport,unseen_sport__strength_cross_training,zero_history,180,0.5,true,picp,"origin-within-session, session-within-user, equal-user mean",3,20260722;20260723;20260724,0.507918655872345,0.5004978179931641,0.5239514112472534,106,587,3189,False
0.22.0,held_sport,strength_cross_training,evaluation,interval,history_quantile_tcn,0.12.0,,held_sport,unseen_sport__strength_cross_training,zero_history,180,0.8,false,absolute_coverage_error,"origin-within-session, session-within-user, equal-user mean",3,20260722;20260723;20260724,0.0587822675704956,0.0316908836364746,0.0618532180786133,106,587,3189,False
0.22.0,held_sport,strength_cross_training,evaluation,interval,history_quantile_tcn,0.12.0,,held_sport,unseen_sport__strength_cross_training,zero_history,180,0.8,false,conformal_adjustment_bpm,"origin-within-session, session-within-user, equal-user mean",3,20260722;20260723;20260724,0.0,0.0,0.0,106,587,3189,False
0.22.0,held_sport,strength_cross_training,evaluation,interval,history_quantile_tcn,0.12.0,,held_sport,unseen_sport__strength_cross_training,zero_history,180,0.8,false,mean_interval_width_bpm,"origin-within-session, session-within-user, equal-user mean",3,20260722;20260723;20260724,31.91466522216797,31.569581985473636,33.20310592651367,106,587,3189,False
0.22.0,held_sport,strength_cross_training,evaluation,interval,history_quantile_tcn,0.12.0,,held_sport,unseen_sport__strength_cross_training,zero_history,180,0.8,false,picp,"origin-within-session, session-within-user, equal-user mean",3,20260722;20260723;20260724,0.7412177324295044,0.7381467819213867,0.7683091163635254,106,587,3189,False
0.22.0,held_sport,strength_cross_training,evaluation,interval,history_quantile_tcn,0.12.0,,held_sport,unseen_sport__strength_cross_training,zero_history,180,0.8,true,absolute_coverage_error,"origin-within-session, session-within-user, equal-user mean",3,20260722;20260723;20260724,0.0587822675704956,0.0316908836364746,0.0618532180786133,106,587,3189,False
0.22.0,held_sport,strength_cross_training,evaluation,interval,history_quantile_tcn,0.12.0,,held_sport,unseen_sport__strength_cross_training,zero_history,180,0.8,true,conformal_adjustment_bpm,"origin-within-session, session-within-user, equal-user mean",3,20260722;20260723;20260724,0.0,0.0,0.0,106,587,3189,False
0.22.0,held_sport,strength_cross_training,evaluation,interval,history_quantile_tcn,0.12.0,,held_sport,unseen_sport__strength_cross_training,zero_history,180,0.8,true,mean_interval_width_bpm,"origin-within-session, session-within-user, equal-user mean",3,20260722;20260723;20260724,31.91466522216797,31.569581985473636,33.20310592651367,106,587,3189,False
0.22.0,held_sport,strength_cross_training,evaluation,interval,history_quantile_tcn,0.12.0,,held_sport,unseen_sport__strength_cross_training,zero_history,180,0.8,true,picp,"origin-within-session, session-within-user, equal-user mean",3,20260722;20260723;20260724,0.7412177324295044,0.7381467819213867,0.7683091163635254,106,587,3189,False
0.22.0,held_sport,strength_cross_training,evaluation,interval,history_quantile_tcn,0.12.0,,held_sport,unseen_sport__strength_cross_training,zero_history,180,0.9,false,absolute_coverage_error,"origin-within-session, session-within-user, equal-user mean",3,20260722;20260723;20260724,0.019364857673645,0.0080229878425598,0.0336140632629394,106,587,3189,False
0.22.0,held_sport,strength_cross_training,evaluation,interval,history_quantile_tcn,0.12.0,,held_sport,unseen_sport__strength_cross_training,zero_history,180,0.9,false,conformal_adjustment_bpm,"origin-within-session, session-within-user, equal-user mean",3,20260722;20260723;20260724,0.0,0.0,0.0,106,587,3189,False
0.22.0,held_sport,strength_cross_training,evaluation,interval,history_quantile_tcn,0.12.0,,held_sport,unseen_sport__strength_cross_training,zero_history,180,0.9,false,mean_interval_width_bpm,"origin-within-session, session-within-user, equal-user mean",3,20260722;20260723;20260724,42.16976547241211,41.57538604736328,43.52727508544922,106,587,3189,False
0.22.0,held_sport,strength_cross_training,evaluation,interval,history_quantile_tcn,0.12.0,,held_sport,unseen_sport__strength_cross_training,zero_history,180,0.9,false,picp,"origin-within-session, session-within-user, equal-user mean",3,20260722;20260723;20260724,0.880635142326355,0.8663859367370605,0.8919770121574402,106,587,3189,False
0.22.0,held_sport,strength_cross_training,evaluation,interval,history_quantile_tcn,0.12.0,,held_sport,unseen_sport__strength_cross_training,zero_history,180,0.9,true,absolute_coverage_error,"origin-within-session, session-within-user, equal-user mean",3,20260722;20260723;20260724,0.019364857673645,0.0080229878425598,0.0336140632629394,106,587,3189,False
0.22.0,held_sport,strength_cross_training,evaluation,interval,history_quantile_tcn,0.12.0,,held_sport,unseen_sport__strength_cross_training,zero_history,180,0.9,true,conformal_adjustment_bpm,"origin-within-session, session-within-user, equal-user mean",3,20260722;20260723;20260724,0.0,0.0,0.0,106,587,3189,False
0.22.0,held_sport,strength_cross_training,evaluation,interval,history_quantile_tcn,0.12.0,,held_sport,unseen_sport__strength_cross_training,zero_history,180,0.9,true,mean_interval_width_bpm,"origin-within-session, session-within-user, equal-user mean",3,20260722;20260723;20260724,42.16976547241211,41.57538604736328,43.52727508544922,106,587,3189,False
0.22.0,held_sport,strength_cross_training,evaluation,interval,history_quantile_tcn,0.12.0,,held_sport,unseen_sport__strength_cross_training,zero_history,180,0.9,true,picp,"origin-within-session, session-within-user, equal-user mean",3,20260722;20260723;20260724,0.880635142326355,0.8663859367370605,0.8919770121574402,106,587,3189,False
0.22.0,held_sport,strength_cross_training,evaluation,interval,history_quantile_tcn,0.12.0,,held_sport,unseen_sport__strength_cross_training,zero_history,300,0.5,false,absolute_coverage_error,"origin-within-session, session-within-user, equal-user mean",3,20260722;20260723;20260724,0.0329954326152801,0.0247901678085327,0.0353501737117767,106,587,3189,False
0.22.0,held_sport,strength_cross_training,evaluation,interval,history_quantile_tcn,0.12.0,,held_sport,unseen_sport__strength_cross_training,zero_history,300,0.5,false,conformal_adjustment_bpm,"origin-within-session, session-within-user, equal-user mean",3,20260722;20260723;20260724,0.0,0.0,0.0,106,587,3189,False
0.22.0,held_sport,strength_cross_training,evaluation,interval,history_quantile_tcn,0.12.0,,held_sport,unseen_sport__strength_cross_training,zero_history,300,0.5,false,mean_interval_width_bpm,"origin-within-session, session-within-user, equal-user mean",3,20260722;20260723;20260724,17.68027114868164,17.660823822021484,18.32352066040039,106,587,3189,False
0.22.0,held_sport,strength_cross_training,evaluation,interval,history_quantile_tcn,0.12.0,,held_sport,unseen_sport__strength_cross_training,zero_history,300,0.5,false,picp,"origin-within-session, session-within-user, equal-user mean",3,20260722;20260723;20260724,0.4670045673847198,0.4646498262882232,0.4752098321914673,106,587,3189,False
0.22.0,held_sport,strength_cross_training,evaluation,interval,history_quantile_tcn,0.12.0,,held_sport,unseen_sport__strength_cross_training,zero_history,300,0.5,true,absolute_coverage_error,"origin-within-session, session-within-user, equal-user mean",3,20260722;20260723;20260724,0.0329954326152801,0.0247901678085327,0.0353501737117767,106,587,3189,False
0.22.0,held_sport,strength_cross_training,evaluation,interval,history_quantile_tcn,0.12.0,,held_sport,unseen_sport__strength_cross_training,zero_history,300,0.5,true,conformal_adjustment_bpm,"origin-within-session, session-within-user, equal-user mean",3,20260722;20260723;20260724,0.0,0.0,0.0,106,587,3189,False
0.22.0,held_sport,strength_cross_training,evaluation,interval,history_quantile_tcn,0.12.0,,held_sport,unseen_sport__strength_cross_training,zero_history,300,0.5,true,mean_interval_width_bpm,"origin-within-session, session-within-user, equal-user mean",3,20260722;20260723;20260724,17.68027114868164,17.660823822021484,18.32352066040039,106,587,3189,False
0.22.0,held_sport,strength_cross_training,evaluation,interval,history_quantile_tcn,0.12.0,,held_sport,unseen_sport__strength_cross_training,zero_history,300,0.5,true,picp,"origin-within-session, session-within-user, equal-user mean",3,20260722;20260723;20260724,0.4670045673847198,0.4646498262882232,0.4752098321914673,106,587,3189,False
0.22.0,held_sport,strength_cross_training,evaluation,interval,history_quantile_tcn,0.12.0,,held_sport,unseen_sport__strength_cross_training,zero_history,300,0.8,false,absolute_coverage_error,"origin-within-session, session-within-user, equal-user mean",3,20260722;20260723;20260724,0.0399947047233582,0.030362057685852,0.0565310001373291,106,587,3189,False
0.22.0,held_sport,strength_cross_training,evaluation,interval,history_quantile_tcn,0.12.0,,held_sport,unseen_sport__strength_cross_training,zero_history,300,0.8,false,conformal_adjustment_bpm,"origin-within-session, session-within-user, equal-user mean",3,20260722;20260723;20260724,0.0,0.0,0.0,106,587,3189,False
0.22.0,held_sport,strength_cross_training,evaluation,interval,history_quantile_tcn,0.12.0,,held_sport,unseen_sport__strength_cross_training,zero_history,300,0.8,false,mean_interval_width_bpm,"origin-within-session, session-within-user, equal-user mean",3,20260722;20260723;20260724,34.71205520629883,34.06415939331055,35.50804901123047,106,587,3189,False
0.22.0,held_sport,strength_cross_training,evaluation,interval,history_quantile_tcn,0.12.0,,held_sport,unseen_sport__strength_cross_training,zero_history,300,0.8,false,picp,"origin-within-session, session-within-user, equal-user mean",3,20260722;20260723;20260724,0.7600052952766418,0.7434689998626709,0.769637942314148,106,587,3189,False
0.22.0,held_sport,strength_cross_training,evaluation,interval,history_quantile_tcn,0.12.0,,held_sport,unseen_sport__strength_cross_training,zero_history,300,0.8,true,absolute_coverage_error,"origin-within-session, session-within-user, equal-user mean",3,20260722;20260723;20260724,0.0399947047233582,0.030362057685852,0.0565310001373291,106,587,3189,False
0.22.0,held_sport,strength_cross_training,evaluation,interval,history_quantile_tcn,0.12.0,,held_sport,unseen_sport__strength_cross_training,zero_history,300,0.8,true,conformal_adjustment_bpm,"origin-within-session, session-within-user, equal-user mean",3,20260722;20260723;20260724,0.0,0.0,0.0,106,587,3189,False
0.22.0,held_sport,strength_cross_training,evaluation,interval,history_quantile_tcn,0.12.0,,held_sport,unseen_sport__strength_cross_training,zero_history,300,0.8,true,mean_interval_width_bpm,"origin-within-session, session-within-user, equal-user mean",3,20260722;20260723;20260724,34.71205520629883,34.06415939331055,35.50804901123047,106,587,3189,False
0.22.0,held_sport,strength_cross_training,evaluation,interval,history_quantile_tcn,0.12.0,,held_sport,unseen_sport__strength_cross_training,zero_history,300,0.8,true,picp,"origin-within-session, session-within-user, equal-user mean",3,20260722;20260723;20260724,0.7600052952766418,0.7434689998626709,0.769637942314148,106,587,3189,False
0.22.0,held_sport,strength_cross_training,evaluation,interval,history_quantile_tcn,0.12.0,,held_sport,unseen_sport__strength_cross_training,zero_history,300,0.9,false,absolute_coverage_error,"origin-within-session, session-within-user, equal-user mean",3,20260722;20260723;20260724,0.0392456889152527,0.0306363940238952,0.0513497829437256,106,587,3189,False
0.22.0,held_sport,strength_cross_training,evaluation,interval,history_quantile_tcn,0.12.0,,held_sport,unseen_sport__strength_cross_training,zero_history,300,0.9,false,conformal_adjustment_bpm,"origin-within-session, session-within-user, equal-user mean",3,20260722;20260723;20260724,0.0,0.0,0.0,106,587,3189,False
0.22.0,held_sport,strength_cross_training,evaluation,interval,history_quantile_tcn,0.12.0,,held_sport,unseen_sport__strength_cross_training,zero_history,300,0.9,false,mean_interval_width_bpm,"origin-within-session, session-within-user, equal-user mean",3,20260722;20260723;20260724,46.1273307800293,44.96430969238281,47.06376266479492,106,587,3189,False
0.22.0,held_sport,strength_cross_training,evaluation,interval,history_quantile_tcn,0.12.0,,held_sport,unseen_sport__strength_cross_training,zero_history,300,0.9,false,picp,"origin-within-session, session-within-user, equal-user mean",3,20260722;20260723;20260724,0.8607543110847473,0.8486502170562744,0.8693636059761047,106,587,3189,False
0.22.0,held_sport,strength_cross_training,evaluation,interval,history_quantile_tcn,0.12.0,,held_sport,unseen_sport__strength_cross_training,zero_history,300,0.9,true,absolute_coverage_error,"origin-within-session, session-within-user, equal-user mean",3,20260722;20260723;20260724,0.0392456889152527,0.0306363940238952,0.0513497829437256,106,587,3189,False
0.22.0,held_sport,strength_cross_training,evaluation,interval,history_quantile_tcn,0.12.0,,held_sport,unseen_sport__strength_cross_training,zero_history,300,0.9,true,conformal_adjustment_bpm,"origin-within-session, session-within-user, equal-user mean",3,20260722;20260723;20260724,0.0,0.0,0.0,106,587,3189,False
0.22.0,held_sport,strength_cross_training,evaluation,interval,history_quantile_tcn,0.12.0,,held_sport,unseen_sport__strength_cross_training,zero_history,300,0.9,true,mean_interval_width_bpm,"origin-within-session, session-within-user, equal-user mean",3,20260722;20260723;20260724,46.1273307800293,44.96430969238281,47.06376266479492,106,587,3189,False
0.22.0,held_sport,strength_cross_training,evaluation,interval,history_quantile_tcn,0.12.0,,held_sport,unseen_sport__strength_cross_training,zero_history,300,0.9,true,picp,"origin-within-session, session-within-user, equal-user mean",3,20260722;20260723;20260724,0.8607543110847473,0.8486502170562744,0.8693636059761047,106,587,3189,False
0.22.0,held_sport,strength_cross_training,evaluation,point,history_quantile_tcn,0.12.0,,held_sport,joint_user_sport__strength_cross_training,history_informed,60,,,bias_bpm,"origin-within-session, session-within-user, equal-user mean",3,20260722;20260723;20260724,2.669464349746704,2.388964891433716,2.7348475456237797,20,112,503,False
0.22.0,held_sport,strength_cross_training,evaluation,point,history_quantile_tcn,0.12.0,,held_sport,joint_user_sport__strength_cross_training,history_informed,60,,,mae_bpm,"origin-within-session, session-within-user, equal-user mean",3,20260722;20260723;20260724,9.395431518554688,9.295921325683594,9.496575355529783,20,112,503,False
0.22.0,held_sport,strength_cross_training,evaluation,point,history_quantile_tcn,0.12.0,,held_sport,joint_user_sport__strength_cross_training,history_informed,60,,,rmse_bpm,"origin-within-session, session-within-user, equal-user mean",3,20260722;20260723;20260724,11.357476234436035,11.224495887756348,11.391530990600586,20,112,503,False
0.22.0,held_sport,strength_cross_training,evaluation,point,history_quantile_tcn,0.12.0,,held_sport,joint_user_sport__strength_cross_training,history_informed,180,,,bias_bpm,"origin-within-session, session-within-user, equal-user mean",3,20260722;20260723;20260724,4.28936767578125,4.090537071228027,4.451059818267822,20,112,503,False
0.22.0,held_sport,strength_cross_training,evaluation,point,history_quantile_tcn,0.12.0,,held_sport,joint_user_sport__strength_cross_training,history_informed,180,,,mae_bpm,"origin-within-session, session-within-user, equal-user mean",3,20260722;20260723;20260724,11.96402072906494,11.819662094116213,12.068293571472168,20,112,503,False
0.22.0,held_sport,strength_cross_training,evaluation,point,history_quantile_tcn,0.12.0,,held_sport,joint_user_sport__strength_cross_training,history_informed,180,,,rmse_bpm,"origin-within-session, session-within-user, equal-user mean",3,20260722;20260723;20260724,13.589639663696287,13.474624633789062,13.652112007141112,20,112,503,False
0.22.0,held_sport,strength_cross_training,evaluation,point,history_quantile_tcn,0.12.0,,held_sport,joint_user_sport__strength_cross_training,history_informed,300,,,bias_bpm,"origin-within-session, session-within-user, equal-user mean",3,20260722;20260723;20260724,3.5812129974365234,3.4858551025390625,3.608397722244263,20,112,503,False
0.22.0,held_sport,strength_cross_training,evaluation,point,history_quantile_tcn,0.12.0,,held_sport,joint_user_sport__strength_cross_training,history_informed,300,,,mae_bpm,"origin-within-session, session-within-user, equal-user mean",3,20260722;20260723;20260724,11.79708194732666,11.71924114227295,11.977876663208008,20,112,503,False
0.22.0,held_sport,strength_cross_training,evaluation,point,history_quantile_tcn,0.12.0,,held_sport,joint_user_sport__strength_cross_training,history_informed,300,,,rmse_bpm,"origin-within-session, session-within-user, equal-user mean",3,20260722;20260723;20260724,13.30552864074707,13.228991508483888,13.441218376159668,20,112,503,False
0.22.0,held_sport,strength_cross_training,evaluation,point,history_quantile_tcn,0.12.0,,held_sport,joint_user_sport__strength_cross_training,zero_history,60,,,bias_bpm,"origin-within-session, session-within-user, equal-user mean",3,20260722;20260723;20260724,3.5084481239318848,3.165393352508545,3.695432662963867,20,112,503,False
0.22.0,held_sport,strength_cross_training,evaluation,point,history_quantile_tcn,0.12.0,,held_sport,joint_user_sport__strength_cross_training,zero_history,60,,,mae_bpm,"origin-within-session, session-within-user, equal-user mean",3,20260722;20260723;20260724,9.70631980895996,9.454957962036133,9.819259643554688,20,112,503,False
0.22.0,held_sport,strength_cross_training,evaluation,point,history_quantile_tcn,0.12.0,,held_sport,joint_user_sport__strength_cross_training,zero_history,60,,,rmse_bpm,"origin-within-session, session-within-user, equal-user mean",3,20260722;20260723;20260724,11.575833320617676,11.357478141784668,11.770386695861816,20,112,503,False
0.22.0,held_sport,strength_cross_training,evaluation,point,history_quantile_tcn,0.12.0,,held_sport,joint_user_sport__strength_cross_training,zero_history,180,,,bias_bpm,"origin-within-session, session-within-user, equal-user mean",3,20260722;20260723;20260724,5.835442543029785,5.8188018798828125,5.968663692474365,20,112,503,False
0.22.0,held_sport,strength_cross_training,evaluation,point,history_quantile_tcn,0.12.0,,held_sport,joint_user_sport__strength_cross_training,zero_history,180,,,mae_bpm,"origin-within-session, session-within-user, equal-user mean",3,20260722;20260723;20260724,12.421804428100586,12.35742473602295,12.787692070007324,20,112,503,False
0.22.0,held_sport,strength_cross_training,evaluation,point,history_quantile_tcn,0.12.0,,held_sport,joint_user_sport__strength_cross_training,zero_history,180,,,rmse_bpm,"origin-within-session, session-within-user, equal-user mean",3,20260722;20260723;20260724,14.079030990600586,13.976750373840332,14.366073608398438,20,112,503,False
0.22.0,held_sport,strength_cross_training,evaluation,point,history_quantile_tcn,0.12.0,,held_sport,joint_user_sport__strength_cross_training,zero_history,300,,,bias_bpm,"origin-within-session, session-within-user, equal-user mean",3,20260722;20260723;20260724,5.299578666687012,5.0837273597717285,5.411155700683594,20,112,503,False
0.22.0,held_sport,strength_cross_training,evaluation,point,history_quantile_tcn,0.12.0,,held_sport,joint_user_sport__strength_cross_training,zero_history,300,,,mae_bpm,"origin-within-session, session-within-user, equal-user mean",3,20260722;20260723;20260724,12.211858749389648,12.179677963256836,12.412321090698242,20,112,503,False
0.22.0,held_sport,strength_cross_training,evaluation,point,history_quantile_tcn,0.12.0,,held_sport,joint_user_sport__strength_cross_training,zero_history,300,,,rmse_bpm,"origin-within-session, session-within-user, equal-user mean",3,20260722;20260723;20260724,13.693220138549805,13.663701057434082,13.885614395141602,20,112,503,False
0.22.0,held_sport,strength_cross_training,evaluation,point,history_quantile_tcn,0.12.0,,held_sport,unseen_sport__strength_cross_training,history_informed,60,,,bias_bpm,"origin-within-session, session-within-user, equal-user mean",3,20260722;20260723;20260724,0.2291935682296753,0.1900235265493393,0.4656253457069397,106,587,3189,False
0.22.0,held_sport,strength_cross_training,evaluation,point,history_quantile_tcn,0.12.0,,held_sport,unseen_sport__strength_cross_training,history_informed,60,,,mae_bpm,"origin-within-session, session-within-user, equal-user mean",3,20260722;20260723;20260724,9.29273796081543,9.244009971618652,9.410536766052246,106,587,3189,False
0.22.0,held_sport,strength_cross_training,evaluation,point,history_quantile_tcn,0.12.0,,held_sport,unseen_sport__strength_cross_training,history_informed,60,,,rmse_bpm,"origin-within-session, session-within-user, equal-user mean",3,20260722;20260723;20260724,10.75388240814209,10.691113471984863,10.869721412658691,106,587,3189,False
0.22.0,held_sport,strength_cross_training,evaluation,point,history_quantile_tcn,0.12.0,,held_sport,unseen_sport__strength_cross_training,history_informed,180,,,bias_bpm,"origin-within-session, session-within-user, equal-user mean",3,20260722;20260723;20260724,0.2045089900493621,0.1311443746089935,0.3813762068748474,106,587,3189,False
0.22.0,held_sport,strength_cross_training,evaluation,point,history_quantile_tcn,0.12.0,,held_sport,unseen_sport__strength_cross_training,history_informed,180,,,mae_bpm,"origin-within-session, session-within-user, equal-user mean",3,20260722;20260723;20260724,10.60898208618164,10.49388599395752,10.721684455871582,106,587,3189,False
0.22.0,held_sport,strength_cross_training,evaluation,point,history_quantile_tcn,0.12.0,,held_sport,unseen_sport__strength_cross_training,history_informed,180,,,rmse_bpm,"origin-within-session, session-within-user, equal-user mean",3,20260722;20260723;20260724,12.202474594116213,12.095797538757324,12.32516860961914,106,587,3189,False
0.22.0,held_sport,strength_cross_training,evaluation,point,history_quantile_tcn,0.12.0,,held_sport,unseen_sport__strength_cross_training,history_informed,300,,,bias_bpm,"origin-within-session, session-within-user, equal-user mean",3,20260722;20260723;20260724,0.506930947303772,0.3143850862979889,0.6206215620040894,106,587,3189,False
0.22.0,held_sport,strength_cross_training,evaluation,point,history_quantile_tcn,0.12.0,,held_sport,unseen_sport__strength_cross_training,history_informed,300,,,mae_bpm,"origin-within-session, session-within-user, equal-user mean",3,20260722;20260723;20260724,12.01248550415039,12.006786346435549,12.034716606140137,106,587,3189,False
0.22.0,held_sport,strength_cross_training,evaluation,point,history_quantile_tcn,0.12.0,,held_sport,unseen_sport__strength_cross_training,history_informed,300,,,rmse_bpm,"origin-within-session, session-within-user, equal-user mean",3,20260722;20260723;20260724,13.618321418762209,13.61483383178711,13.655094146728516,106,587,3189,False
0.22.0,held_sport,strength_cross_training,evaluation,point,history_quantile_tcn,0.12.0,,held_sport,unseen_sport__strength_cross_training,zero_history,60,,,bias_bpm,"origin-within-session, session-within-user, equal-user mean",3,20260722;20260723;20260724,1.1815199851989746,1.0664070844650269,1.3503371477127075,106,587,3189,False
0.22.0,held_sport,strength_cross_training,evaluation,point,history_quantile_tcn,0.12.0,,held_sport,unseen_sport__strength_cross_training,zero_history,60,,,mae_bpm,"origin-within-session, session-within-user, equal-user mean",3,20260722;20260723;20260724,9.325697898864746,9.263948440551758,9.36150074005127,106,587,3189,False
0.22.0,held_sport,strength_cross_training,evaluation,point,history_quantile_tcn,0.12.0,,held_sport,unseen_sport__strength_cross_training,zero_history,60,,,rmse_bpm,"origin-within-session, session-within-user, equal-user mean",3,20260722;20260723;20260724,10.76372528076172,10.704623222351074,10.82705783843994,106,587,3189,False
0.22.0,held_sport,strength_cross_training,evaluation,point,history_quantile_tcn,0.12.0,,held_sport,unseen_sport__strength_cross_training,zero_history,180,,,bias_bpm,"origin-within-session, session-within-user, equal-user mean",3,20260722;20260723;20260724,1.927147626876831,1.747456669807434,1.929847002029419,106,587,3189,False
0.22.0,held_sport,strength_cross_training,evaluation,point,history_quantile_tcn,0.12.0,,held_sport,unseen_sport__strength_cross_training,zero_history,180,,,mae_bpm,"origin-within-session, session-within-user, equal-user mean",3,20260722;20260723;20260724,10.594474792480469,10.561153411865234,10.776877403259276,106,587,3189,False
0.22.0,held_sport,strength_cross_training,evaluation,point,history_quantile_tcn,0.12.0,,held_sport,unseen_sport__strength_cross_training,zero_history,180,,,rmse_bpm,"origin-within-session, session-within-user, equal-user mean",3,20260722;20260723;20260724,12.210721015930176,12.199551582336426,12.40329647064209,106,587,3189,False
0.22.0,held_sport,strength_cross_training,evaluation,point,history_quantile_tcn,0.12.0,,held_sport,unseen_sport__strength_cross_training,zero_history,300,,,bias_bpm,"origin-within-session, session-within-user, equal-user mean",3,20260722;20260723;20260724,2.0962941646575928,2.039921522140503,2.4871554374694824,106,587,3189,False
0.22.0,held_sport,strength_cross_training,evaluation,point,history_quantile_tcn,0.12.0,,held_sport,unseen_sport__strength_cross_training,zero_history,300,,,mae_bpm,"origin-within-session, session-within-user, equal-user mean",3,20260722;20260723;20260724,12.113240242004396,12.075640678405762,12.132633209228516,106,587,3189,False
0.22.0,held_sport,strength_cross_training,evaluation,point,history_quantile_tcn,0.12.0,,held_sport,unseen_sport__strength_cross_training,zero_history,300,,,rmse_bpm,"origin-within-session, session-within-user, equal-user mean",3,20260722;20260723;20260724,13.766316413879396,13.74087142944336,13.806822776794434,106,587,3189,False
0.22.0,held_sport,walking_hiking,evaluation,interval,history_quantile_tcn,0.12.0,,held_sport,joint_user_sport__walking_hiking,history_informed,60,0.5,false,absolute_coverage_error,"origin-within-session, session-within-user, equal-user mean",3,20260722;20260723;20260724,0.0087842047214508,0.0040726363658905,0.0948891043663024,19,96,428,False
0.22.0,held_sport,walking_hiking,evaluation,interval,history_quantile_tcn,0.12.0,,held_sport,joint_user_sport__walking_hiking,history_informed,60,0.5,false,conformal_adjustment_bpm,"origin-within-session, session-within-user, equal-user mean",3,20260722;20260723;20260724,0.0,0.0,0.0,19,96,428,False
0.22.0,held_sport,walking_hiking,evaluation,interval,history_quantile_tcn,0.12.0,,held_sport,joint_user_sport__walking_hiking,history_informed,60,0.5,false,mean_interval_width_bpm,"origin-within-session, session-within-user, equal-user mean",3,20260722;20260723;20260724,10.751897811889648,10.650391578674316,11.10750961303711,19,96,428,False
0.22.0,held_sport,walking_hiking,evaluation,interval,history_quantile_tcn,0.12.0,,held_sport,joint_user_sport__walking_hiking,history_informed,60,0.5,false,picp,"origin-within-session, session-within-user, equal-user mean",3,20260722;20260723;20260724,0.4959273636341095,0.4912157952785492,0.5948891043663025,19,96,428,False
0.22.0,held_sport,walking_hiking,evaluation,interval,history_quantile_tcn,0.12.0,,held_sport,joint_user_sport__walking_hiking,history_informed,60,0.5,true,absolute_coverage_error,"origin-within-session, session-within-user, equal-user mean",3,20260722;20260723;20260724,0.0179964303970336,0.0087842047214508,0.0948891043663024,19,96,428,False
0.22.0,held_sport,walking_hiking,evaluation,interval,history_quantile_tcn,0.12.0,,held_sport,joint_user_sport__walking_hiking,history_informed,60,0.5,true,conformal_adjustment_bpm,"origin-within-session, session-within-user, equal-user mean",3,20260722;20260723;20260724,0.0361328125,0.0,0.056640625,19,96,428,False
0.22.0,held_sport,walking_hiking,evaluation,interval,history_quantile_tcn,0.12.0,,held_sport,joint_user_sport__walking_hiking,history_informed,60,0.5,true,mean_interval_width_bpm,"origin-within-session, session-within-user, equal-user mean",3,20260722;20260723;20260724,10.824163436889648,10.763672828674316,11.10750961303711,19,96,428,False
0.22.0,held_sport,walking_hiking,evaluation,interval,history_quantile_tcn,0.12.0,,held_sport,joint_user_sport__walking_hiking,history_informed,60,0.5,true,picp,"origin-within-session, session-within-user, equal-user mean",3,20260722;20260723;20260724,0.5179964303970337,0.4912157952785492,0.5948891043663025,19,96,428,False
0.22.0,held_sport,walking_hiking,evaluation,interval,history_quantile_tcn,0.12.0,,held_sport,joint_user_sport__walking_hiking,history_informed,60,0.8,false,absolute_coverage_error,"origin-within-session, session-within-user, equal-user mean",3,20260722;20260723;20260724,0.0401309847831725,0.0317750096321105,0.0484593629837035,19,96,428,False
0.22.0,held_sport,walking_hiking,evaluation,interval,history_quantile_tcn,0.12.0,,held_sport,joint_user_sport__walking_hiking,history_informed,60,0.8,false,conformal_adjustment_bpm,"origin-within-session, session-within-user, equal-user mean",3,20260722;20260723;20260724,0.0,0.0,0.0,19,96,428,False
0.22.0,held_sport,walking_hiking,evaluation,interval,history_quantile_tcn,0.12.0,,held_sport,joint_user_sport__walking_hiking,history_informed,60,0.8,false,mean_interval_width_bpm,"origin-within-session, session-within-user, equal-user mean",3,20260722;20260723;20260724,22.08637046813965,21.54094886779785,22.23539924621582,19,96,428,False
0.22.0,held_sport,walking_hiking,evaluation,interval,history_quantile_tcn,0.12.0,,held_sport,joint_user_sport__walking_hiking,history_informed,60,0.8,false,picp,"origin-within-session, session-within-user, equal-user mean",3,20260722;20260723;20260724,0.8401309847831726,0.8317750096321106,0.8484593629837036,19,96,428,False
0.22.0,held_sport,walking_hiking,evaluation,interval,history_quantile_tcn,0.12.0,,held_sport,joint_user_sport__walking_hiking,history_informed,60,0.8,true,absolute_coverage_error,"origin-within-session, session-within-user, equal-user mean",3,20260722;20260723;20260724,0.0401309847831725,0.0324015736579894,0.0484593629837035,19,96,428,False
0.22.0,held_sport,walking_hiking,evaluation,interval,history_quantile_tcn,0.12.0,,held_sport,joint_user_sport__walking_hiking,history_informed,60,0.8,true,conformal_adjustment_bpm,"origin-within-session, session-within-user, equal-user mean",3,20260722;20260723;20260724,0.0,0.0,0.0234375,19,96,428,False
0.22.0,held_sport,walking_hiking,evaluation,interval,history_quantile_tcn,0.12.0,,held_sport,joint_user_sport__walking_hiking,history_informed,60,0.8,true,mean_interval_width_bpm,"origin-within-session, session-within-user, equal-user mean",3,20260722;20260723;20260724,22.08637046813965,21.58782386779785,22.23539924621582,19,96,428,False
0.22.0,held_sport,walking_hiking,evaluation,interval,history_quantile_tcn,0.12.0,,held_sport,joint_user_sport__walking_hiking,history_informed,60,0.8,true,picp,"origin-within-session, session-within-user, equal-user mean",3,20260722;20260723;20260724,0.8401309847831726,0.8324015736579895,0.8484593629837036,19,96,428,False
0.22.0,held_sport,walking_hiking,evaluation,interval,history_quantile_tcn,0.12.0,,held_sport,joint_user_sport__walking_hiking,history_informed,60,0.9,false,absolute_coverage_error,"origin-within-session, session-within-user, equal-user mean",3,20260722;20260723;20260724,0.0182341694831847,0.0164563417434692,0.0382712841033935,19,96,428,False
0.22.0,held_sport,walking_hiking,evaluation,interval,history_quantile_tcn,0.12.0,,held_sport,joint_user_sport__walking_hiking,history_informed,60,0.9,false,conformal_adjustment_bpm,"origin-within-session, session-within-user, equal-user mean",3,20260722;20260723;20260724,0.0,0.0,0.0,19,96,428,False
0.22.0,held_sport,walking_hiking,evaluation,interval,history_quantile_tcn,0.12.0,,held_sport,joint_user_sport__walking_hiking,history_informed,60,0.9,false,mean_interval_width_bpm,"origin-within-session, session-within-user, equal-user mean",3,20260722;20260723;20260724,30.35893440246582,29.292320251464844,30.519451141357425,19,96,428,False
0.22.0,held_sport,walking_hiking,evaluation,interval,history_quantile_tcn,0.12.0,,held_sport,joint_user_sport__walking_hiking,history_informed,60,0.9,false,picp,"origin-within-session, session-within-user, equal-user mean",3,20260722;20260723;20260724,0.9182341694831848,0.9164563417434692,0.9382712841033936,19,96,428,False
0.22.0,held_sport,walking_hiking,evaluation,interval,history_quantile_tcn,0.12.0,,held_sport,joint_user_sport__walking_hiking,history_informed,60,0.9,true,absolute_coverage_error,"origin-within-session, session-within-user, equal-user mean",3,20260722;20260723;20260724,0.0182341694831847,0.0168949127197265,0.0382712841033935,19,96,428,False
0.22.0,held_sport,walking_hiking,evaluation,interval,history_quantile_tcn,0.12.0,,held_sport,joint_user_sport__walking_hiking,history_informed,60,0.9,true,conformal_adjustment_bpm,"origin-within-session, session-within-user, equal-user mean",3,20260722;20260723;20260724,0.0,0.0,0.1107940673828125,19,96,428,False
0.22.0,held_sport,walking_hiking,evaluation,interval,history_quantile_tcn,0.12.0,,held_sport,joint_user_sport__walking_hiking,history_informed,60,0.9,true,mean_interval_width_bpm,"origin-within-session, session-within-user, equal-user mean",3,20260722;20260723;20260724,30.35893440246582,29.5139102935791,30.519451141357425,19,96,428,False
0.22.0,held_sport,walking_hiking,evaluation,interval,history_quantile_tcn,0.12.0,,held_sport,joint_user_sport__walking_hiking,history_informed,60,0.9,true,picp,"origin-within-session, session-within-user, equal-user mean",3,20260722;20260723;20260724,0.9182341694831848,0.9168949127197266,0.9382712841033936,19,96,428,False
0.22.0,held_sport,walking_hiking,evaluation,interval,history_quantile_tcn,0.12.0,,held_sport,joint_user_sport__walking_hiking,history_informed,180,0.5,false,absolute_coverage_error,"origin-within-session, session-within-user, equal-user mean",3,20260722;20260723;20260724,0.0773547291755676,0.0744224786758422,0.086039662361145,19,96,428,False
0.22.0,held_sport,walking_hiking,evaluation,interval,history_quantile_tcn,0.12.0,,held_sport,joint_user_sport__walking_hiking,history_informed,180,0.5,false,conformal_adjustment_bpm,"origin-within-session, session-within-user, equal-user mean",3,20260722;20260723;20260724,0.0,0.0,0.0,19,96,428,False
0.22.0,held_sport,walking_hiking,evaluation,interval,history_quantile_tcn,0.12.0,,held_sport,joint_user_sport__walking_hiking,history_informed,180,0.5,false,mean_interval_width_bpm,"origin-within-session, session-within-user, equal-user mean",3,20260722;20260723;20260724,14.264341354370115,13.979273796081545,14.344907760620115,19,96,428,False
0.22.0,held_sport,walking_hiking,evaluation,interval,history_quantile_tcn,0.12.0,,held_sport,joint_user_sport__walking_hiking,history_informed,180,0.5,false,picp,"origin-within-session, session-within-user, equal-user mean",3,20260722;20260723;20260724,0.5773547291755676,0.5744224786758423,0.586039662361145,19,96,428,False
0.22.0,held_sport,walking_hiking,evaluation,interval,history_quantile_tcn,0.12.0,,held_sport,joint_user_sport__walking_hiking,history_informed,180,0.5,true,absolute_coverage_error,"origin-within-session, session-within-user, equal-user mean",3,20260722;20260723;20260724,0.0777933001518249,0.0744224786758422,0.0926185846328735,19,96,428,False
0.22.0,held_sport,walking_hiking,evaluation,interval,history_quantile_tcn,0.12.0,,held_sport,joint_user_sport__walking_hiking,history_informed,180,0.5,true,conformal_adjustment_bpm,"origin-within-session, session-within-user, equal-user mean",3,20260722;20260723;20260724,0.0207061767578125,0.0,0.0417022705078125,19,96,428,False
0.22.0,held_sport,walking_hiking,evaluation,interval,history_quantile_tcn,0.12.0,,held_sport,joint_user_sport__walking_hiking,history_informed,180,0.5,true,mean_interval_width_bpm,"origin-within-session, session-within-user, equal-user mean",3,20260722;20260723;20260724,14.344907760620115,14.020686149597168,14.347745895385742,19,96,428,False
0.22.0,held_sport,walking_hiking,evaluation,interval,history_quantile_tcn,0.12.0,,held_sport,joint_user_sport__walking_hiking,history_informed,180,0.5,true,picp,"origin-within-session, session-within-user, equal-user mean",3,20260722;20260723;20260724,0.577793300151825,0.5744224786758423,0.5926185846328735,19,96,428,False
0.22.0,held_sport,walking_hiking,evaluation,interval,history_quantile_tcn,0.12.0,,held_sport,joint_user_sport__walking_hiking,history_informed,180,0.8,false,absolute_coverage_error,"origin-within-session, session-within-user, equal-user mean",3,20260722;20260723;20260724,0.0488593697547912,0.034599733352661,0.0708800077438354,19,96,428,False
0.22.0,held_sport,walking_hiking,evaluation,interval,history_quantile_tcn,0.12.0,,held_sport,joint_user_sport__walking_hiking,history_informed,180,0.8,false,conformal_adjustment_bpm,"origin-within-session, session-within-user, equal-user mean",3,20260722;20260723;20260724,0.0,0.0,0.0,19,96,428,False
0.22.0,held_sport,walking_hiking,evaluation,interval,history_quantile_tcn,0.12.0,,held_sport,joint_user_sport__walking_hiking,history_informed,180,0.8,false,mean_interval_width_bpm,"origin-within-session, session-within-user, equal-user mean",3,20260722;20260723;20260724,28.909330368041992,28.371103286743164,28.998943328857425,19,96,428,False
0.22.0,held_sport,walking_hiking,evaluation,interval,history_quantile_tcn,0.12.0,,held_sport,joint_user_sport__walking_hiking,history_informed,180,0.8,false,picp,"origin-within-session, session-within-user, equal-user mean",3,20260722;20260723;20260724,0.8488593697547913,0.8345997333526611,0.8708800077438354,19,96,428,False
0.22.0,held_sport,walking_hiking,evaluation,interval,history_quantile_tcn,0.12.0,,held_sport,joint_user_sport__walking_hiking,history_informed,180,0.8,true,absolute_coverage_error,"origin-within-session, session-within-user, equal-user mean",3,20260722;20260723;20260724,0.0488593697547912,0.034599733352661,0.0708800077438354,19,96,428,False
0.22.0,held_sport,walking_hiking,evaluation,interval,history_quantile_tcn,0.12.0,,held_sport,joint_user_sport__walking_hiking,history_informed,180,0.8,true,conformal_adjustment_bpm,"origin-within-session, session-within-user, equal-user mean",3,20260722;20260723;20260724,0.0390625,0.0,0.046875,19,96,428,False
0.22.0,held_sport,walking_hiking,evaluation,interval,history_quantile_tcn,0.12.0,,held_sport,joint_user_sport__walking_hiking,history_informed,180,0.8,true,mean_interval_width_bpm,"origin-within-session, session-within-user, equal-user mean",3,20260722;20260723;20260724,28.987455368041992,28.464853286743164,28.998943328857425,19,96,428,False
0.22.0,held_sport,walking_hiking,evaluation,interval,history_quantile_tcn,0.12.0,,held_sport,joint_user_sport__walking_hiking,history_informed,180,0.8,true,picp,"origin-within-session, session-within-user, equal-user mean",3,20260722;20260723;20260724,0.8488593697547913,0.8345997333526611,0.8708800077438354,19,96,428,False
0.22.0,held_sport,walking_hiking,evaluation,interval,history_quantile_tcn,0.12.0,,held_sport,joint_user_sport__walking_hiking,history_informed,180,0.9,false,absolute_coverage_error,"origin-within-session, session-within-user, equal-user mean",3,20260722;20260723;20260724,0.0249443411827087,0.0179580807685851,0.0301342964172363,19,96,428,False
0.22.0,held_sport,walking_hiking,evaluation,interval,history_quantile_tcn,0.12.0,,held_sport,joint_user_sport__walking_hiking,history_informed,180,0.9,false,conformal_adjustment_bpm,"origin-within-session, session-within-user, equal-user mean",3,20260722;20260723;20260724,0.0,0.0,0.0,19,96,428,False
0.22.0,held_sport,walking_hiking,evaluation,interval,history_quantile_tcn,0.12.0,,held_sport,joint_user_sport__walking_hiking,history_informed,180,0.9,false,mean_interval_width_bpm,"origin-within-session, session-within-user, equal-user mean",3,20260722;20260723;20260724,39.86443710327149,38.60025024414063,39.88559341430664,19,96,428,False
0.22.0,held_sport,walking_hiking,evaluation,interval,history_quantile_tcn,0.12.0,,held_sport,joint_user_sport__walking_hiking,history_informed,180,0.9,false,picp,"origin-within-session, session-within-user, equal-user mean",3,20260722;20260723;20260724,0.9249443411827089,0.9179580807685852,0.9301342964172364,19,96,428,False
0.22.0,held_sport,walking_hiking,evaluation,interval,history_quantile_tcn,0.12.0,,held_sport,joint_user_sport__walking_hiking,history_informed,180,0.9,true,absolute_coverage_error,"origin-within-session, session-within-user, equal-user mean",3,20260722;20260723;20260724,0.0249443411827087,0.0179580807685851,0.0301342964172363,19,96,428,False
0.22.0,held_sport,walking_hiking,evaluation,interval,history_quantile_tcn,0.12.0,,held_sport,joint_user_sport__walking_hiking,history_informed,180,0.9,true,conformal_adjustment_bpm,"origin-within-session, session-within-user, equal-user mean",3,20260722;20260723;20260724,0.0416717529296875,0.0,0.1041717529296875,19,96,428,False
0.22.0,held_sport,walking_hiking,evaluation,interval,history_quantile_tcn,0.12.0,,held_sport,joint_user_sport__walking_hiking,history_informed,180,0.9,true,mean_interval_width_bpm,"origin-within-session, session-within-user, equal-user mean",3,20260722;20260723;20260724,39.86443710327149,38.68359756469727,40.093936920166016,19,96,428,False
0.22.0,held_sport,walking_hiking,evaluation,interval,history_quantile_tcn,0.12.0,,held_sport,joint_user_sport__walking_hiking,history_informed,180,0.9,true,picp,"origin-within-session, session-within-user, equal-user mean",3,20260722;20260723;20260724,0.9249443411827089,0.9179580807685852,0.9301342964172364,19,96,428,False
0.22.0,held_sport,walking_hiking,evaluation,interval,history_quantile_tcn,0.12.0,,held_sport,joint_user_sport__walking_hiking,history_informed,300,0.5,false,absolute_coverage_error,"origin-within-session, session-within-user, equal-user mean",3,20260722;20260723;20260724,0.0024490356445312,0.0013465285301208,0.0085733532905578,19,96,428,False
0.22.0,held_sport,walking_hiking,evaluation,interval,history_quantile_tcn,0.12.0,,held_sport,joint_user_sport__walking_hiking,history_informed,300,0.5,false,conformal_adjustment_bpm,"origin-within-session, session-within-user, equal-user mean",3,20260722;20260723;20260724,0.0,0.0,0.0,19,96,428,False
0.22.0,held_sport,walking_hiking,evaluation,interval,history_quantile_tcn,0.12.0,,held_sport,joint_user_sport__walking_hiking,history_informed,300,0.5,false,mean_interval_width_bpm,"origin-within-session, session-within-user, equal-user mean",3,20260722;20260723;20260724,15.861254692077637,15.815680503845217,16.25191879272461,19,96,428,False
0.22.0,held_sport,walking_hiking,evaluation,interval,history_quantile_tcn,0.12.0,,held_sport,joint_user_sport__walking_hiking,history_informed,300,0.5,false,picp,"origin-within-session, session-within-user, equal-user mean",3,20260722;20260723;20260724,0.5024490356445312,0.5013465285301208,0.5085733532905579,19,96,428,False
0.22.0,held_sport,walking_hiking,evaluation,interval,history_quantile_tcn,0.12.0,,held_sport,joint_user_sport__walking_hiking,history_informed,300,0.5,true,absolute_coverage_error,"origin-within-session, session-within-user, equal-user mean",3,20260722;20260723;20260724,0.0024490356445312,0.0013465285301208,0.0085733532905578,19,96,428,False
0.22.0,held_sport,walking_hiking,evaluation,interval,history_quantile_tcn,0.12.0,,held_sport,joint_user_sport__walking_hiking,history_informed,300,0.5,true,conformal_adjustment_bpm,"origin-within-session, session-within-user, equal-user mean",3,20260722;20260723;20260724,0.0,0.0,0.0221405029296875,19,96,428,False
0.22.0,held_sport,walking_hiking,evaluation,interval,history_quantile_tcn,0.12.0,,held_sport,joint_user_sport__walking_hiking,history_informed,300,0.5,true,mean_interval_width_bpm,"origin-within-session, session-within-user, equal-user mean",3,20260722;20260723;20260724,15.861254692077637,15.85996150970459,16.25191879272461,19,96,428,False
0.22.0,held_sport,walking_hiking,evaluation,interval,history_quantile_tcn,0.12.0,,held_sport,joint_user_sport__walking_hiking,history_informed,300,0.5,true,picp,"origin-within-session, session-within-user, equal-user mean",3,20260722;20260723;20260724,0.5024490356445312,0.5013465285301208,0.5085733532905579,19,96,428,False
0.22.0,held_sport,walking_hiking,evaluation,interval,history_quantile_tcn,0.12.0,,held_sport,joint_user_sport__walking_hiking,history_informed,300,0.8,false,absolute_coverage_error,"origin-within-session, session-within-user, equal-user mean",3,20260722;20260723;20260724,0.0258364796638488,0.0242813348770141,0.0416364192962646,19,96,428,False
0.22.0,held_sport,walking_hiking,evaluation,interval,history_quantile_tcn,0.12.0,,held_sport,joint_user_sport__walking_hiking,history_informed,300,0.8,false,conformal_adjustment_bpm,"origin-within-session, session-within-user, equal-user mean",3,20260722;20260723;20260724,0.0,0.0,0.0,19,96,428,False
0.22.0,held_sport,walking_hiking,evaluation,interval,history_quantile_tcn,0.12.0,,held_sport,joint_user_sport__walking_hiking,history_informed,300,0.8,false,mean_interval_width_bpm,"origin-within-session, session-within-user, equal-user mean",3,20260722;20260723;20260724,32.4639778137207,31.753835678100582,32.755821228027344,19,96,428,False
0.22.0,held_sport,walking_hiking,evaluation,interval,history_quantile_tcn,0.12.0,,held_sport,joint_user_sport__walking_hiking,history_informed,300,0.8,false,picp,"origin-within-session, session-within-user, equal-user mean",3,20260722;20260723;20260724,0.8258364796638489,0.8242813348770142,0.8416364192962646,19,96,428,False
0.22.0,held_sport,walking_hiking,evaluation,interval,history_quantile_tcn,0.12.0,,held_sport,joint_user_sport__walking_hiking,history_informed,300,0.8,true,absolute_coverage_error,"origin-within-session, session-within-user, equal-user mean",3,20260722;20260723;20260724,0.0258364796638488,0.0242813348770141,0.0416364192962646,19,96,428,False
0.22.0,held_sport,walking_hiking,evaluation,interval,history_quantile_tcn,0.12.0,,held_sport,joint_user_sport__walking_hiking,history_informed,300,0.8,true,conformal_adjustment_bpm,"origin-within-session, session-within-user, equal-user mean",3,20260722;20260723;20260724,0.0,0.0,0.00390625,19,96,428,False
0.22.0,held_sport,walking_hiking,evaluation,interval,history_quantile_tcn,0.12.0,,held_sport,joint_user_sport__walking_hiking,history_informed,300,0.8,true,mean_interval_width_bpm,"origin-within-session, session-within-user, equal-user mean",3,20260722;20260723;20260724,32.4639778137207,31.761648178100582,32.755821228027344,19,96,428,False
0.22.0,held_sport,walking_hiking,evaluation,interval,history_quantile_tcn,0.12.0,,held_sport,joint_user_sport__walking_hiking,history_informed,300,0.8,true,picp,"origin-within-session, session-within-user, equal-user mean",3,20260722;20260723;20260724,0.8258364796638489,0.8242813348770142,0.8416364192962646,19,96,428,False
0.22.0,held_sport,walking_hiking,evaluation,interval,history_quantile_tcn,0.12.0,,held_sport,joint_user_sport__walking_hiking,history_informed,300,0.9,false,absolute_coverage_error,"origin-within-session, session-within-user, equal-user mean",3,20260722;20260723;20260724,0.0390892982482909,0.0368639588356017,0.0408704638481139,19,96,428,False
0.22.0,held_sport,walking_hiking,evaluation,interval,history_quantile_tcn,0.12.0,,held_sport,joint_user_sport__walking_hiking,history_informed,300,0.9,false,conformal_adjustment_bpm,"origin-within-session, session-within-user, equal-user mean",3,20260722;20260723;20260724,0.0,0.0,0.0,19,96,428,False
0.22.0,held_sport,walking_hiking,evaluation,interval,history_quantile_tcn,0.12.0,,held_sport,joint_user_sport__walking_hiking,history_informed,300,0.9,false,mean_interval_width_bpm,"origin-within-session, session-within-user, equal-user mean",3,20260722;20260723;20260724,44.93836975097656,43.41636276245117,45.53533172607422,19,96,428,False
0.22.0,held_sport,walking_hiking,evaluation,interval,history_quantile_tcn,0.12.0,,held_sport,joint_user_sport__walking_hiking,history_informed,300,0.9,false,picp,"origin-within-session, session-within-user, equal-user mean",3,20260722;20260723;20260724,0.939089298248291,0.9368639588356018,0.940870463848114,19,96,428,False
0.22.0,held_sport,walking_hiking,evaluation,interval,history_quantile_tcn,0.12.0,,held_sport,joint_user_sport__walking_hiking,history_informed,300,0.9,true,absolute_coverage_error,"origin-within-session, session-within-user, equal-user mean",3,20260722;20260723;20260724,0.0399247169494628,0.0368639588356017,0.0408704638481139,19,96,428,False
0.22.0,held_sport,walking_hiking,evaluation,interval,history_quantile_tcn,0.12.0,,held_sport,joint_user_sport__walking_hiking,history_informed,300,0.9,true,conformal_adjustment_bpm,"origin-within-session, session-within-user, equal-user mean",3,20260722;20260723;20260724,0.0543365478515625,0.0,0.15625,19,96,428,False
0.22.0,held_sport,walking_hiking,evaluation,interval,history_quantile_tcn,0.12.0,,held_sport,joint_user_sport__walking_hiking,history_informed,300,0.9,true,mean_interval_width_bpm,"origin-within-session, session-within-user, equal-user mean",3,20260722;20260723;20260724,45.04704284667969,43.72886276245117,45.53533172607422,19,96,428,False
0.22.0,held_sport,walking_hiking,evaluation,interval,history_quantile_tcn,0.12.0,,held_sport,joint_user_sport__walking_hiking,history_informed,300,0.9,true,picp,"origin-within-session, session-within-user, equal-user mean",3,20260722;20260723;20260724,0.9399247169494628,0.9368639588356018,0.940870463848114,19,96,428,False
0.22.0,held_sport,walking_hiking,evaluation,interval,history_quantile_tcn,0.12.0,,held_sport,joint_user_sport__walking_hiking,zero_history,60,0.5,false,absolute_coverage_error,"origin-within-session, session-within-user, equal-user mean",3,20260722;20260723;20260724,0.0145858824253082,0.0098876357078552,0.1196871995925903,19,96,428,False
0.22.0,held_sport,walking_hiking,evaluation,interval,history_quantile_tcn,0.12.0,,held_sport,joint_user_sport__walking_hiking,zero_history,60,0.5,false,conformal_adjustment_bpm,"origin-within-session, session-within-user, equal-user mean",3,20260722;20260723;20260724,0.0,0.0,0.0,19,96,428,False
0.22.0,held_sport,walking_hiking,evaluation,interval,history_quantile_tcn,0.12.0,,held_sport,joint_user_sport__walking_hiking,zero_history,60,0.5,false,mean_interval_width_bpm,"origin-within-session, session-within-user, equal-user mean",3,20260722;20260723;20260724,10.659741401672363,10.6116304397583,11.499849319458008,19,96,428,False
0.22.0,held_sport,walking_hiking,evaluation,interval,history_quantile_tcn,0.12.0,,held_sport,joint_user_sport__walking_hiking,zero_history,60,0.5,false,picp,"origin-within-session, session-within-user, equal-user mean",3,20260722;20260723;20260724,0.4901123642921448,0.4854141175746918,0.6196871995925903,19,96,428,False
0.22.0,held_sport,walking_hiking,evaluation,interval,history_quantile_tcn,0.12.0,,held_sport,joint_user_sport__walking_hiking,zero_history,60,0.5,true,absolute_coverage_error,"origin-within-session, session-within-user, equal-user mean",3,20260722;20260723;20260724,0.0145858824253082,0.0098876357078552,0.1196871995925903,19,96,428,False
0.22.0,held_sport,walking_hiking,evaluation,interval,history_quantile_tcn,0.12.0,,held_sport,joint_user_sport__walking_hiking,zero_history,60,0.5,true,conformal_adjustment_bpm,"origin-within-session, session-within-user, equal-user mean",3,20260722;20260723;20260724,0.0,0.0,0.0,19,96,428,False
0.22.0,held_sport,walking_hiking,evaluation,interval,history_quantile_tcn,0.12.0,,held_sport,joint_user_sport__walking_hiking,zero_history,60,0.5,true,mean_interval_width_bpm,"origin-within-session, session-within-user, equal-user mean",3,20260722;20260723;20260724,10.659741401672363,10.6116304397583,11.499849319458008,19,96,428,False
0.22.0,held_sport,walking_hiking,evaluation,interval,history_quantile_tcn,0.12.0,,held_sport,joint_user_sport__walking_hiking,zero_history,60,0.5,true,picp,"origin-within-session, session-within-user, equal-user mean",3,20260722;20260723;20260724,0.4901123642921448,0.4854141175746918,0.6196871995925903,19,96,428,False
0.22.0,held_sport,walking_hiking,evaluation,interval,history_quantile_tcn,0.12.0,,held_sport,joint_user_sport__walking_hiking,zero_history,60,0.8,false,absolute_coverage_error,"origin-within-session, session-within-user, equal-user mean",3,20260722;20260723;20260724,0.0272291421890258,0.0061136603355407,0.0281913995742797,19,96,428,False
0.22.0,held_sport,walking_hiking,evaluation,interval,history_quantile_tcn,0.12.0,,held_sport,joint_user_sport__walking_hiking,zero_history,60,0.8,false,conformal_adjustment_bpm,"origin-within-session, session-within-user, equal-user mean",3,20260722;20260723;20260724,0.0,0.0,0.0,19,96,428,False
0.22.0,held_sport,walking_hiking,evaluation,interval,history_quantile_tcn,0.12.0,,held_sport,joint_user_sport__walking_hiking,zero_history,60,0.8,false,mean_interval_width_bpm,"origin-within-session, session-within-user, equal-user mean",3,20260722;20260723;20260724,21.777637481689453,21.4068660736084,22.56776428222656,19,96,428,False
0.22.0,held_sport,walking_hiking,evaluation,interval,history_quantile_tcn,0.12.0,,held_sport,joint_user_sport__walking_hiking,zero_history,60,0.8,false,picp,"origin-within-session, session-within-user, equal-user mean",3,20260722;20260723;20260724,0.8272291421890259,0.8061136603355408,0.8281913995742798,19,96,428,False
0.22.0,held_sport,walking_hiking,evaluation,interval,history_quantile_tcn,0.12.0,,held_sport,joint_user_sport__walking_hiking,zero_history,60,0.8,true,absolute_coverage_error,"origin-within-session, session-within-user, equal-user mean",3,20260722;20260723;20260724,0.0272291421890258,0.0061136603355407,0.0281913995742797,19,96,428,False
0.22.0,held_sport,walking_hiking,evaluation,interval,history_quantile_tcn,0.12.0,,held_sport,joint_user_sport__walking_hiking,zero_history,60,0.8,true,conformal_adjustment_bpm,"origin-within-session, session-within-user, equal-user mean",3,20260722;20260723;20260724,0.0,0.0,0.0,19,96,428,False
0.22.0,held_sport,walking_hiking,evaluation,interval,history_quantile_tcn,0.12.0,,held_sport,joint_user_sport__walking_hiking,zero_history,60,0.8,true,mean_interval_width_bpm,"origin-within-session, session-within-user, equal-user mean",3,20260722;20260723;20260724,21.777637481689453,21.4068660736084,22.56776428222656,19,96,428,False
0.22.0,held_sport,walking_hiking,evaluation,interval,history_quantile_tcn,0.12.0,,held_sport,joint_user_sport__walking_hiking,zero_history,60,0.8,true,picp,"origin-within-session, session-within-user, equal-user mean",3,20260722;20260723;20260724,0.8272291421890259,0.8061136603355408,0.8281913995742798,19,96,428,False
0.22.0,held_sport,walking_hiking,evaluation,interval,history_quantile_tcn,0.12.0,,held_sport,joint_user_sport__walking_hiking,zero_history,60,0.9,false,absolute_coverage_error,"origin-within-session, session-within-user, equal-user mean",3,20260722;20260723;20260724,0.014660096168518,0.0068541526794433,0.0201243519783019,19,96,428,False
0.22.0,held_sport,walking_hiking,evaluation,interval,history_quantile_tcn,0.12.0,,held_sport,joint_user_sport__walking_hiking,zero_history,60,0.9,false,conformal_adjustment_bpm,"origin-within-session, session-within-user, equal-user mean",3,20260722;20260723;20260724,0.0,0.0,0.0,19,96,428,False
0.22.0,held_sport,walking_hiking,evaluation,interval,history_quantile_tcn,0.12.0,,held_sport,joint_user_sport__walking_hiking,zero_history,60,0.9,false,mean_interval_width_bpm,"origin-within-session, session-within-user, equal-user mean",3,20260722;20260723;20260724,29.826011657714844,28.96074867248535,30.75926780700684,19,96,428,False
0.22.0,held_sport,walking_hiking,evaluation,interval,history_quantile_tcn,0.12.0,,held_sport,joint_user_sport__walking_hiking,zero_history,60,0.9,false,picp,"origin-within-session, session-within-user, equal-user mean",3,20260722;20260723;20260724,0.914660096168518,0.9068541526794434,0.920124351978302,19,96,428,False
0.22.0,held_sport,walking_hiking,evaluation,interval,history_quantile_tcn,0.12.0,,held_sport,joint_user_sport__walking_hiking,zero_history,60,0.9,true,absolute_coverage_error,"origin-within-session, session-within-user, equal-user mean",3,20260722;20260723;20260724,0.014660096168518,0.009705102443695,0.0201243519783019,19,96,428,False
0.22.0,held_sport,walking_hiking,evaluation,interval,history_quantile_tcn,0.12.0,,held_sport,joint_user_sport__walking_hiking,zero_history,60,0.9,true,conformal_adjustment_bpm,"origin-within-session, session-within-user, equal-user mean",3,20260722;20260723;20260724,0.0,0.0,0.0789031982421875,19,96,428,False
0.22.0,held_sport,walking_hiking,evaluation,interval,history_quantile_tcn,0.12.0,,held_sport,joint_user_sport__walking_hiking,zero_history,60,0.9,true,mean_interval_width_bpm,"origin-within-session, session-within-user, equal-user mean",3,20260722;20260723;20260724,29.826011657714844,29.118555068969727,30.75926780700684,19,96,428,False
0.22.0,held_sport,walking_hiking,evaluation,interval,history_quantile_tcn,0.12.0,,held_sport,joint_user_sport__walking_hiking,zero_history,60,0.9,true,picp,"origin-within-session, session-within-user, equal-user mean",3,20260722;20260723;20260724,0.914660096168518,0.9097051024436952,0.920124351978302,19,96,428,False
0.22.0,held_sport,walking_hiking,evaluation,interval,history_quantile_tcn,0.12.0,,held_sport,joint_user_sport__walking_hiking,zero_history,180,0.5,false,absolute_coverage_error,"origin-within-session, session-within-user, equal-user mean",3,20260722;20260723;20260724,0.0304726362228393,0.0279759168624877,0.0572824478149414,19,96,428,False
0.22.0,held_sport,walking_hiking,evaluation,interval,history_quantile_tcn,0.12.0,,held_sport,joint_user_sport__walking_hiking,zero_history,180,0.5,false,conformal_adjustment_bpm,"origin-within-session, session-within-user, equal-user mean",3,20260722;20260723;20260724,0.0,0.0,0.0,19,96,428,False
0.22.0,held_sport,walking_hiking,evaluation,interval,history_quantile_tcn,0.12.0,,held_sport,joint_user_sport__walking_hiking,zero_history,180,0.5,false,mean_interval_width_bpm,"origin-within-session, session-within-user, equal-user mean",3,20260722;20260723;20260724,14.075498580932615,13.91707706451416,14.711496353149414,19,96,428,False
0.22.0,held_sport,walking_hiking,evaluation,interval,history_quantile_tcn,0.12.0,,held_sport,joint_user_sport__walking_hiking,zero_history,180,0.5,false,picp,"origin-within-session, session-within-user, equal-user mean",3,20260722;20260723;20260724,0.5304726362228394,0.5279759168624878,0.5572824478149414,19,96,428,False
0.22.0,held_sport,walking_hiking,evaluation,interval,history_quantile_tcn,0.12.0,,held_sport,joint_user_sport__walking_hiking,zero_history,180,0.5,true,absolute_coverage_error,"origin-within-session, session-within-user, equal-user mean",3,20260722;20260723;20260724,0.0304726362228393,0.0279759168624877,0.0572824478149414,19,96,428,False
0.22.0,held_sport,walking_hiking,evaluation,interval,history_quantile_tcn,0.12.0,,held_sport,joint_user_sport__walking_hiking,zero_history,180,0.5,true,conformal_adjustment_bpm,"origin-within-session, session-within-user, equal-user mean",3,20260722;20260723;20260724,0.0,0.0,0.0,19,96,428,False
0.22.0,held_sport,walking_hiking,evaluation,interval,history_quantile_tcn,0.12.0,,held_sport,joint_user_sport__walking_hiking,zero_history,180,0.5,true,mean_interval_width_bpm,"origin-within-session, session-within-user, equal-user mean",3,20260722;20260723;20260724,14.075498580932615,13.91707706451416,14.711496353149414,19,96,428,False
0.22.0,held_sport,walking_hiking,evaluation,interval,history_quantile_tcn,0.12.0,,held_sport,joint_user_sport__walking_hiking,zero_history,180,0.5,true,picp,"origin-within-session, session-within-user, equal-user mean",3,20260722;20260723;20260724,0.5304726362228394,0.5279759168624878,0.5572824478149414,19,96,428,False
0.22.0,held_sport,walking_hiking,evaluation,interval,history_quantile_tcn,0.12.0,,held_sport,joint_user_sport__walking_hiking,zero_history,180,0.8,false,absolute_coverage_error,"origin-within-session, session-within-user, equal-user mean",3,20260722;20260723;20260724,0.0320047259330749,0.031780195236206,0.032807421684265,19,96,428,False
0.22.0,held_sport,walking_hiking,evaluation,interval,history_quantile_tcn,0.12.0,,held_sport,joint_user_sport__walking_hiking,zero_history,180,0.8,false,conformal_adjustment_bpm,"origin-within-session, session-within-user, equal-user mean",3,20260722;20260723;20260724,0.0,0.0,0.0,19,96,428,False
0.22.0,held_sport,walking_hiking,evaluation,interval,history_quantile_tcn,0.12.0,,held_sport,joint_user_sport__walking_hiking,zero_history,180,0.8,false,mean_interval_width_bpm,"origin-within-session, session-within-user, equal-user mean",3,20260722;20260723;20260724,28.220571517944336,28.15952682495117,29.27006721496582,19,96,428,False
0.22.0,held_sport,walking_hiking,evaluation,interval,history_quantile_tcn,0.12.0,,held_sport,joint_user_sport__walking_hiking,zero_history,180,0.8,false,picp,"origin-within-session, session-within-user, equal-user mean",3,20260722;20260723;20260724,0.832004725933075,0.831780195236206,0.8328074216842651,19,96,428,False
0.22.0,held_sport,walking_hiking,evaluation,interval,history_quantile_tcn,0.12.0,,held_sport,joint_user_sport__walking_hiking,zero_history,180,0.8,true,absolute_coverage_error,"origin-within-session, session-within-user, equal-user mean",3,20260722;20260723;20260724,0.0320047259330749,0.031780195236206,0.032807421684265,19,96,428,False
0.22.0,held_sport,walking_hiking,evaluation,interval,history_quantile_tcn,0.12.0,,held_sport,joint_user_sport__walking_hiking,zero_history,180,0.8,true,conformal_adjustment_bpm,"origin-within-session, session-within-user, equal-user mean",3,20260722;20260723;20260724,0.0,0.0,0.0,19,96,428,False
0.22.0,held_sport,walking_hiking,evaluation,interval,history_quantile_tcn,0.12.0,,held_sport,joint_user_sport__walking_hiking,zero_history,180,0.8,true,mean_interval_width_bpm,"origin-within-session, session-within-user, equal-user mean",3,20260722;20260723;20260724,28.220571517944336,28.15952682495117,29.27006721496582,19,96,428,False
0.22.0,held_sport,walking_hiking,evaluation,interval,history_quantile_tcn,0.12.0,,held_sport,joint_user_sport__walking_hiking,zero_history,180,0.8,true,picp,"origin-within-session, session-within-user, equal-user mean",3,20260722;20260723;20260724,0.832004725933075,0.831780195236206,0.8328074216842651,19,96,428,False
0.22.0,held_sport,walking_hiking,evaluation,interval,history_quantile_tcn,0.12.0,,held_sport,joint_user_sport__walking_hiking,zero_history,180,0.9,false,absolute_coverage_error,"origin-within-session, session-within-user, equal-user mean",3,20260722;20260723;20260724,0.0229184389114379,0.0044817090034484,0.0327137470245361,19,96,428,False
0.22.0,held_sport,walking_hiking,evaluation,interval,history_quantile_tcn,0.12.0,,held_sport,joint_user_sport__walking_hiking,zero_history,180,0.9,false,conformal_adjustment_bpm,"origin-within-session, session-within-user, equal-user mean",3,20260722;20260723;20260724,0.0,0.0,0.0,19,96,428,False
0.22.0,held_sport,walking_hiking,evaluation,interval,history_quantile_tcn,0.12.0,,held_sport,joint_user_sport__walking_hiking,zero_history,180,0.9,false,mean_interval_width_bpm,"origin-within-session, session-within-user, equal-user mean",3,20260722;20260723;20260724,38.56780242919922,38.40460586547852,40.1129264831543,19,96,428,False
0.22.0,held_sport,walking_hiking,evaluation,interval,history_quantile_tcn,0.12.0,,held_sport,joint_user_sport__walking_hiking,zero_history,180,0.9,false,picp,"origin-within-session, session-within-user, equal-user mean",3,20260722;20260723;20260724,0.922918438911438,0.9044817090034484,0.932713747024536,19,96,428,False
0.22.0,held_sport,walking_hiking,evaluation,interval,history_quantile_tcn,0.12.0,,held_sport,joint_user_sport__walking_hiking,zero_history,180,0.9,true,absolute_coverage_error,"origin-within-session, session-within-user, equal-user mean",3,20260722;20260723;20260724,0.0242342114448547,0.0044817090034484,0.0327137470245361,19,96,428,False
0.22.0,held_sport,walking_hiking,evaluation,interval,history_quantile_tcn,0.12.0,,held_sport,joint_user_sport__walking_hiking,zero_history,180,0.9,true,conformal_adjustment_bpm,"origin-within-session, session-within-user, equal-user mean",3,20260722;20260723;20260724,0.0,0.0,0.065338134765625,19,96,428,False
0.22.0,held_sport,walking_hiking,evaluation,interval,history_quantile_tcn,0.12.0,,held_sport,joint_user_sport__walking_hiking,zero_history,180,0.9,true,mean_interval_width_bpm,"origin-within-session, session-within-user, equal-user mean",3,20260722;20260723;20260724,38.69847869873047,38.40460586547852,40.1129264831543,19,96,428,False
0.22.0,held_sport,walking_hiking,evaluation,interval,history_quantile_tcn,0.12.0,,held_sport,joint_user_sport__walking_hiking,zero_history,180,0.9,true,picp,"origin-within-session, session-within-user, equal-user mean",3,20260722;20260723;20260724,0.9242342114448548,0.9044817090034484,0.932713747024536,19,96,428,False
0.22.0,held_sport,walking_hiking,evaluation,interval,history_quantile_tcn,0.12.0,,held_sport,joint_user_sport__walking_hiking,zero_history,300,0.5,false,absolute_coverage_error,"origin-within-session, session-within-user, equal-user mean",3,20260722;20260723;20260724,0.0157166421413421,0.0121373534202575,0.0759747624397277,19,96,428,False
0.22.0,held_sport,walking_hiking,evaluation,interval,history_quantile_tcn,0.12.0,,held_sport,joint_user_sport__walking_hiking,zero_history,300,0.5,false,conformal_adjustment_bpm,"origin-within-session, session-within-user, equal-user mean",3,20260722;20260723;20260724,0.0,0.0,0.0,19,96,428,False
0.22.0,held_sport,walking_hiking,evaluation,interval,history_quantile_tcn,0.12.0,,held_sport,joint_user_sport__walking_hiking,zero_history,300,0.5,false,mean_interval_width_bpm,"origin-within-session, session-within-user, equal-user mean",3,20260722;20260723;20260724,15.76885986328125,15.628084182739258,16.555707931518555,19,96,428,False
0.22.0,held_sport,walking_hiking,evaluation,interval,history_quantile_tcn,0.12.0,,held_sport,joint_user_sport__walking_hiking,zero_history,300,0.5,false,picp,"origin-within-session, session-within-user, equal-user mean",3,20260722;20260723;20260724,0.4842833578586578,0.4240252375602722,0.4878626465797424,19,96,428,False
0.22.0,held_sport,walking_hiking,evaluation,interval,history_quantile_tcn,0.12.0,,held_sport,joint_user_sport__walking_hiking,zero_history,300,0.5,true,absolute_coverage_error,"origin-within-session, session-within-user, equal-user mean",3,20260722;20260723;20260724,0.0157166421413421,0.0121373534202575,0.0759747624397277,19,96,428,False
0.22.0,held_sport,walking_hiking,evaluation,interval,history_quantile_tcn,0.12.0,,held_sport,joint_user_sport__walking_hiking,zero_history,300,0.5,true,conformal_adjustment_bpm,"origin-within-session, session-within-user, equal-user mean",3,20260722;20260723;20260724,0.0,0.0,0.0,19,96,428,False
0.22.0,held_sport,walking_hiking,evaluation,interval,history_quantile_tcn,0.12.0,,held_sport,joint_user_sport__walking_hiking,zero_history,300,0.5,true,mean_interval_width_bpm,"origin-within-session, session-within-user, equal-user mean",3,20260722;20260723;20260724,15.76885986328125,15.628084182739258,16.555707931518555,19,96,428,False
0.22.0,held_sport,walking_hiking,evaluation,interval,history_quantile_tcn,0.12.0,,held_sport,joint_user_sport__walking_hiking,zero_history,300,0.5,true,picp,"origin-within-session, session-within-user, equal-user mean",3,20260722;20260723;20260724,0.4842833578586578,0.4240252375602722,0.4878626465797424,19,96,428,False
0.22.0,held_sport,walking_hiking,evaluation,interval,history_quantile_tcn,0.12.0,,held_sport,joint_user_sport__walking_hiking,zero_history,300,0.8,false,absolute_coverage_error,"origin-within-session, session-within-user, equal-user mean",3,20260722;20260723;20260724,0.0151473999023437,0.0107050657272338,0.0167548775672912,19,96,428,False
0.22.0,held_sport,walking_hiking,evaluation,interval,history_quantile_tcn,0.12.0,,held_sport,joint_user_sport__walking_hiking,zero_history,300,0.8,false,conformal_adjustment_bpm,"origin-within-session, session-within-user, equal-user mean",3,20260722;20260723;20260724,0.0,0.0,0.0,19,96,428,False
0.22.0,held_sport,walking_hiking,evaluation,interval,history_quantile_tcn,0.12.0,,held_sport,joint_user_sport__walking_hiking,zero_history,300,0.8,false,mean_interval_width_bpm,"origin-within-session, session-within-user, equal-user mean",3,20260722;20260723;20260724,31.543785095214844,31.48066711425781,33.15563201904297,19,96,428,False
0.22.0,held_sport,walking_hiking,evaluation,interval,history_quantile_tcn,0.12.0,,held_sport,joint_user_sport__walking_hiking,zero_history,300,0.8,false,picp,"origin-within-session, session-within-user, equal-user mean",3,20260722;20260723;20260724,0.8151473999023438,0.8107050657272339,0.8167548775672913,19,96,428,False
0.22.0,held_sport,walking_hiking,evaluation,interval,history_quantile_tcn,0.12.0,,held_sport,joint_user_sport__walking_hiking,zero_history,300,0.8,true,absolute_coverage_error,"origin-within-session, session-within-user, equal-user mean",3,20260722;20260723;20260724,0.0151473999023437,0.0107050657272338,0.0167548775672912,19,96,428,False
0.22.0,held_sport,walking_hiking,evaluation,interval,history_quantile_tcn,0.12.0,,held_sport,joint_user_sport__walking_hiking,zero_history,300,0.8,true,conformal_adjustment_bpm,"origin-within-session, session-within-user, equal-user mean",3,20260722;20260723;20260724,0.0,0.0,0.0,19,96,428,False
0.22.0,held_sport,walking_hiking,evaluation,interval,history_quantile_tcn,0.12.0,,held_sport,joint_user_sport__walking_hiking,zero_history,300,0.8,true,mean_interval_width_bpm,"origin-within-session, session-within-user, equal-user mean",3,20260722;20260723;20260724,31.543785095214844,31.48066711425781,33.15563201904297,19,96,428,False
0.22.0,held_sport,walking_hiking,evaluation,interval,history_quantile_tcn,0.12.0,,held_sport,joint_user_sport__walking_hiking,zero_history,300,0.8,true,picp,"origin-within-session, session-within-user, equal-user mean",3,20260722;20260723;20260724,0.8151473999023438,0.8107050657272339,0.8167548775672913,19,96,428,False
0.22.0,held_sport,walking_hiking,evaluation,interval,history_quantile_tcn,0.12.0,,held_sport,joint_user_sport__walking_hiking,zero_history,300,0.9,false,absolute_coverage_error,"origin-within-session, session-within-user, equal-user mean",3,20260722;20260723;20260724,0.0288438558578491,0.0278604388236999,0.0300354123115539,19,96,428,False
0.22.0,held_sport,walking_hiking,evaluation,interval,history_quantile_tcn,0.12.0,,held_sport,joint_user_sport__walking_hiking,zero_history,300,0.9,false,conformal_adjustment_bpm,"origin-within-session, session-within-user, equal-user mean",3,20260722;20260723;20260724,0.0,0.0,0.0,19,96,428,False
0.22.0,held_sport,walking_hiking,evaluation,interval,history_quantile_tcn,0.12.0,,held_sport,joint_user_sport__walking_hiking,zero_history,300,0.9,false,mean_interval_width_bpm,"origin-within-session, session-within-user, equal-user mean",3,20260722;20260723;20260724,43.18183517456055,43.16829299926758,46.05548858642578,19,96,428,False
0.22.0,held_sport,walking_hiking,evaluation,interval,history_quantile_tcn,0.12.0,,held_sport,joint_user_sport__walking_hiking,zero_history,300,0.9,false,picp,"origin-within-session, session-within-user, equal-user mean",3,20260722;20260723;20260724,0.9288438558578492,0.9278604388237,0.930035412311554,19,96,428,False
0.22.0,held_sport,walking_hiking,evaluation,interval,history_quantile_tcn,0.12.0,,held_sport,joint_user_sport__walking_hiking,zero_history,300,0.9,true,absolute_coverage_error,"origin-within-session, session-within-user, equal-user mean",3,20260722;20260723;20260724,0.0288438558578491,0.0278604388236999,0.0300354123115539,19,96,428,False
0.22.0,held_sport,walking_hiking,evaluation,interval,history_quantile_tcn,0.12.0,,held_sport,joint_user_sport__walking_hiking,zero_history,300,0.9,true,conformal_adjustment_bpm,"origin-within-session, session-within-user, equal-user mean",3,20260722;20260723;20260724,0.0,0.0,0.0,19,96,428,False
0.22.0,held_sport,walking_hiking,evaluation,interval,history_quantile_tcn,0.12.0,,held_sport,joint_user_sport__walking_hiking,zero_history,300,0.9,true,mean_interval_width_bpm,"origin-within-session, session-within-user, equal-user mean",3,20260722;20260723;20260724,43.18183517456055,43.16829299926758,46.05548858642578,19,96,428,False
0.22.0,held_sport,walking_hiking,evaluation,interval,history_quantile_tcn,0.12.0,,held_sport,joint_user_sport__walking_hiking,zero_history,300,0.9,true,picp,"origin-within-session, session-within-user, equal-user mean",3,20260722;20260723;20260724,0.9288438558578492,0.9278604388237,0.930035412311554,19,96,428,False
0.22.0,held_sport,walking_hiking,evaluation,interval,history_quantile_tcn,0.12.0,,held_sport,unseen_sport__walking_hiking,history_informed,60,0.5,false,absolute_coverage_error,"origin-within-session, session-within-user, equal-user mean",3,20260722;20260723;20260724,0.0942355394363403,0.0636710524559021,0.0971478223800659,144,2063,10149,False
0.22.0,held_sport,walking_hiking,evaluation,interval,history_quantile_tcn,0.12.0,,held_sport,unseen_sport__walking_hiking,history_informed,60,0.5,false,conformal_adjustment_bpm,"origin-within-session, session-within-user, equal-user mean",3,20260722;20260723;20260724,0.0,0.0,0.0,144,2063,10149,False
0.22.0,held_sport,walking_hiking,evaluation,interval,history_quantile_tcn,0.12.0,,held_sport,unseen_sport__walking_hiking,history_informed,60,0.5,false,mean_interval_width_bpm,"origin-within-session, session-within-user, equal-user mean",3,20260722;20260723;20260724,10.888835906982422,10.507125854492188,11.118489265441896,144,2063,10149,False
0.22.0,held_sport,walking_hiking,evaluation,interval,history_quantile_tcn,0.12.0,,held_sport,unseen_sport__walking_hiking,history_informed,60,0.5,false,picp,"origin-within-session, session-within-user, equal-user mean",3,20260722;20260723;20260724,0.5942355394363403,0.5636710524559021,0.5971478223800659,144,2063,10149,False
0.22.0,held_sport,walking_hiking,evaluation,interval,history_quantile_tcn,0.12.0,,held_sport,unseen_sport__walking_hiking,history_informed,60,0.5,true,absolute_coverage_error,"origin-within-session, session-within-user, equal-user mean",3,20260722;20260723;20260724,0.0951562523841857,0.0704849362373352,0.0971478223800659,144,2063,10149,False
0.22.0,held_sport,walking_hiking,evaluation,interval,history_quantile_tcn,0.12.0,,held_sport,unseen_sport__walking_hiking,history_informed,60,0.5,true,conformal_adjustment_bpm,"origin-within-session, session-within-user, equal-user mean",3,20260722;20260723;20260724,0.0361328125,0.0,0.056640625,144,2063,10149,False
0.22.0,held_sport,walking_hiking,evaluation,interval,history_quantile_tcn,0.12.0,,held_sport,unseen_sport__walking_hiking,history_informed,60,0.5,true,mean_interval_width_bpm,"origin-within-session, session-within-user, equal-user mean",3,20260722;20260723;20260724,10.961101531982422,10.620407104492188,11.118489265441896,144,2063,10149,False
0.22.0,held_sport,walking_hiking,evaluation,interval,history_quantile_tcn,0.12.0,,held_sport,unseen_sport__walking_hiking,history_informed,60,0.5,true,picp,"origin-within-session, session-within-user, equal-user mean",3,20260722;20260723;20260724,0.5951562523841858,0.5704849362373352,0.5971478223800659,144,2063,10149,False
0.22.0,held_sport,walking_hiking,evaluation,interval,history_quantile_tcn,0.12.0,,held_sport,unseen_sport__walking_hiking,history_informed,60,0.8,false,absolute_coverage_error,"origin-within-session, session-within-user, equal-user mean",3,20260722;20260723;20260724,0.0656814098358153,0.0463860750198363,0.0754377365112304,144,2063,10149,False
0.22.0,held_sport,walking_hiking,evaluation,interval,history_quantile_tcn,0.12.0,,held_sport,unseen_sport__walking_hiking,history_informed,60,0.8,false,conformal_adjustment_bpm,"origin-within-session, session-within-user, equal-user mean",3,20260722;20260723;20260724,0.0,0.0,0.0,144,2063,10149,False
0.22.0,held_sport,walking_hiking,evaluation,interval,history_quantile_tcn,0.12.0,,held_sport,unseen_sport__walking_hiking,history_informed,60,0.8,false,mean_interval_width_bpm,"origin-within-session, session-within-user, equal-user mean",3,20260722;20260723;20260724,22.5058536529541,21.473974227905277,22.551212310791016,144,2063,10149,False
0.22.0,held_sport,walking_hiking,evaluation,interval,history_quantile_tcn,0.12.0,,held_sport,unseen_sport__walking_hiking,history_informed,60,0.8,false,picp,"origin-within-session, session-within-user, equal-user mean",3,20260722;20260723;20260724,0.8656814098358154,0.8463860750198364,0.8754377365112305,144,2063,10149,False
0.22.0,held_sport,walking_hiking,evaluation,interval,history_quantile_tcn,0.12.0,,held_sport,unseen_sport__walking_hiking,history_informed,60,0.8,true,absolute_coverage_error,"origin-within-session, session-within-user, equal-user mean",3,20260722;20260723;20260724,0.0656814098358153,0.0466637134552001,0.0754377365112304,144,2063,10149,False
0.22.0,held_sport,walking_hiking,evaluation,interval,history_quantile_tcn,0.12.0,,held_sport,unseen_sport__walking_hiking,history_informed,60,0.8,true,conformal_adjustment_bpm,"origin-within-session, session-within-user, equal-user mean",3,20260722;20260723;20260724,0.0,0.0,0.0234375,144,2063,10149,False
0.22.0,held_sport,walking_hiking,evaluation,interval,history_quantile_tcn,0.12.0,,held_sport,unseen_sport__walking_hiking,history_informed,60,0.8,true,mean_interval_width_bpm,"origin-within-session, session-within-user, equal-user mean",3,20260722;20260723;20260724,22.5058536529541,21.520849227905277,22.551212310791016,144,2063,10149,False
0.22.0,held_sport,walking_hiking,evaluation,interval,history_quantile_tcn,0.12.0,,held_sport,unseen_sport__walking_hiking,history_informed,60,0.8,true,picp,"origin-within-session, session-within-user, equal-user mean",3,20260722;20260723;20260724,0.8656814098358154,0.8466637134552002,0.8754377365112305,144,2063,10149,False
0.22.0,held_sport,walking_hiking,evaluation,interval,history_quantile_tcn,0.12.0,,held_sport,unseen_sport__walking_hiking,history_informed,60,0.9,false,absolute_coverage_error,"origin-within-session, session-within-user, equal-user mean",3,20260722;20260723;20260724,0.0363224506378173,0.0270012974739074,0.0457384943962096,144,2063,10149,False
0.22.0,held_sport,walking_hiking,evaluation,interval,history_quantile_tcn,0.12.0,,held_sport,unseen_sport__walking_hiking,history_informed,60,0.9,false,conformal_adjustment_bpm,"origin-within-session, session-within-user, equal-user mean",3,20260722;20260723;20260724,0.0,0.0,0.0,144,2063,10149,False
0.22.0,held_sport,walking_hiking,evaluation,interval,history_quantile_tcn,0.12.0,,held_sport,unseen_sport__walking_hiking,history_informed,60,0.9,false,mean_interval_width_bpm,"origin-within-session, session-within-user, equal-user mean",3,20260722;20260723;20260724,31.094167709350582,29.34105682373047,31.10801124572754,144,2063,10149,False
0.22.0,held_sport,walking_hiking,evaluation,interval,history_quantile_tcn,0.12.0,,held_sport,unseen_sport__walking_hiking,history_informed,60,0.9,false,picp,"origin-within-session, session-within-user, equal-user mean",3,20260722;20260723;20260724,0.9363224506378174,0.9270012974739076,0.9457384943962096,144,2063,10149,False
0.22.0,held_sport,walking_hiking,evaluation,interval,history_quantile_tcn,0.12.0,,held_sport,unseen_sport__walking_hiking,history_informed,60,0.9,true,absolute_coverage_error,"origin-within-session, session-within-user, equal-user mean",3,20260722;20260723;20260724,0.0363224506378173,0.0276152849197387,0.0457384943962096,144,2063,10149,False
0.22.0,held_sport,walking_hiking,evaluation,interval,history_quantile_tcn,0.12.0,,held_sport,unseen_sport__walking_hiking,history_informed,60,0.9,true,conformal_adjustment_bpm,"origin-within-session, session-within-user, equal-user mean",3,20260722;20260723;20260724,0.0,0.0,0.1107940673828125,144,2063,10149,False
0.22.0,held_sport,walking_hiking,evaluation,interval,history_quantile_tcn,0.12.0,,held_sport,unseen_sport__walking_hiking,history_informed,60,0.9,true,mean_interval_width_bpm,"origin-within-session, session-within-user, equal-user mean",3,20260722;20260723;20260724,31.094167709350582,29.562644958496094,31.10801124572754,144,2063,10149,False
0.22.0,held_sport,walking_hiking,evaluation,interval,history_quantile_tcn,0.12.0,,held_sport,unseen_sport__walking_hiking,history_informed,60,0.9,true,picp,"origin-within-session, session-within-user, equal-user mean",3,20260722;20260723;20260724,0.9363224506378174,0.9276152849197388,0.9457384943962096,144,2063,10149,False
0.22.0,held_sport,walking_hiking,evaluation,interval,history_quantile_tcn,0.12.0,,held_sport,unseen_sport__walking_hiking,history_informed,180,0.5,false,absolute_coverage_error,"origin-within-session, session-within-user, equal-user mean",3,20260722;20260723;20260724,0.0800011754035949,0.0552031993865966,0.0805481672286987,144,2063,10149,False
0.22.0,held_sport,walking_hiking,evaluation,interval,history_quantile_tcn,0.12.0,,held_sport,unseen_sport__walking_hiking,history_informed,180,0.5,false,conformal_adjustment_bpm,"origin-within-session, session-within-user, equal-user mean",3,20260722;20260723;20260724,0.0,0.0,0.0,144,2063,10149,False
0.22.0,held_sport,walking_hiking,evaluation,interval,history_quantile_tcn,0.12.0,,held_sport,unseen_sport__walking_hiking,history_informed,180,0.5,false,mean_interval_width_bpm,"origin-within-session, session-within-user, equal-user mean",3,20260722;20260723;20260724,14.642390251159668,14.028827667236328,14.65297794342041,144,2063,10149,False
0.22.0,held_sport,walking_hiking,evaluation,interval,history_quantile_tcn,0.12.0,,held_sport,unseen_sport__walking_hiking,history_informed,180,0.5,false,picp,"origin-within-session, session-within-user, equal-user mean",3,20260722;20260723;20260724,0.580001175403595,0.5552031993865967,0.5805481672286987,144,2063,10149,False
0.22.0,held_sport,walking_hiking,evaluation,interval,history_quantile_tcn,0.12.0,,held_sport,unseen_sport__walking_hiking,history_informed,180,0.5,true,absolute_coverage_error,"origin-within-session, session-within-user, equal-user mean",3,20260722;20260723;20260724,0.0805481672286987,0.0556223392486572,0.0808296799659729,144,2063,10149,False
0.22.0,held_sport,walking_hiking,evaluation,interval,history_quantile_tcn,0.12.0,,held_sport,unseen_sport__walking_hiking,history_informed,180,0.5,true,conformal_adjustment_bpm,"origin-within-session, session-within-user, equal-user mean",3,20260722;20260723;20260724,0.0207061767578125,0.0,0.0417022705078125,144,2063,10149,False
0.22.0,held_sport,walking_hiking,evaluation,interval,history_quantile_tcn,0.12.0,,held_sport,unseen_sport__walking_hiking,history_informed,180,0.5,true,mean_interval_width_bpm,"origin-within-session, session-within-user, equal-user mean",3,20260722;20260723;20260724,14.642390251159668,14.070240020751951,14.736382484436035,144,2063,10149,False
0.22.0,held_sport,walking_hiking,evaluation,interval,history_quantile_tcn,0.12.0,,held_sport,unseen_sport__walking_hiking,history_informed,180,0.5,true,picp,"origin-within-session, session-within-user, equal-user mean",3,20260722;20260723;20260724,0.5805481672286987,0.5556223392486572,0.5808296799659729,144,2063,10149,False
0.22.0,held_sport,walking_hiking,evaluation,interval,history_quantile_tcn,0.12.0,,held_sport,unseen_sport__walking_hiking,history_informed,180,0.8,false,absolute_coverage_error,"origin-within-session, session-within-user, equal-user mean",3,20260722;20260723;20260724,0.072252345085144,0.0471976518630981,0.0724164962768554,144,2063,10149,False
0.22.0,held_sport,walking_hiking,evaluation,interval,history_quantile_tcn,0.12.0,,held_sport,unseen_sport__walking_hiking,history_informed,180,0.8,false,conformal_adjustment_bpm,"origin-within-session, session-within-user, equal-user mean",3,20260722;20260723;20260724,0.0,0.0,0.0,144,2063,10149,False
0.22.0,held_sport,walking_hiking,evaluation,interval,history_quantile_tcn,0.12.0,,held_sport,unseen_sport__walking_hiking,history_informed,180,0.8,false,mean_interval_width_bpm,"origin-within-session, session-within-user, equal-user mean",3,20260722;20260723;20260724,29.819929122924805,28.64058494567871,29.923057556152344,144,2063,10149,False
0.22.0,held_sport,walking_hiking,evaluation,interval,history_quantile_tcn,0.12.0,,held_sport,unseen_sport__walking_hiking,history_informed,180,0.8,false,picp,"origin-within-session, session-within-user, equal-user mean",3,20260722;20260723;20260724,0.872252345085144,0.8471976518630981,0.8724164962768555,144,2063,10149,False
0.22.0,held_sport,walking_hiking,evaluation,interval,history_quantile_tcn,0.12.0,,held_sport,unseen_sport__walking_hiking,history_informed,180,0.8,true,absolute_coverage_error,"origin-within-session, session-within-user, equal-user mean",3,20260722;20260723;20260724,0.072252345085144,0.0507790565490722,0.072580587863922,144,2063,10149,False
0.22.0,held_sport,walking_hiking,evaluation,interval,history_quantile_tcn,0.12.0,,held_sport,unseen_sport__walking_hiking,history_informed,180,0.8,true,conformal_adjustment_bpm,"origin-within-session, session-within-user, equal-user mean",3,20260722;20260723;20260724,0.0390625,0.0,0.046875,144,2063,10149,False
0.22.0,held_sport,walking_hiking,evaluation,interval,history_quantile_tcn,0.12.0,,held_sport,unseen_sport__walking_hiking,history_informed,180,0.8,true,mean_interval_width_bpm,"origin-within-session, session-within-user, equal-user mean",3,20260722;20260723;20260724,29.819929122924805,28.73433494567871,30.001182556152344,144,2063,10149,False
0.22.0,held_sport,walking_hiking,evaluation,interval,history_quantile_tcn,0.12.0,,held_sport,unseen_sport__walking_hiking,history_informed,180,0.8,true,picp,"origin-within-session, session-within-user, equal-user mean",3,20260722;20260723;20260724,0.872252345085144,0.8507790565490723,0.8725805878639221,144,2063,10149,False
0.22.0,held_sport,walking_hiking,evaluation,interval,history_quantile_tcn,0.12.0,,held_sport,unseen_sport__walking_hiking,history_informed,180,0.9,false,absolute_coverage_error,"origin-within-session, session-within-user, equal-user mean",3,20260722;20260723;20260724,0.0368801116943359,0.0175367355346679,0.0395915269851684,144,2063,10149,False
0.22.0,held_sport,walking_hiking,evaluation,interval,history_quantile_tcn,0.12.0,,held_sport,unseen_sport__walking_hiking,history_informed,180,0.9,false,conformal_adjustment_bpm,"origin-within-session, session-within-user, equal-user mean",3,20260722;20260723;20260724,0.0,0.0,0.0,144,2063,10149,False
0.22.0,held_sport,walking_hiking,evaluation,interval,history_quantile_tcn,0.12.0,,held_sport,unseen_sport__walking_hiking,history_informed,180,0.9,false,mean_interval_width_bpm,"origin-within-session, session-within-user, equal-user mean",3,20260722;20260723;20260724,41.12400817871094,39.06105041503906,41.40764236450195,144,2063,10149,False
0.22.0,held_sport,walking_hiking,evaluation,interval,history_quantile_tcn,0.12.0,,held_sport,unseen_sport__walking_hiking,history_informed,180,0.9,false,picp,"origin-within-session, session-within-user, equal-user mean",3,20260722;20260723;20260724,0.936880111694336,0.917536735534668,0.9395915269851683,144,2063,10149,False
0.22.0,held_sport,walking_hiking,evaluation,interval,history_quantile_tcn,0.12.0,,held_sport,unseen_sport__walking_hiking,history_informed,180,0.9,true,absolute_coverage_error,"origin-within-session, session-within-user, equal-user mean",3,20260722;20260723;20260724,0.0368801116943359,0.0176470637321471,0.043611979484558,144,2063,10149,False
0.22.0,held_sport,walking_hiking,evaluation,interval,history_quantile_tcn,0.12.0,,held_sport,unseen_sport__walking_hiking,history_informed,180,0.9,true,conformal_adjustment_bpm,"origin-within-session, session-within-user, equal-user mean",3,20260722;20260723;20260724,0.0416717529296875,0.0,0.1041717529296875,144,2063,10149,False
0.22.0,held_sport,walking_hiking,evaluation,interval,history_quantile_tcn,0.12.0,,held_sport,unseen_sport__walking_hiking,history_informed,180,0.9,true,mean_interval_width_bpm,"origin-within-session, session-within-user, equal-user mean",3,20260722;20260723;20260724,41.12400817871094,39.14439392089844,41.61598587036133,144,2063,10149,False
0.22.0,held_sport,walking_hiking,evaluation,interval,history_quantile_tcn,0.12.0,,held_sport,unseen_sport__walking_hiking,history_informed,180,0.9,true,picp,"origin-within-session, session-within-user, equal-user mean",3,20260722;20260723;20260724,0.936880111694336,0.9176470637321472,0.943611979484558,144,2063,10149,False
0.22.0,held_sport,walking_hiking,evaluation,interval,history_quantile_tcn,0.12.0,,held_sport,unseen_sport__walking_hiking,history_informed,300,0.5,false,absolute_coverage_error,"origin-within-session, session-within-user, equal-user mean",3,20260722;20260723;20260724,0.0542213320732116,0.0369972586631774,0.0546135306358337,144,2063,10149,False
0.22.0,held_sport,walking_hiking,evaluation,interval,history_quantile_tcn,0.12.0,,held_sport,unseen_sport__walking_hiking,history_informed,300,0.5,false,conformal_adjustment_bpm,"origin-within-session, session-within-user, equal-user mean",3,20260722;20260723;20260724,0.0,0.0,0.0,144,2063,10149,False
0.22.0,held_sport,walking_hiking,evaluation,interval,history_quantile_tcn,0.12.0,,held_sport,unseen_sport__walking_hiking,history_informed,300,0.5,false,mean_interval_width_bpm,"origin-within-session, session-within-user, equal-user mean",3,20260722;20260723;20260724,16.351530075073242,16.013174057006836,16.69647216796875,144,2063,10149,False
0.22.0,held_sport,walking_hiking,evaluation,interval,history_quantile_tcn,0.12.0,,held_sport,unseen_sport__walking_hiking,history_informed,300,0.5,false,picp,"origin-within-session, session-within-user, equal-user mean",3,20260722;20260723;20260724,0.5542213320732117,0.5369972586631775,0.5546135306358337,144,2063,10149,False
0.22.0,held_sport,walking_hiking,evaluation,interval,history_quantile_tcn,0.12.0,,held_sport,unseen_sport__walking_hiking,history_informed,300,0.5,true,absolute_coverage_error,"origin-within-session, session-within-user, equal-user mean",3,20260722;20260723;20260724,0.0546135306358337,0.0369972586631774,0.0593419671058654,144,2063,10149,False
0.22.0,held_sport,walking_hiking,evaluation,interval,history_quantile_tcn,0.12.0,,held_sport,unseen_sport__walking_hiking,history_informed,300,0.5,true,conformal_adjustment_bpm,"origin-within-session, session-within-user, equal-user mean",3,20260722;20260723;20260724,0.0,0.0,0.0221405029296875,144,2063,10149,False
0.22.0,held_sport,walking_hiking,evaluation,interval,history_quantile_tcn,0.12.0,,held_sport,unseen_sport__walking_hiking,history_informed,300,0.5,true,mean_interval_width_bpm,"origin-within-session, session-within-user, equal-user mean",3,20260722;20260723;20260724,16.395811080932617,16.013174057006836,16.69647216796875,144,2063,10149,False
0.22.0,held_sport,walking_hiking,evaluation,interval,history_quantile_tcn,0.12.0,,held_sport,unseen_sport__walking_hiking,history_informed,300,0.5,true,picp,"origin-within-session, session-within-user, equal-user mean",3,20260722;20260723;20260724,0.5546135306358337,0.5369972586631775,0.5593419671058655,144,2063,10149,False
0.22.0,held_sport,walking_hiking,evaluation,interval,history_quantile_tcn,0.12.0,,held_sport,unseen_sport__walking_hiking,history_informed,300,0.8,false,absolute_coverage_error,"origin-within-session, session-within-user, equal-user mean",3,20260722;20260723;20260724,0.0636793494224547,0.0432345986366271,0.0686640262603759,144,2063,10149,False
0.22.0,held_sport,walking_hiking,evaluation,interval,history_quantile_tcn,0.12.0,,held_sport,unseen_sport__walking_hiking,history_informed,300,0.8,false,conformal_adjustment_bpm,"origin-within-session, session-within-user, equal-user mean",3,20260722;20260723;20260724,0.0,0.0,0.0,144,2063,10149,False
0.22.0,held_sport,walking_hiking,evaluation,interval,history_quantile_tcn,0.12.0,,held_sport,unseen_sport__walking_hiking,history_informed,300,0.8,false,mean_interval_width_bpm,"origin-within-session, session-within-user, equal-user mean",3,20260722;20260723;20260724,33.76173782348633,32.19906234741211,33.79368591308594,144,2063,10149,False
0.22.0,held_sport,walking_hiking,evaluation,interval,history_quantile_tcn,0.12.0,,held_sport,unseen_sport__walking_hiking,history_informed,300,0.8,false,picp,"origin-within-session, session-within-user, equal-user mean",3,20260722;20260723;20260724,0.8636793494224548,0.8432345986366272,0.868664026260376,144,2063,10149,False
0.22.0,held_sport,walking_hiking,evaluation,interval,history_quantile_tcn,0.12.0,,held_sport,unseen_sport__walking_hiking,history_informed,300,0.8,true,absolute_coverage_error,"origin-within-session, session-within-user, equal-user mean",3,20260722;20260723;20260724,0.0636793494224547,0.0432543277740478,0.0686640262603759,144,2063,10149,False
0.22.0,held_sport,walking_hiking,evaluation,interval,history_quantile_tcn,0.12.0,,held_sport,unseen_sport__walking_hiking,history_informed,300,0.8,true,conformal_adjustment_bpm,"origin-within-session, session-within-user, equal-user mean",3,20260722;20260723;20260724,0.0,0.0,0.00390625,144,2063,10149,False
0.22.0,held_sport,walking_hiking,evaluation,interval,history_quantile_tcn,0.12.0,,held_sport,unseen_sport__walking_hiking,history_informed,300,0.8,true,mean_interval_width_bpm,"origin-within-session, session-within-user, equal-user mean",3,20260722;20260723;20260724,33.76173782348633,32.20687484741211,33.79368591308594,144,2063,10149,False
0.22.0,held_sport,walking_hiking,evaluation,interval,history_quantile_tcn,0.12.0,,held_sport,unseen_sport__walking_hiking,history_informed,300,0.8,true,picp,"origin-within-session, session-within-user, equal-user mean",3,20260722;20260723;20260724,0.8636793494224548,0.8432543277740479,0.868664026260376,144,2063,10149,False
0.22.0,held_sport,walking_hiking,evaluation,interval,history_quantile_tcn,0.12.0,,held_sport,unseen_sport__walking_hiking,history_informed,300,0.9,false,absolute_coverage_error,"origin-within-session, session-within-user, equal-user mean",3,20260722;20260723;20260724,0.0351499080657958,0.0242489337921142,0.0491371512413024,144,2063,10149,False
0.22.0,held_sport,walking_hiking,evaluation,interval,history_quantile_tcn,0.12.0,,held_sport,unseen_sport__walking_hiking,history_informed,300,0.9,false,conformal_adjustment_bpm,"origin-within-session, session-within-user, equal-user mean",3,20260722;20260723;20260724,0.0,0.0,0.0,144,2063,10149,False
0.22.0,held_sport,walking_hiking,evaluation,interval,history_quantile_tcn,0.12.0,,held_sport,unseen_sport__walking_hiking,history_informed,300,0.9,false,mean_interval_width_bpm,"origin-within-session, session-within-user, equal-user mean",3,20260722;20260723;20260724,46.833309173583984,44.09277725219727,47.00791931152344,144,2063,10149,False
0.22.0,held_sport,walking_hiking,evaluation,interval,history_quantile_tcn,0.12.0,,held_sport,unseen_sport__walking_hiking,history_informed,300,0.9,false,picp,"origin-within-session, session-within-user, equal-user mean",3,20260722;20260723;20260724,0.935149908065796,0.9242489337921144,0.9491371512413024,144,2063,10149,False
0.22.0,held_sport,walking_hiking,evaluation,interval,history_quantile_tcn,0.12.0,,held_sport,unseen_sport__walking_hiking,history_informed,300,0.9,true,absolute_coverage_error,"origin-within-session, session-within-user, equal-user mean",3,20260722;20260723;20260724,0.0351499080657958,0.0245069026947021,0.0495413303375243,144,2063,10149,False
0.22.0,held_sport,walking_hiking,evaluation,interval,history_quantile_tcn,0.12.0,,held_sport,unseen_sport__walking_hiking,history_informed,300,0.9,true,conformal_adjustment_bpm,"origin-within-session, session-within-user, equal-user mean",3,20260722;20260723;20260724,0.0543365478515625,0.0,0.15625,144,2063,10149,False
0.22.0,held_sport,walking_hiking,evaluation,interval,history_quantile_tcn,0.12.0,,held_sport,unseen_sport__walking_hiking,history_informed,300,0.9,true,mean_interval_width_bpm,"origin-within-session, session-within-user, equal-user mean",3,20260722;20260723;20260724,46.94197845458984,44.40527725219727,47.00791931152344,144,2063,10149,False
0.22.0,held_sport,walking_hiking,evaluation,interval,history_quantile_tcn,0.12.0,,held_sport,unseen_sport__walking_hiking,history_informed,300,0.9,true,picp,"origin-within-session, session-within-user, equal-user mean",3,20260722;20260723;20260724,0.935149908065796,0.924506902694702,0.9495413303375244,144,2063,10149,False
0.22.0,held_sport,walking_hiking,evaluation,interval,history_quantile_tcn,0.12.0,,held_sport,unseen_sport__walking_hiking,zero_history,60,0.5,false,absolute_coverage_error,"origin-within-session, session-within-user, equal-user mean",3,20260722;20260723;20260724,0.0577883720397949,0.0573211908340454,0.0922660231590271,144,2063,10149,False
0.22.0,held_sport,walking_hiking,evaluation,interval,history_quantile_tcn,0.12.0,,held_sport,unseen_sport__walking_hiking,zero_history,60,0.5,false,conformal_adjustment_bpm,"origin-within-session, session-within-user, equal-user mean",3,20260722;20260723;20260724,0.0,0.0,0.0,144,2063,10149,False
0.22.0,held_sport,walking_hiking,evaluation,interval,history_quantile_tcn,0.12.0,,held_sport,unseen_sport__walking_hiking,zero_history,60,0.5,false,mean_interval_width_bpm,"origin-within-session, session-within-user, equal-user mean",3,20260722;20260723;20260724,10.466469764709473,10.21611213684082,11.147005081176758,144,2063,10149,False
0.22.0,held_sport,walking_hiking,evaluation,interval,history_quantile_tcn,0.12.0,,held_sport,unseen_sport__walking_hiking,zero_history,60,0.5,false,picp,"origin-within-session, session-within-user, equal-user mean",3,20260722;20260723;20260724,0.5577883720397949,0.5573211908340454,0.5922660231590271,144,2063,10149,False
0.22.0,held_sport,walking_hiking,evaluation,interval,history_quantile_tcn,0.12.0,,held_sport,unseen_sport__walking_hiking,zero_history,60,0.5,true,absolute_coverage_error,"origin-within-session, session-within-user, equal-user mean",3,20260722;20260723;20260724,0.0577883720397949,0.0573211908340454,0.0922660231590271,144,2063,10149,False
0.22.0,held_sport,walking_hiking,evaluation,interval,history_quantile_tcn,0.12.0,,held_sport,unseen_sport__walking_hiking,zero_history,60,0.5,true,conformal_adjustment_bpm,"origin-within-session, session-within-user, equal-user mean",3,20260722;20260723;20260724,0.0,0.0,0.0,144,2063,10149,False
0.22.0,held_sport,walking_hiking,evaluation,interval,history_quantile_tcn,0.12.0,,held_sport,unseen_sport__walking_hiking,zero_history,60,0.5,true,mean_interval_width_bpm,"origin-within-session, session-within-user, equal-user mean",3,20260722;20260723;20260724,10.466469764709473,10.21611213684082,11.147005081176758,144,2063,10149,False
0.22.0,held_sport,walking_hiking,evaluation,interval,history_quantile_tcn,0.12.0,,held_sport,unseen_sport__walking_hiking,zero_history,60,0.5,true,picp,"origin-within-session, session-within-user, equal-user mean",3,20260722;20260723;20260724,0.5577883720397949,0.5573211908340454,0.5922660231590271,144,2063,10149,False
0.22.0,held_sport,walking_hiking,evaluation,interval,history_quantile_tcn,0.12.0,,held_sport,unseen_sport__walking_hiking,zero_history,60,0.8,false,absolute_coverage_error,"origin-within-session, session-within-user, equal-user mean",3,20260722;20260723;20260724,0.0483058214187621,0.037171971797943,0.0614931106567382,144,2063,10149,False
0.22.0,held_sport,walking_hiking,evaluation,interval,history_quantile_tcn,0.12.0,,held_sport,unseen_sport__walking_hiking,zero_history,60,0.8,false,conformal_adjustment_bpm,"origin-within-session, session-within-user, equal-user mean",3,20260722;20260723;20260724,0.0,0.0,0.0,144,2063,10149,False
0.22.0,held_sport,walking_hiking,evaluation,interval,history_quantile_tcn,0.12.0,,held_sport,unseen_sport__walking_hiking,zero_history,60,0.8,false,mean_interval_width_bpm,"origin-within-session, session-within-user, equal-user mean",3,20260722;20260723;20260724,21.56329917907715,20.86281394958496,22.12329864501953,144,2063,10149,False
0.22.0,held_sport,walking_hiking,evaluation,interval,history_quantile_tcn,0.12.0,,held_sport,unseen_sport__walking_hiking,zero_history,60,0.8,false,picp,"origin-within-session, session-within-user, equal-user mean",3,20260722;20260723;20260724,0.8483058214187622,0.8371719717979431,0.8614931106567383,144,2063,10149,False
0.22.0,held_sport,walking_hiking,evaluation,interval,history_quantile_tcn,0.12.0,,held_sport,unseen_sport__walking_hiking,zero_history,60,0.8,true,absolute_coverage_error,"origin-within-session, session-within-user, equal-user mean",3,20260722;20260723;20260724,0.0483058214187621,0.037171971797943,0.0614931106567382,144,2063,10149,False
0.22.0,held_sport,walking_hiking,evaluation,interval,history_quantile_tcn,0.12.0,,held_sport,unseen_sport__walking_hiking,zero_history,60,0.8,true,conformal_adjustment_bpm,"origin-within-session, session-within-user, equal-user mean",3,20260722;20260723;20260724,0.0,0.0,0.0,144,2063,10149,False
0.22.0,held_sport,walking_hiking,evaluation,interval,history_quantile_tcn,0.12.0,,held_sport,unseen_sport__walking_hiking,zero_history,60,0.8,true,mean_interval_width_bpm,"origin-within-session, session-within-user, equal-user mean",3,20260722;20260723;20260724,21.56329917907715,20.86281394958496,22.12329864501953,144,2063,10149,False
0.22.0,held_sport,walking_hiking,evaluation,interval,history_quantile_tcn,0.12.0,,held_sport,unseen_sport__walking_hiking,zero_history,60,0.8,true,picp,"origin-within-session, session-within-user, equal-user mean",3,20260722;20260723;20260724,0.8483058214187622,0.8371719717979431,0.8614931106567383,144,2063,10149,False
0.22.0,held_sport,walking_hiking,evaluation,interval,history_quantile_tcn,0.12.0,,held_sport,unseen_sport__walking_hiking,zero_history,60,0.9,false,absolute_coverage_error,"origin-within-session, session-within-user, equal-user mean",3,20260722;20260723;20260724,0.0249694347381591,0.0221348166465759,0.0412460327148437,144,2063,10149,False
0.22.0,held_sport,walking_hiking,evaluation,interval,history_quantile_tcn,0.12.0,,held_sport,unseen_sport__walking_hiking,zero_history,60,0.9,false,conformal_adjustment_bpm,"origin-within-session, session-within-user, equal-user mean",3,20260722;20260723;20260724,0.0,0.0,0.0,144,2063,10149,False
0.22.0,held_sport,walking_hiking,evaluation,interval,history_quantile_tcn,0.12.0,,held_sport,unseen_sport__walking_hiking,zero_history,60,0.9,false,mean_interval_width_bpm,"origin-within-session, session-within-user, equal-user mean",3,20260722;20260723;20260724,29.61205673217773,28.35443115234375,30.33598518371582,144,2063,10149,False
0.22.0,held_sport,walking_hiking,evaluation,interval,history_quantile_tcn,0.12.0,,held_sport,unseen_sport__walking_hiking,zero_history,60,0.9,false,picp,"origin-within-session, session-within-user, equal-user mean",3,20260722;20260723;20260724,0.9249694347381592,0.922134816646576,0.9412460327148438,144,2063,10149,False
0.22.0,held_sport,walking_hiking,evaluation,interval,history_quantile_tcn,0.12.0,,held_sport,unseen_sport__walking_hiking,zero_history,60,0.9,true,absolute_coverage_error,"origin-within-session, session-within-user, equal-user mean",3,20260722;20260723;20260724,0.0249694347381591,0.0245179295539855,0.0412460327148437,144,2063,10149,False
0.22.0,held_sport,walking_hiking,evaluation,interval,history_quantile_tcn,0.12.0,,held_sport,unseen_sport__walking_hiking,zero_history,60,0.9,true,conformal_adjustment_bpm,"origin-within-session, session-within-user, equal-user mean",3,20260722;20260723;20260724,0.0,0.0,0.0789031982421875,144,2063,10149,False
0.22.0,held_sport,walking_hiking,evaluation,interval,history_quantile_tcn,0.12.0,,held_sport,unseen_sport__walking_hiking,zero_history,60,0.9,true,mean_interval_width_bpm,"origin-within-session, session-within-user, equal-user mean",3,20260722;20260723;20260724,29.61205673217773,28.51224136352539,30.33598518371582,144,2063,10149,False
0.22.0,held_sport,walking_hiking,evaluation,interval,history_quantile_tcn,0.12.0,,held_sport,unseen_sport__walking_hiking,zero_history,60,0.9,true,picp,"origin-within-session, session-within-user, equal-user mean",3,20260722;20260723;20260724,0.9249694347381592,0.9245179295539856,0.9412460327148438,144,2063,10149,False
0.22.0,held_sport,walking_hiking,evaluation,interval,history_quantile_tcn,0.12.0,,held_sport,unseen_sport__walking_hiking,zero_history,180,0.5,false,absolute_coverage_error,"origin-within-session, session-within-user, equal-user mean",3,20260722;20260723;20260724,0.0570613145828247,0.0389955043792724,0.0630642175674438,144,2063,10149,False
0.22.0,held_sport,walking_hiking,evaluation,interval,history_quantile_tcn,0.12.0,,held_sport,unseen_sport__walking_hiking,zero_history,180,0.5,false,conformal_adjustment_bpm,"origin-within-session, session-within-user, equal-user mean",3,20260722;20260723;20260724,0.0,0.0,0.0,144,2063,10149,False
0.22.0,held_sport,walking_hiking,evaluation,interval,history_quantile_tcn,0.12.0,,held_sport,unseen_sport__walking_hiking,zero_history,180,0.5,false,mean_interval_width_bpm,"origin-within-session, session-within-user, equal-user mean",3,20260722;20260723;20260724,13.90476894378662,13.557684898376465,14.39046859741211,144,2063,10149,False
0.22.0,held_sport,walking_hiking,evaluation,interval,history_quantile_tcn,0.12.0,,held_sport,unseen_sport__walking_hiking,zero_history,180,0.5,false,picp,"origin-within-session, session-within-user, equal-user mean",3,20260722;20260723;20260724,0.5570613145828247,0.5389955043792725,0.5630642175674438,144,2063,10149,False
0.22.0,held_sport,walking_hiking,evaluation,interval,history_quantile_tcn,0.12.0,,held_sport,unseen_sport__walking_hiking,zero_history,180,0.5,true,absolute_coverage_error,"origin-within-session, session-within-user, equal-user mean",3,20260722;20260723;20260724,0.0570613145828247,0.0389955043792724,0.0630642175674438,144,2063,10149,False
0.22.0,held_sport,walking_hiking,evaluation,interval,history_quantile_tcn,0.12.0,,held_sport,unseen_sport__walking_hiking,zero_history,180,0.5,true,conformal_adjustment_bpm,"origin-within-session, session-within-user, equal-user mean",3,20260722;20260723;20260724,0.0,0.0,0.0,144,2063,10149,False
0.22.0,held_sport,walking_hiking,evaluation,interval,history_quantile_tcn,0.12.0,,held_sport,unseen_sport__walking_hiking,zero_history,180,0.5,true,mean_interval_width_bpm,"origin-within-session, session-within-user, equal-user mean",3,20260722;20260723;20260724,13.90476894378662,13.557684898376465,14.39046859741211,144,2063,10149,False
0.22.0,held_sport,walking_hiking,evaluation,interval,history_quantile_tcn,0.12.0,,held_sport,unseen_sport__walking_hiking,zero_history,180,0.5,true,picp,"origin-within-session, session-within-user, equal-user mean",3,20260722;20260723;20260724,0.5570613145828247,0.5389955043792725,0.5630642175674438,144,2063,10149,False
0.22.0,held_sport,walking_hiking,evaluation,interval,history_quantile_tcn,0.12.0,,held_sport,unseen_sport__walking_hiking,zero_history,180,0.8,false,absolute_coverage_error,"origin-within-session, session-within-user, equal-user mean",3,20260722;20260723;20260724,0.0340308666229247,0.0242632746696471,0.0355993628501891,144,2063,10149,False
0.22.0,held_sport,walking_hiking,evaluation,interval,history_quantile_tcn,0.12.0,,held_sport,unseen_sport__walking_hiking,zero_history,180,0.8,false,conformal_adjustment_bpm,"origin-within-session, session-within-user, equal-user mean",3,20260722;20260723;20260724,0.0,0.0,0.0,144,2063,10149,False
0.22.0,held_sport,walking_hiking,evaluation,interval,history_quantile_tcn,0.12.0,,held_sport,unseen_sport__walking_hiking,zero_history,180,0.8,false,mean_interval_width_bpm,"origin-within-session, session-within-user, equal-user mean",3,20260722;20260723;20260724,28.084911346435547,27.6404972076416,28.91634178161621,144,2063,10149,False
0.22.0,held_sport,walking_hiking,evaluation,interval,history_quantile_tcn,0.12.0,,held_sport,unseen_sport__walking_hiking,zero_history,180,0.8,false,picp,"origin-within-session, session-within-user, equal-user mean",3,20260722;20260723;20260724,0.8340308666229248,0.8242632746696472,0.8355993628501892,144,2063,10149,False
0.22.0,held_sport,walking_hiking,evaluation,interval,history_quantile_tcn,0.12.0,,held_sport,unseen_sport__walking_hiking,zero_history,180,0.8,true,absolute_coverage_error,"origin-within-session, session-within-user, equal-user mean",3,20260722;20260723;20260724,0.0340308666229247,0.0242632746696471,0.0355993628501891,144,2063,10149,False
0.22.0,held_sport,walking_hiking,evaluation,interval,history_quantile_tcn,0.12.0,,held_sport,unseen_sport__walking_hiking,zero_history,180,0.8,true,conformal_adjustment_bpm,"origin-within-session, session-within-user, equal-user mean",3,20260722;20260723;20260724,0.0,0.0,0.0,144,2063,10149,False
0.22.0,held_sport,walking_hiking,evaluation,interval,history_quantile_tcn,0.12.0,,held_sport,unseen_sport__walking_hiking,zero_history,180,0.8,true,mean_interval_width_bpm,"origin-within-session, session-within-user, equal-user mean",3,20260722;20260723;20260724,28.084911346435547,27.6404972076416,28.91634178161621,144,2063,10149,False
0.22.0,held_sport,walking_hiking,evaluation,interval,history_quantile_tcn,0.12.0,,held_sport,unseen_sport__walking_hiking,zero_history,180,0.8,true,picp,"origin-within-session, session-within-user, equal-user mean",3,20260722;20260723;20260724,0.8340308666229248,0.8242632746696472,0.8355993628501892,144,2063,10149,False
0.22.0,held_sport,walking_hiking,evaluation,interval,history_quantile_tcn,0.12.0,,held_sport,unseen_sport__walking_hiking,zero_history,180,0.9,false,absolute_coverage_error,"origin-within-session, session-within-user, equal-user mean",3,20260722;20260723;20260724,0.019925034046173,0.0143397212028503,0.0313614964485168,144,2063,10149,False
0.22.0,held_sport,walking_hiking,evaluation,interval,history_quantile_tcn,0.12.0,,held_sport,unseen_sport__walking_hiking,zero_history,180,0.9,false,conformal_adjustment_bpm,"origin-within-session, session-within-user, equal-user mean",3,20260722;20260723;20260724,0.0,0.0,0.0,144,2063,10149,False
0.22.0,held_sport,walking_hiking,evaluation,interval,history_quantile_tcn,0.12.0,,held_sport,unseen_sport__walking_hiking,zero_history,180,0.9,false,mean_interval_width_bpm,"origin-within-session, session-within-user, equal-user mean",3,20260722;20260723;20260724,38.45837020874024,37.85959243774414,39.783729553222656,144,2063,10149,False
0.22.0,held_sport,walking_hiking,evaluation,interval,history_quantile_tcn,0.12.0,,held_sport,unseen_sport__walking_hiking,zero_history,180,0.9,false,picp,"origin-within-session, session-within-user, equal-user mean",3,20260722;20260723;20260724,0.9199250340461732,0.9143397212028505,0.9313614964485168,144,2063,10149,False
0.22.0,held_sport,walking_hiking,evaluation,interval,history_quantile_tcn,0.12.0,,held_sport,unseen_sport__walking_hiking,zero_history,180,0.9,true,absolute_coverage_error,"origin-within-session, session-within-user, equal-user mean",3,20260722;20260723;20260724,0.0237378239631652,0.0143397212028503,0.0313614964485168,144,2063,10149,False
0.22.0,held_sport,walking_hiking,evaluation,interval,history_quantile_tcn,0.12.0,,held_sport,unseen_sport__walking_hiking,zero_history,180,0.9,true,conformal_adjustment_bpm,"origin-within-session, session-within-user, equal-user mean",3,20260722;20260723;20260724,0.0,0.0,0.065338134765625,144,2063,10149,False
0.22.0,held_sport,walking_hiking,evaluation,interval,history_quantile_tcn,0.12.0,,held_sport,unseen_sport__walking_hiking,zero_history,180,0.9,true,mean_interval_width_bpm,"origin-within-session, session-within-user, equal-user mean",3,20260722;20260723;20260724,38.58904647827149,37.85959243774414,39.783729553222656,144,2063,10149,False
0.22.0,held_sport,walking_hiking,evaluation,interval,history_quantile_tcn,0.12.0,,held_sport,unseen_sport__walking_hiking,zero_history,180,0.9,true,picp,"origin-within-session, session-within-user, equal-user mean",3,20260722;20260723;20260724,0.9237378239631652,0.9143397212028505,0.9313614964485168,144,2063,10149,False
0.22.0,held_sport,walking_hiking,evaluation,interval,history_quantile_tcn,0.12.0,,held_sport,unseen_sport__walking_hiking,zero_history,300,0.5,false,absolute_coverage_error,"origin-within-session, session-within-user, equal-user mean",3,20260722;20260723;20260724,0.0240616798400878,0.0180022120475769,0.0325386524200439,144,2063,10149,False
0.22.0,held_sport,walking_hiking,evaluation,interval,history_quantile_tcn,0.12.0,,held_sport,unseen_sport__walking_hiking,zero_history,300,0.5,false,conformal_adjustment_bpm,"origin-within-session, session-within-user, equal-user mean",3,20260722;20260723;20260724,0.0,0.0,0.0,144,2063,10149,False
0.22.0,held_sport,walking_hiking,evaluation,interval,history_quantile_tcn,0.12.0,,held_sport,unseen_sport__walking_hiking,zero_history,300,0.5,false,mean_interval_width_bpm,"origin-within-session, session-within-user, equal-user mean",3,20260722;20260723;20260724,15.55582046508789,15.4322509765625,16.271291732788086,144,2063,10149,False
0.22.0,held_sport,walking_hiking,evaluation,interval,history_quantile_tcn,0.12.0,,held_sport,unseen_sport__walking_hiking,zero_history,300,0.5,false,picp,"origin-within-session, session-within-user, equal-user mean",3,20260722;20260723;20260724,0.5240616798400879,0.5180022120475769,0.532538652420044,144,2063,10149,False
0.22.0,held_sport,walking_hiking,evaluation,interval,history_quantile_tcn,0.12.0,,held_sport,unseen_sport__walking_hiking,zero_history,300,0.5,true,absolute_coverage_error,"origin-within-session, session-within-user, equal-user mean",3,20260722;20260723;20260724,0.0240616798400878,0.0180022120475769,0.0325386524200439,144,2063,10149,False
0.22.0,held_sport,walking_hiking,evaluation,interval,history_quantile_tcn,0.12.0,,held_sport,unseen_sport__walking_hiking,zero_history,300,0.5,true,conformal_adjustment_bpm,"origin-within-session, session-within-user, equal-user mean",3,20260722;20260723;20260724,0.0,0.0,0.0,144,2063,10149,False
0.22.0,held_sport,walking_hiking,evaluation,interval,history_quantile_tcn,0.12.0,,held_sport,unseen_sport__walking_hiking,zero_history,300,0.5,true,mean_interval_width_bpm,"origin-within-session, session-within-user, equal-user mean",3,20260722;20260723;20260724,15.55582046508789,15.4322509765625,16.271291732788086,144,2063,10149,False
0.22.0,held_sport,walking_hiking,evaluation,interval,history_quantile_tcn,0.12.0,,held_sport,unseen_sport__walking_hiking,zero_history,300,0.5,true,picp,"origin-within-session, session-within-user, equal-user mean",3,20260722;20260723;20260724,0.5240616798400879,0.5180022120475769,0.532538652420044,144,2063,10149,False
0.22.0,held_sport,walking_hiking,evaluation,interval,history_quantile_tcn,0.12.0,,held_sport,unseen_sport__walking_hiking,zero_history,300,0.8,false,absolute_coverage_error,"origin-within-session, session-within-user, equal-user mean",3,20260722;20260723;20260724,0.0375719785690307,0.0352129459381103,0.0419612050056457,144,2063,10149,False
0.22.0,held_sport,walking_hiking,evaluation,interval,history_quantile_tcn,0.12.0,,held_sport,unseen_sport__walking_hiking,zero_history,300,0.8,false,conformal_adjustment_bpm,"origin-within-session, session-within-user, equal-user mean",3,20260722;20260723;20260724,0.0,0.0,0.0,144,2063,10149,False
0.22.0,held_sport,walking_hiking,evaluation,interval,history_quantile_tcn,0.12.0,,held_sport,unseen_sport__walking_hiking,zero_history,300,0.8,false,mean_interval_width_bpm,"origin-within-session, session-within-user, equal-user mean",3,20260722;20260723;20260724,31.51873779296875,31.013118743896484,32.87022018432617,144,2063,10149,False
0.22.0,held_sport,walking_hiking,evaluation,interval,history_quantile_tcn,0.12.0,,held_sport,unseen_sport__walking_hiking,zero_history,300,0.8,false,picp,"origin-within-session, session-within-user, equal-user mean",3,20260722;20260723;20260724,0.8375719785690308,0.8352129459381104,0.8419612050056458,144,2063,10149,False
0.22.0,held_sport,walking_hiking,evaluation,interval,history_quantile_tcn,0.12.0,,held_sport,unseen_sport__walking_hiking,zero_history,300,0.8,true,absolute_coverage_error,"origin-within-session, session-within-user, equal-user mean",3,20260722;20260723;20260724,0.0375719785690307,0.0352129459381103,0.0419612050056457,144,2063,10149,False
0.22.0,held_sport,walking_hiking,evaluation,interval,history_quantile_tcn,0.12.0,,held_sport,unseen_sport__walking_hiking,zero_history,300,0.8,true,conformal_adjustment_bpm,"origin-within-session, session-within-user, equal-user mean",3,20260722;20260723;20260724,0.0,0.0,0.0,144,2063,10149,False
0.22.0,held_sport,walking_hiking,evaluation,interval,history_quantile_tcn,0.12.0,,held_sport,unseen_sport__walking_hiking,zero_history,300,0.8,true,mean_interval_width_bpm,"origin-within-session, session-within-user, equal-user mean",3,20260722;20260723;20260724,31.51873779296875,31.013118743896484,32.87022018432617,144,2063,10149,False
0.22.0,held_sport,walking_hiking,evaluation,interval,history_quantile_tcn,0.12.0,,held_sport,unseen_sport__walking_hiking,zero_history,300,0.8,true,picp,"origin-within-session, session-within-user, equal-user mean",3,20260722;20260723;20260724,0.8375719785690308,0.8352129459381104,0.8419612050056458,144,2063,10149,False
0.22.0,held_sport,walking_hiking,evaluation,interval,history_quantile_tcn,0.12.0,,held_sport,unseen_sport__walking_hiking,zero_history,300,0.9,false,absolute_coverage_error,"origin-within-session, session-within-user, equal-user mean",3,20260722;20260723;20260724,0.020313537120819,0.0108967185020446,0.027327275276184,144,2063,10149,False
0.22.0,held_sport,walking_hiking,evaluation,interval,history_quantile_tcn,0.12.0,,held_sport,unseen_sport__walking_hiking,zero_history,300,0.9,false,conformal_adjustment_bpm,"origin-within-session, session-within-user, equal-user mean",3,20260722;20260723;20260724,0.0,0.0,0.0,144,2063,10149,False
0.22.0,held_sport,walking_hiking,evaluation,interval,history_quantile_tcn,0.12.0,,held_sport,unseen_sport__walking_hiking,zero_history,300,0.9,false,mean_interval_width_bpm,"origin-within-session, session-within-user, equal-user mean",3,20260722;20260723;20260724,43.18791961669922,42.65763854980469,45.787384033203125,144,2063,10149,False
0.22.0,held_sport,walking_hiking,evaluation,interval,history_quantile_tcn,0.12.0,,held_sport,unseen_sport__walking_hiking,zero_history,300,0.9,false,picp,"origin-within-session, session-within-user, equal-user mean",3,20260722;20260723;20260724,0.9203135371208192,0.9108967185020448,0.927327275276184,144,2063,10149,False
0.22.0,held_sport,walking_hiking,evaluation,interval,history_quantile_tcn,0.12.0,,held_sport,unseen_sport__walking_hiking,zero_history,300,0.9,true,absolute_coverage_error,"origin-within-session, session-within-user, equal-user mean",3,20260722;20260723;20260724,0.020313537120819,0.0108967185020446,0.027327275276184,144,2063,10149,False
0.22.0,held_sport,walking_hiking,evaluation,interval,history_quantile_tcn,0.12.0,,held_sport,unseen_sport__walking_hiking,zero_history,300,0.9,true,conformal_adjustment_bpm,"origin-within-session, session-within-user, equal-user mean",3,20260722;20260723;20260724,0.0,0.0,0.0,144,2063,10149,False
0.22.0,held_sport,walking_hiking,evaluation,interval,history_quantile_tcn,0.12.0,,held_sport,unseen_sport__walking_hiking,zero_history,300,0.9,true,mean_interval_width_bpm,"origin-within-session, session-within-user, equal-user mean",3,20260722;20260723;20260724,43.18791961669922,42.65763854980469,45.787384033203125,144,2063,10149,False
0.22.0,held_sport,walking_hiking,evaluation,interval,history_quantile_tcn,0.12.0,,held_sport,unseen_sport__walking_hiking,zero_history,300,0.9,true,picp,"origin-within-session, session-within-user, equal-user mean",3,20260722;20260723;20260724,0.9203135371208192,0.9108967185020448,0.927327275276184,144,2063,10149,False
0.22.0,held_sport,walking_hiking,evaluation,point,history_quantile_tcn,0.12.0,,held_sport,joint_user_sport__walking_hiking,history_informed,60,,,bias_bpm,"origin-within-session, session-within-user, equal-user mean",3,20260722;20260723;20260724,1.3698989152908323,1.0115169286727903,1.6666239500045776,19,96,428,False
0.22.0,held_sport,walking_hiking,evaluation,point,history_quantile_tcn,0.12.0,,held_sport,joint_user_sport__walking_hiking,history_informed,60,,,mae_bpm,"origin-within-session, session-within-user, equal-user mean",3,20260722;20260723;20260724,6.5010294914245605,6.416471481323242,6.5199408531188965,19,96,428,False
0.22.0,held_sport,walking_hiking,evaluation,point,history_quantile_tcn,0.12.0,,held_sport,joint_user_sport__walking_hiking,history_informed,60,,,rmse_bpm,"origin-within-session, session-within-user, equal-user mean",3,20260722;20260723;20260724,7.584990501403809,7.5813446044921875,7.688309669494629,19,96,428,False
0.22.0,held_sport,walking_hiking,evaluation,point,history_quantile_tcn,0.12.0,,held_sport,joint_user_sport__walking_hiking,history_informed,180,,,bias_bpm,"origin-within-session, session-within-user, equal-user mean",3,20260722;20260723;20260724,0.8186739087104797,0.764228105545044,1.4728178977966309,19,96,428,False
0.22.0,held_sport,walking_hiking,evaluation,point,history_quantile_tcn,0.12.0,,held_sport,joint_user_sport__walking_hiking,history_informed,180,,,mae_bpm,"origin-within-session, session-within-user, equal-user mean",3,20260722;20260723;20260724,7.252436637878418,7.11703634262085,7.422905445098877,19,96,428,False
0.22.0,held_sport,walking_hiking,evaluation,point,history_quantile_tcn,0.12.0,,held_sport,joint_user_sport__walking_hiking,history_informed,180,,,rmse_bpm,"origin-within-session, session-within-user, equal-user mean",3,20260722;20260723;20260724,8.491086959838867,8.391843795776367,8.58895206451416,19,96,428,False
0.22.0,held_sport,walking_hiking,evaluation,point,history_quantile_tcn,0.12.0,,held_sport,joint_user_sport__walking_hiking,history_informed,300,,,bias_bpm,"origin-within-session, session-within-user, equal-user mean",3,20260722;20260723;20260724,2.5626840591430664,2.278118848800659,3.512038469314575,19,96,428,False
0.22.0,held_sport,walking_hiking,evaluation,point,history_quantile_tcn,0.12.0,,held_sport,joint_user_sport__walking_hiking,history_informed,300,,,mae_bpm,"origin-within-session, session-within-user, equal-user mean",3,20260722;20260723;20260724,8.842240333557129,8.70129680633545,8.976508140563965,19,96,428,False
0.22.0,held_sport,walking_hiking,evaluation,point,history_quantile_tcn,0.12.0,,held_sport,joint_user_sport__walking_hiking,history_informed,300,,,rmse_bpm,"origin-within-session, session-within-user, equal-user mean",3,20260722;20260723;20260724,9.978224754333496,9.85873317718506,10.137511253356934,19,96,428,False
0.22.0,held_sport,walking_hiking,evaluation,point,history_quantile_tcn,0.12.0,,held_sport,joint_user_sport__walking_hiking,zero_history,60,,,bias_bpm,"origin-within-session, session-within-user, equal-user mean",3,20260722;20260723;20260724,1.638078212738037,1.4994169473648071,1.8228970766067505,19,96,428,False
0.22.0,held_sport,walking_hiking,evaluation,point,history_quantile_tcn,0.12.0,,held_sport,joint_user_sport__walking_hiking,zero_history,60,,,mae_bpm,"origin-within-session, session-within-user, equal-user mean",3,20260722;20260723;20260724,6.524622917175293,6.471726417541504,6.537179946899414,19,96,428,False
0.22.0,held_sport,walking_hiking,evaluation,point,history_quantile_tcn,0.12.0,,held_sport,joint_user_sport__walking_hiking,zero_history,60,,,rmse_bpm,"origin-within-session, session-within-user, equal-user mean",3,20260722;20260723;20260724,7.607297420501709,7.605318546295166,7.706516265869141,19,96,428,False
0.22.0,held_sport,walking_hiking,evaluation,point,history_quantile_tcn,0.12.0,,held_sport,joint_user_sport__walking_hiking,zero_history,180,,,bias_bpm,"origin-within-session, session-within-user, equal-user mean",3,20260722;20260723;20260724,1.7298252582550049,1.552115559577942,2.040476560592652,19,96,428,False
0.22.0,held_sport,walking_hiking,evaluation,point,history_quantile_tcn,0.12.0,,held_sport,joint_user_sport__walking_hiking,zero_history,180,,,mae_bpm,"origin-within-session, session-within-user, equal-user mean",3,20260722;20260723;20260724,7.4427618980407715,7.40289306640625,7.584080696105957,19,96,428,False
0.22.0,held_sport,walking_hiking,evaluation,point,history_quantile_tcn,0.12.0,,held_sport,joint_user_sport__walking_hiking,zero_history,180,,,rmse_bpm,"origin-within-session, session-within-user, equal-user mean",3,20260722;20260723;20260724,8.675054550170898,8.649380683898926,8.801953315734863,19,96,428,False
0.22.0,held_sport,walking_hiking,evaluation,point,history_quantile_tcn,0.12.0,,held_sport,joint_user_sport__walking_hiking,zero_history,300,,,bias_bpm,"origin-within-session, session-within-user, equal-user mean",3,20260722;20260723;20260724,3.310384750366211,3.286161422729492,4.215262413024902,19,96,428,False
0.22.0,held_sport,walking_hiking,evaluation,point,history_quantile_tcn,0.12.0,,held_sport,joint_user_sport__walking_hiking,zero_history,300,,,mae_bpm,"origin-within-session, session-within-user, equal-user mean",3,20260722;20260723;20260724,9.21511173248291,8.835224151611328,9.402748107910156,19,96,428,False
0.22.0,held_sport,walking_hiking,evaluation,point,history_quantile_tcn,0.12.0,,held_sport,joint_user_sport__walking_hiking,zero_history,300,,,rmse_bpm,"origin-within-session, session-within-user, equal-user mean",3,20260722;20260723;20260724,10.38106918334961,10.013409614562988,10.617352485656738,19,96,428,False
0.22.0,held_sport,walking_hiking,evaluation,point,history_quantile_tcn,0.12.0,,held_sport,unseen_sport__walking_hiking,history_informed,60,,,bias_bpm,"origin-within-session, session-within-user, equal-user mean",3,20260722;20260723;20260724,0.8054450750350952,0.5020445585250854,0.8719708919525146,144,2063,10149,False
0.22.0,held_sport,walking_hiking,evaluation,point,history_quantile_tcn,0.12.0,,held_sport,unseen_sport__walking_hiking,history_informed,60,,,mae_bpm,"origin-within-session, session-within-user, equal-user mean",3,20260722;20260723;20260724,5.602084636688232,5.598659038543701,5.612342834472656,144,2063,10149,False
0.22.0,held_sport,walking_hiking,evaluation,point,history_quantile_tcn,0.12.0,,held_sport,unseen_sport__walking_hiking,history_informed,60,,,rmse_bpm,"origin-within-session, session-within-user, equal-user mean",3,20260722;20260723;20260724,6.69806718826294,6.696449279785156,6.744788646697998,144,2063,10149,False
0.22.0,held_sport,walking_hiking,evaluation,point,history_quantile_tcn,0.12.0,,held_sport,unseen_sport__walking_hiking,history_informed,180,,,bias_bpm,"origin-within-session, session-within-user, equal-user mean",3,20260722;20260723;20260724,1.3800615072250366,1.3262070417404177,1.6863088607788086,144,2063,10149,False
0.22.0,held_sport,walking_hiking,evaluation,point,history_quantile_tcn,0.12.0,,held_sport,unseen_sport__walking_hiking,history_informed,180,,,mae_bpm,"origin-within-session, session-within-user, equal-user mean",3,20260722;20260723;20260724,7.730978965759277,7.724746704101562,7.778849124908447,144,2063,10149,False
0.22.0,held_sport,walking_hiking,evaluation,point,history_quantile_tcn,0.12.0,,held_sport,unseen_sport__walking_hiking,history_informed,180,,,rmse_bpm,"origin-within-session, session-within-user, equal-user mean",3,20260722;20260723;20260724,9.026045799255373,8.97324275970459,9.105201721191406,144,2063,10149,False
0.22.0,held_sport,walking_hiking,evaluation,point,history_quantile_tcn,0.12.0,,held_sport,unseen_sport__walking_hiking,history_informed,300,,,bias_bpm,"origin-within-session, session-within-user, equal-user mean",3,20260722;20260723;20260724,2.0859341621398926,2.0054500102996826,2.789946317672729,144,2063,10149,False
0.22.0,held_sport,walking_hiking,evaluation,point,history_quantile_tcn,0.12.0,,held_sport,unseen_sport__walking_hiking,history_informed,300,,,mae_bpm,"origin-within-session, session-within-user, equal-user mean",3,20260722;20260723;20260724,8.68795108795166,8.543691635131836,8.862936973571777,144,2063,10149,False
0.22.0,held_sport,walking_hiking,evaluation,point,history_quantile_tcn,0.12.0,,held_sport,unseen_sport__walking_hiking,history_informed,300,,,rmse_bpm,"origin-within-session, session-within-user, equal-user mean",3,20260722;20260723;20260724,9.98603630065918,9.80653190612793,10.128772735595703,144,2063,10149,False
0.22.0,held_sport,walking_hiking,evaluation,point,history_quantile_tcn,0.12.0,,held_sport,unseen_sport__walking_hiking,zero_history,60,,,bias_bpm,"origin-within-session, session-within-user, equal-user mean",3,20260722;20260723;20260724,1.0624992847442627,1.0371509790420532,1.1182979345321655,144,2063,10149,False
0.22.0,held_sport,walking_hiking,evaluation,point,history_quantile_tcn,0.12.0,,held_sport,unseen_sport__walking_hiking,zero_history,60,,,mae_bpm,"origin-within-session, session-within-user, equal-user mean",3,20260722;20260723;20260724,5.704274654388428,5.69562578201294,5.72057580947876,144,2063,10149,False
0.22.0,held_sport,walking_hiking,evaluation,point,history_quantile_tcn,0.12.0,,held_sport,unseen_sport__walking_hiking,zero_history,60,,,rmse_bpm,"origin-within-session, session-within-user, equal-user mean",3,20260722;20260723;20260724,6.792087078094482,6.783669471740723,6.848756790161133,144,2063,10149,False
0.22.0,held_sport,walking_hiking,evaluation,point,history_quantile_tcn,0.12.0,,held_sport,unseen_sport__walking_hiking,zero_history,180,,,bias_bpm,"origin-within-session, session-within-user, equal-user mean",3,20260722;20260723;20260724,2.287092447280884,2.107971668243408,2.313627004623413,144,2063,10149,False
0.22.0,held_sport,walking_hiking,evaluation,point,history_quantile_tcn,0.12.0,,held_sport,unseen_sport__walking_hiking,zero_history,180,,,mae_bpm,"origin-within-session, session-within-user, equal-user mean",3,20260722;20260723;20260724,7.913915157318115,7.856247901916504,7.974648475646973,144,2063,10149,False
0.22.0,held_sport,walking_hiking,evaluation,point,history_quantile_tcn,0.12.0,,held_sport,unseen_sport__walking_hiking,zero_history,180,,,rmse_bpm,"origin-within-session, session-within-user, equal-user mean",3,20260722;20260723;20260724,9.206839561462402,9.174260139465332,9.32471752166748,144,2063,10149,False
0.22.0,held_sport,walking_hiking,evaluation,point,history_quantile_tcn,0.12.0,,held_sport,unseen_sport__walking_hiking,zero_history,300,,,bias_bpm,"origin-within-session, session-within-user, equal-user mean",3,20260722;20260723;20260724,2.936960458755493,2.8467493057250977,3.523829221725464,144,2063,10149,False
0.22.0,held_sport,walking_hiking,evaluation,point,history_quantile_tcn,0.12.0,,held_sport,unseen_sport__walking_hiking,zero_history,300,,,mae_bpm,"origin-within-session, session-within-user, equal-user mean",3,20260722;20260723;20260724,8.883514404296875,8.664077758789062,9.04391860961914,144,2063,10149,False
0.22.0,held_sport,walking_hiking,evaluation,point,history_quantile_tcn,0.12.0,,held_sport,unseen_sport__walking_hiking,zero_history,300,,,rmse_bpm,"origin-within-session, session-within-user, equal-user mean",3,20260722;20260723;20260724,10.228378295898438,9.960501670837402,10.36771011352539,144,2063,10149,False
0.22.0,temporal_gru,,evaluation,point,gru,0.22.0,0.22.0,strict_temporal_train,within_user_temporal_test,not_applicable,60,,,bias_bpm,"origin-within-session, session-within-user, equal-user mean",3,20260722;20260723;20260724,0.3910257518291473,0.3028628230094909,0.4255949854850769,948,16012,104144,False
0.22.0,temporal_gru,,evaluation,point,gru,0.22.0,0.22.0,strict_temporal_train,within_user_temporal_test,not_applicable,60,,,mae_bpm,"origin-within-session, session-within-user, equal-user mean",3,20260722;20260723;20260724,6.053791522979736,6.04792594909668,6.081608772277832,948,16012,104144,False
0.22.0,temporal_gru,,evaluation,point,gru,0.22.0,0.22.0,strict_temporal_train,within_user_temporal_test,not_applicable,60,,,rmse_bpm,"origin-within-session, session-within-user, equal-user mean",3,20260722;20260723;20260724,7.343711853027344,7.338646411895752,7.366726875305176,948,16012,104144,False
0.22.0,temporal_gru,,evaluation,point,gru,0.22.0,0.22.0,strict_temporal_train,within_user_temporal_test,not_applicable,180,,,bias_bpm,"origin-within-session, session-within-user, equal-user mean",3,20260722;20260723;20260724,0.4050781726837158,0.3503178358078003,0.4585112333297729,948,16012,104144,False
0.22.0,temporal_gru,,evaluation,point,gru,0.22.0,0.22.0,strict_temporal_train,within_user_temporal_test,not_applicable,180,,,mae_bpm,"origin-within-session, session-within-user, equal-user mean",3,20260722;20260723;20260724,7.580774307250977,7.579984188079834,7.588141918182373,948,16012,104144,False
0.22.0,temporal_gru,,evaluation,point,gru,0.22.0,0.22.0,strict_temporal_train,within_user_temporal_test,not_applicable,180,,,rmse_bpm,"origin-within-session, session-within-user, equal-user mean",3,20260722;20260723;20260724,9.158456802368164,9.152562141418455,9.164922714233398,948,16012,104144,False
0.22.0,temporal_gru,,evaluation,point,gru,0.22.0,0.22.0,strict_temporal_train,within_user_temporal_test,not_applicable,300,,,bias_bpm,"origin-within-session, session-within-user, equal-user mean",3,20260722;20260723;20260724,0.5818696618080139,0.5256245136260986,0.6042537689208984,948,16012,104144,False
0.22.0,temporal_gru,,evaluation,point,gru,0.22.0,0.22.0,strict_temporal_train,within_user_temporal_test,not_applicable,300,,,mae_bpm,"origin-within-session, session-within-user, equal-user mean",3,20260722;20260723;20260724,8.299965858459473,8.294050216674805,8.306465148925781,948,16012,104144,False
0.22.0,temporal_gru,,evaluation,point,gru,0.22.0,0.22.0,strict_temporal_train,within_user_temporal_test,not_applicable,300,,,rmse_bpm,"origin-within-session, session-within-user, equal-user mean",3,20260722;20260723;20260724,9.92806911468506,9.923133850097656,9.935640335083008,948,16012,104144,False
0.22.0,temporal_main,,evaluation,interval,history_quantile_tcn,0.13.0,,temporal_main,within_user_temporal_test,history_informed,60,0.5,false,absolute_coverage_error,"origin-within-session, session-within-user, equal-user mean",5,20260722;20260723;20260724;20260725;20260726,0.0138212442398071,0.0083623826503753,0.0211254656314849,948,16012,104144,False
0.22.0,temporal_main,,evaluation,interval,history_quantile_tcn,0.13.0,,temporal_main,within_user_temporal_test,history_informed,60,0.5,false,conformal_adjustment_bpm,"origin-within-session, session-within-user, equal-user mean",5,20260722;20260723;20260724;20260725;20260726,0.0,0.0,0.0,948,16012,104144,False
0.22.0,temporal_main,,evaluation,interval,history_quantile_tcn,0.13.0,,temporal_main,within_user_temporal_test,history_informed,60,0.5,false,mean_interval_width_bpm,"origin-within-session, session-within-user, equal-user mean",5,20260722;20260723;20260724;20260725;20260726,9.238177299499512,9.16978645324707,9.329548835754396,948,16012,104144,False
0.22.0,temporal_main,,evaluation,interval,history_quantile_tcn,0.13.0,,temporal_main,within_user_temporal_test,history_informed,60,0.5,false,picp,"origin-within-session, session-within-user, equal-user mean",5,20260722;20260723;20260724;20260725;20260726,0.4861787557601928,0.478874534368515,0.4916376173496246,948,16012,104144,False
0.22.0,temporal_main,,evaluation,interval,history_quantile_tcn,0.13.0,,temporal_main,within_user_temporal_test,history_informed,60,0.5,true,absolute_coverage_error,"origin-within-session, session-within-user, equal-user mean",5,20260722;20260723;20260724;20260725;20260726,0.0061639845371246,0.0058477520942687,0.0088235139846801,948,16012,104144,False
0.22.0,temporal_main,,evaluation,interval,history_quantile_tcn,0.13.0,,temporal_main,within_user_temporal_test,history_informed,60,0.5,true,conformal_adjustment_bpm,"origin-within-session, session-within-user, equal-user mean",5,20260722;20260723;20260724;20260725;20260726,0.048828125,0.015625,0.0911407470703125,948,16012,104144,False
0.22.0,temporal_main,,evaluation,interval,history_quantile_tcn,0.13.0,,temporal_main,within_user_temporal_test,history_informed,60,0.5,true,mean_interval_width_bpm,"origin-within-session, session-within-user, equal-user mean",5,20260722;20260723;20260724;20260725;20260726,9.342828750610352,9.28989315032959,9.364911079406738,948,16012,104144,False
0.22.0,temporal_main,,evaluation,interval,history_quantile_tcn,0.13.0,,temporal_main,within_user_temporal_test,history_informed,60,0.5,true,picp,"origin-within-session, session-within-user, equal-user mean",5,20260722;20260723;20260724;20260725;20260726,0.4938360154628753,0.4911764860153198,0.4941522479057312,948,16012,104144,False
0.22.0,temporal_main,,evaluation,interval,history_quantile_tcn,0.13.0,,temporal_main,within_user_temporal_test,history_informed,60,0.8,false,absolute_coverage_error,"origin-within-session, session-within-user, equal-user mean",5,20260722;20260723;20260724;20260725;20260726,0.0106528878211975,0.0084035277366638,0.0136294841766357,948,16012,104144,False
0.22.0,temporal_main,,evaluation,interval,history_quantile_tcn,0.13.0,,temporal_main,within_user_temporal_test,history_informed,60,0.8,false,conformal_adjustment_bpm,"origin-within-session, session-within-user, equal-user mean",5,20260722;20260723;20260724;20260725;20260726,0.0,0.0,0.0,948,16012,104144,False
0.22.0,temporal_main,,evaluation,interval,history_quantile_tcn,0.13.0,,temporal_main,within_user_temporal_test,history_informed,60,0.8,false,mean_interval_width_bpm,"origin-within-session, session-within-user, equal-user mean",5,20260722;20260723;20260724;20260725;20260726,18.331077575683597,18.25466537475586,18.36785888671875,948,16012,104144,False
0.22.0,temporal_main,,evaluation,interval,history_quantile_tcn,0.13.0,,temporal_main,within_user_temporal_test,history_informed,60,0.8,false,picp,"origin-within-session, session-within-user, equal-user mean",5,20260722;20260723;20260724;20260725;20260726,0.7893471121788025,0.7863705158233643,0.7915964722633362,948,16012,104144,False
0.22.0,temporal_main,,evaluation,interval,history_quantile_tcn,0.13.0,,temporal_main,within_user_temporal_test,history_informed,60,0.8,true,absolute_coverage_error,"origin-within-session, session-within-user, equal-user mean",5,20260722;20260723;20260724;20260725;20260726,0.0040126919746399,0.0011174559593201,0.0055774927139282,948,16012,104144,False
0.22.0,temporal_main,,evaluation,interval,history_quantile_tcn,0.13.0,,temporal_main,within_user_temporal_test,history_informed,60,0.8,true,conformal_adjustment_bpm,"origin-within-session, session-within-user, equal-user mean",5,20260722;20260723;20260724;20260725;20260726,0.09375,0.0859375,0.1961822509765625,948,16012,104144,False
0.22.0,temporal_main,,evaluation,interval,history_quantile_tcn,0.13.0,,temporal_main,within_user_temporal_test,history_informed,60,0.8,true,mean_interval_width_bpm,"origin-within-session, session-within-user, equal-user mean",5,20260722;20260723;20260724;20260725;20260726,18.53965187072754,18.51484680175781,18.646875381469727,948,16012,104144,False
0.22.0,temporal_main,,evaluation,interval,history_quantile_tcn,0.13.0,,temporal_main,within_user_temporal_test,history_informed,60,0.8,true,picp,"origin-within-session, session-within-user, equal-user mean",5,20260722;20260723;20260724;20260725;20260726,0.7959873080253601,0.7944225072860718,0.7988825440406799,948,16012,104144,False
0.22.0,temporal_main,,evaluation,interval,history_quantile_tcn,0.13.0,,temporal_main,within_user_temporal_test,history_informed,60,0.9,false,absolute_coverage_error,"origin-within-session, session-within-user, equal-user mean",5,20260722;20260723;20260724;20260725;20260726,0.0067122220993042,0.0054213643074035,0.0088734269142151,948,16012,104144,False
0.22.0,temporal_main,,evaluation,interval,history_quantile_tcn,0.13.0,,temporal_main,within_user_temporal_test,history_informed,60,0.9,false,conformal_adjustment_bpm,"origin-within-session, session-within-user, equal-user mean",5,20260722;20260723;20260724;20260725;20260726,0.0,0.0,0.0,948,16012,104144,False
0.22.0,temporal_main,,evaluation,interval,history_quantile_tcn,0.13.0,,temporal_main,within_user_temporal_test,history_informed,60,0.9,false,mean_interval_width_bpm,"origin-within-session, session-within-user, equal-user mean",5,20260722;20260723;20260724;20260725;20260726,24.57497215270996,24.480676651000977,24.622577667236328,948,16012,104144,False
0.22.0,temporal_main,,evaluation,interval,history_quantile_tcn,0.13.0,,temporal_main,within_user_temporal_test,history_informed,60,0.9,false,picp,"origin-within-session, session-within-user, equal-user mean",5,20260722;20260723;20260724;20260725;20260726,0.8932877779006958,0.8911265730857849,0.8945786356925964,948,16012,104144,False
0.22.0,temporal_main,,evaluation,interval,history_quantile_tcn,0.13.0,,temporal_main,within_user_temporal_test,history_informed,60,0.9,true,absolute_coverage_error,"origin-within-session, session-within-user, equal-user mean",5,20260722;20260723;20260724;20260725;20260726,0.0036022305488586,0.0007293462753296,0.0052418351173401,948,16012,104144,False
0.22.0,temporal_main,,evaluation,interval,history_quantile_tcn,0.13.0,,temporal_main,within_user_temporal_test,history_informed,60,0.9,true,conformal_adjustment_bpm,"origin-within-session, session-within-user, equal-user mean",5,20260722;20260723;20260724;20260725;20260726,0.1015625,0.05859375,0.2196502685546875,948,16012,104144,False
0.22.0,temporal_main,,evaluation,interval,history_quantile_tcn,0.13.0,,temporal_main,within_user_temporal_test,history_informed,60,0.9,true,mean_interval_width_bpm,"origin-within-session, session-within-user, equal-user mean",5,20260722;20260723;20260724;20260725;20260726,24.767953872680664,24.739669799804688,24.91962432861328,948,16012,104144,False
0.22.0,temporal_main,,evaluation,interval,history_quantile_tcn,0.13.0,,temporal_main,within_user_temporal_test,history_informed,60,0.9,true,picp,"origin-within-session, session-within-user, equal-user mean",5,20260722;20260723;20260724;20260725;20260726,0.8963977694511414,0.8947581648826599,0.8992706537246704,948,16012,104144,False
0.22.0,temporal_main,,evaluation,interval,history_quantile_tcn,0.13.0,,temporal_main,within_user_temporal_test,history_informed,180,0.5,false,absolute_coverage_error,"origin-within-session, session-within-user, equal-user mean",5,20260722;20260723;20260724;20260725;20260726,0.0080550014972686,0.004701942205429,0.0146757960319519,948,16012,104144,False
0.22.0,temporal_main,,evaluation,interval,history_quantile_tcn,0.13.0,,temporal_main,within_user_temporal_test,history_informed,180,0.5,false,conformal_adjustment_bpm,"origin-within-session, session-within-user, equal-user mean",5,20260722;20260723;20260724;20260725;20260726,0.0,0.0,0.0,948,16012,104144,False
0.22.0,temporal_main,,evaluation,interval,history_quantile_tcn,0.13.0,,temporal_main,within_user_temporal_test,history_informed,180,0.5,false,mean_interval_width_bpm,"origin-within-session, session-within-user, equal-user mean",5,20260722;20260723;20260724;20260725;20260726,11.545016288757324,11.47217082977295,11.59279441833496,948,16012,104144,False
0.22.0,temporal_main,,evaluation,interval,history_quantile_tcn,0.13.0,,temporal_main,within_user_temporal_test,history_informed,180,0.5,false,picp,"origin-within-session, session-within-user, equal-user mean",5,20260722;20260723;20260724;20260725;20260726,0.4919449985027313,0.4853242039680481,0.4952980577945709,948,16012,104144,False
0.22.0,temporal_main,,evaluation,interval,history_quantile_tcn,0.13.0,,temporal_main,within_user_temporal_test,history_informed,180,0.5,true,absolute_coverage_error,"origin-within-session, session-within-user, equal-user mean",5,20260722;20260723;20260724;20260725;20260726,0.0080550014972686,0.0038029253482818,0.0127287209033966,948,16012,104144,False
0.22.0,temporal_main,,evaluation,interval,history_quantile_tcn,0.13.0,,temporal_main,within_user_temporal_test,history_informed,180,0.5,true,conformal_adjustment_bpm,"origin-within-session, session-within-user, equal-user mean",5,20260722;20260723;20260724;20260725;20260726,0.01171875,0.0,0.023834228515625,948,16012,104144,False
0.22.0,temporal_main,,evaluation,interval,history_quantile_tcn,0.13.0,,temporal_main,within_user_temporal_test,history_informed,180,0.5,true,mean_interval_width_bpm,"origin-within-session, session-within-user, equal-user mean",5,20260722;20260723;20260724;20260725;20260726,11.57626247406006,11.491029739379885,11.616229057312012,948,16012,104144,False
0.22.0,temporal_main,,evaluation,interval,history_quantile_tcn,0.13.0,,temporal_main,within_user_temporal_test,history_informed,180,0.5,true,picp,"origin-within-session, session-within-user, equal-user mean",5,20260722;20260723;20260724;20260725;20260726,0.4919449985027313,0.4872712790966034,0.4961970746517181,948,16012,104144,False
0.22.0,temporal_main,,evaluation,interval,history_quantile_tcn,0.13.0,,temporal_main,within_user_temporal_test,history_informed,180,0.8,false,absolute_coverage_error,"origin-within-session, session-within-user, equal-user mean",5,20260722;20260723;20260724;20260725;20260726,0.0091603875160217,0.0049826979637146,0.0121322154998779,948,16012,104144,False
0.22.0,temporal_main,,evaluation,interval,history_quantile_tcn,0.13.0,,temporal_main,within_user_temporal_test,history_informed,180,0.8,false,conformal_adjustment_bpm,"origin-within-session, session-within-user, equal-user mean",5,20260722;20260723;20260724;20260725;20260726,0.0,0.0,0.0,948,16012,104144,False
0.22.0,temporal_main,,evaluation,interval,history_quantile_tcn,0.13.0,,temporal_main,within_user_temporal_test,history_informed,180,0.8,false,mean_interval_width_bpm,"origin-within-session, session-within-user, equal-user mean",5,20260722;20260723;20260724;20260725;20260726,22.968664169311523,22.9416618347168,23.03678703308105,948,16012,104144,False
0.22.0,temporal_main,,evaluation,interval,history_quantile_tcn,0.13.0,,temporal_main,within_user_temporal_test,history_informed,180,0.8,false,picp,"origin-within-session, session-within-user, equal-user mean",5,20260722;20260723;20260724;20260725;20260726,0.7908396124839783,0.7878677845001221,0.7950173020362854,948,16012,104144,False
0.22.0,temporal_main,,evaluation,interval,history_quantile_tcn,0.13.0,,temporal_main,within_user_temporal_test,history_informed,180,0.8,true,absolute_coverage_error,"origin-within-session, session-within-user, equal-user mean",5,20260722;20260723;20260724;20260725;20260726,0.006153392791748,0.0041059136390686,0.0087242007255554,948,16012,104144,False
0.22.0,temporal_main,,evaluation,interval,history_quantile_tcn,0.13.0,,temporal_main,within_user_temporal_test,history_informed,180,0.8,true,conformal_adjustment_bpm,"origin-within-session, session-within-user, equal-user mean",5,20260722;20260723;20260724;20260725;20260726,0.0390625,0.0164031982421875,0.075775146484375,948,16012,104144,False
0.22.0,temporal_main,,evaluation,interval,history_quantile_tcn,0.13.0,,temporal_main,within_user_temporal_test,history_informed,180,0.8,true,mean_interval_width_bpm,"origin-within-session, session-within-user, equal-user mean",5,20260722;20260723;20260724;20260725;20260726,23.069583892822266,23.019420623779297,23.157581329345703,948,16012,104144,False
0.22.0,temporal_main,,evaluation,interval,history_quantile_tcn,0.13.0,,temporal_main,within_user_temporal_test,history_informed,180,0.8,true,picp,"origin-within-session, session-within-user, equal-user mean",5,20260722;20260723;20260724;20260725;20260726,0.793846607208252,0.7912757992744446,0.7958940863609314,948,16012,104144,False
0.22.0,temporal_main,,evaluation,interval,history_quantile_tcn,0.13.0,,temporal_main,within_user_temporal_test,history_informed,180,0.9,false,absolute_coverage_error,"origin-within-session, session-within-user, equal-user mean",5,20260722;20260723;20260724;20260725;20260726,0.0050175428390503,0.0045659780502319,0.0065673828125,948,16012,104144,False
0.22.0,temporal_main,,evaluation,interval,history_quantile_tcn,0.13.0,,temporal_main,within_user_temporal_test,history_informed,180,0.9,false,conformal_adjustment_bpm,"origin-within-session, session-within-user, equal-user mean",5,20260722;20260723;20260724;20260725;20260726,0.0,0.0,0.0,948,16012,104144,False
0.22.0,temporal_main,,evaluation,interval,history_quantile_tcn,0.13.0,,temporal_main,within_user_temporal_test,history_informed,180,0.9,false,mean_interval_width_bpm,"origin-within-session, session-within-user, equal-user mean",5,20260722;20260723;20260724;20260725;20260726,30.827577590942383,30.765602111816406,30.90178680419922,948,16012,104144,False
0.22.0,temporal_main,,evaluation,interval,history_quantile_tcn,0.13.0,,temporal_main,within_user_temporal_test,history_informed,180,0.9,false,picp,"origin-within-session, session-within-user, equal-user mean",5,20260722;20260723;20260724;20260725;20260726,0.8949824571609497,0.8934326171875,0.8954340219497681,948,16012,104144,False
0.22.0,temporal_main,,evaluation,interval,history_quantile_tcn,0.13.0,,temporal_main,within_user_temporal_test,history_informed,180,0.9,true,absolute_coverage_error,"origin-within-session, session-within-user, equal-user mean",5,20260722;20260723;20260724;20260725;20260726,0.003045105934143,0.0026238203048706,0.0053734421730041,948,16012,104144,False
0.22.0,temporal_main,,evaluation,interval,history_quantile_tcn,0.13.0,,temporal_main,within_user_temporal_test,history_informed,180,0.9,true,conformal_adjustment_bpm,"origin-within-session, session-within-user, equal-user mean",5,20260722;20260723;20260724;20260725;20260726,0.0703125,0.05859375,0.1145782470703125,948,16012,104144,False
0.22.0,temporal_main,,evaluation,interval,history_quantile_tcn,0.13.0,,temporal_main,within_user_temporal_test,history_informed,180,0.9,true,mean_interval_width_bpm,"origin-within-session, session-within-user, equal-user mean",5,20260722;20260723;20260724;20260725;20260726,30.994197845458984,30.882688522338867,31.13074493408203,948,16012,104144,False
0.22.0,temporal_main,,evaluation,interval,history_quantile_tcn,0.13.0,,temporal_main,within_user_temporal_test,history_informed,180,0.9,true,picp,"origin-within-session, session-within-user, equal-user mean",5,20260722;20260723;20260724;20260725;20260726,0.8969548940658569,0.8946265578269958,0.8973761796951294,948,16012,104144,False
0.22.0,temporal_main,,evaluation,interval,history_quantile_tcn,0.13.0,,temporal_main,within_user_temporal_test,history_informed,300,0.5,false,absolute_coverage_error,"origin-within-session, session-within-user, equal-user mean",5,20260722;20260723;20260724;20260725;20260726,0.0097731351852417,0.0084408223628997,0.0134763419628143,948,16012,104144,False
0.22.0,temporal_main,,evaluation,interval,history_quantile_tcn,0.13.0,,temporal_main,within_user_temporal_test,history_informed,300,0.5,false,conformal_adjustment_bpm,"origin-within-session, session-within-user, equal-user mean",5,20260722;20260723;20260724;20260725;20260726,0.0,0.0,0.0,948,16012,104144,False
0.22.0,temporal_main,,evaluation,interval,history_quantile_tcn,0.13.0,,temporal_main,within_user_temporal_test,history_informed,300,0.5,false,mean_interval_width_bpm,"origin-within-session, session-within-user, equal-user mean",5,20260722;20260723;20260724;20260725;20260726,12.550131797790527,12.372601509094238,12.608441352844238,948,16012,104144,False
0.22.0,temporal_main,,evaluation,interval,history_quantile_tcn,0.13.0,,temporal_main,within_user_temporal_test,history_informed,300,0.5,false,picp,"origin-within-session, session-within-user, equal-user mean",5,20260722;20260723;20260724;20260725;20260726,0.4902268648147583,0.4865236580371856,0.4915591776371002,948,16012,104144,False
0.22.0,temporal_main,,evaluation,interval,history_quantile_tcn,0.13.0,,temporal_main,within_user_temporal_test,history_informed,300,0.5,true,absolute_coverage_error,"origin-within-session, session-within-user, equal-user mean",5,20260722;20260723;20260724;20260725;20260726,0.0097731351852417,0.0084408223628997,0.0124560296535491,948,16012,104144,False
0.22.0,temporal_main,,evaluation,interval,history_quantile_tcn,0.13.0,,temporal_main,within_user_temporal_test,history_informed,300,0.5,true,conformal_adjustment_bpm,"origin-within-session, session-within-user, equal-user mean",5,20260722;20260723;20260724;20260725;20260726,0.009765625,0.0,0.0205078125,948,16012,104144,False
0.22.0,temporal_main,,evaluation,interval,history_quantile_tcn,0.13.0,,temporal_main,within_user_temporal_test,history_informed,300,0.5,true,mean_interval_width_bpm,"origin-within-session, session-within-user, equal-user mean",5,20260722;20260723;20260724;20260725;20260726,12.569661140441896,12.404825210571287,12.608441352844238,948,16012,104144,False
0.22.0,temporal_main,,evaluation,interval,history_quantile_tcn,0.13.0,,temporal_main,within_user_temporal_test,history_informed,300,0.5,true,picp,"origin-within-session, session-within-user, equal-user mean",5,20260722;20260723;20260724;20260725;20260726,0.4902268648147583,0.4875439703464508,0.4915591776371002,948,16012,104144,False
0.22.0,temporal_main,,evaluation,interval,history_quantile_tcn,0.13.0,,temporal_main,within_user_temporal_test,history_informed,300,0.8,false,absolute_coverage_error,"origin-within-session, session-within-user, equal-user mean",5,20260722;20260723;20260724;20260725;20260726,0.0110700011253357,0.0078863978385925,0.011438000202179,948,16012,104144,False
0.22.0,temporal_main,,evaluation,interval,history_quantile_tcn,0.13.0,,temporal_main,within_user_temporal_test,history_informed,300,0.8,false,conformal_adjustment_bpm,"origin-within-session, session-within-user, equal-user mean",5,20260722;20260723;20260724;20260725;20260726,0.0,0.0,0.0,948,16012,104144,False
0.22.0,temporal_main,,evaluation,interval,history_quantile_tcn,0.13.0,,temporal_main,within_user_temporal_test,history_informed,300,0.8,false,mean_interval_width_bpm,"origin-within-session, session-within-user, equal-user mean",5,20260722;20260723;20260724;20260725;20260726,24.953590393066406,24.878192901611328,24.995508193969727,948,16012,104144,False
0.22.0,temporal_main,,evaluation,interval,history_quantile_tcn,0.13.0,,temporal_main,within_user_temporal_test,history_informed,300,0.8,false,picp,"origin-within-session, session-within-user, equal-user mean",5,20260722;20260723;20260724;20260725;20260726,0.7889299988746643,0.788561999797821,0.7921136021614075,948,16012,104144,False
0.22.0,temporal_main,,evaluation,interval,history_quantile_tcn,0.13.0,,temporal_main,within_user_temporal_test,history_informed,300,0.8,true,absolute_coverage_error,"origin-within-session, session-within-user, equal-user mean",5,20260722;20260723;20260724;20260725;20260726,0.0092829942703247,0.0078863978385925,0.0109208703041077,948,16012,104144,False
0.22.0,temporal_main,,evaluation,interval,history_quantile_tcn,0.13.0,,temporal_main,within_user_temporal_test,history_informed,300,0.8,true,conformal_adjustment_bpm,"origin-within-session, session-within-user, equal-user mean",5,20260722;20260723;20260724;20260725;20260726,0.0052032470703125,0.0,0.051849365234375,948,16012,104144,False
0.22.0,temporal_main,,evaluation,interval,history_quantile_tcn,0.13.0,,temporal_main,within_user_temporal_test,history_informed,300,0.8,true,mean_interval_width_bpm,"origin-within-session, session-within-user, equal-user mean",5,20260722;20260723;20260724;20260725;20260726,24.98184585571289,24.885255813598636,25.04104804992676,948,16012,104144,False
0.22.0,temporal_main,,evaluation,interval,history_quantile_tcn,0.13.0,,temporal_main,within_user_temporal_test,history_informed,300,0.8,true,picp,"origin-within-session, session-within-user, equal-user mean",5,20260722;20260723;20260724;20260725;20260726,0.7907170057296753,0.7890791296958923,0.7921136021614075,948,16012,104144,False
0.22.0,temporal_main,,evaluation,interval,history_quantile_tcn,0.13.0,,temporal_main,within_user_temporal_test,history_informed,300,0.9,false,absolute_coverage_error,"origin-within-session, session-within-user, equal-user mean",5,20260722;20260723;20260724;20260725;20260726,0.0082779765129089,0.0068363785743713,0.0091218590736389,948,16012,104144,False
0.22.0,temporal_main,,evaluation,interval,history_quantile_tcn,0.13.0,,temporal_main,within_user_temporal_test,history_informed,300,0.9,false,conformal_adjustment_bpm,"origin-within-session, session-within-user, equal-user mean",5,20260722;20260723;20260724;20260725;20260726,0.0,0.0,0.0,948,16012,104144,False
0.22.0,temporal_main,,evaluation,interval,history_quantile_tcn,0.13.0,,temporal_main,within_user_temporal_test,history_informed,300,0.9,false,mean_interval_width_bpm,"origin-within-session, session-within-user, equal-user mean",5,20260722;20260723;20260724;20260725;20260726,33.55942916870117,33.42432403564453,33.63059616088867,948,16012,104144,False
0.22.0,temporal_main,,evaluation,interval,history_quantile_tcn,0.13.0,,temporal_main,within_user_temporal_test,history_informed,300,0.9,false,picp,"origin-within-session, session-within-user, equal-user mean",5,20260722;20260723;20260724;20260725;20260726,0.8917220234870911,0.8908781409263611,0.8931636214256287,948,16012,104144,False
0.22.0,temporal_main,,evaluation,interval,history_quantile_tcn,0.13.0,,temporal_main,within_user_temporal_test,history_informed,300,0.9,true,absolute_coverage_error,"origin-within-session, session-within-user, equal-user mean",5,20260722;20260723;20260724;20260725;20260726,0.0075928807258606,0.0058836579322815,0.0082779765129089,948,16012,104144,False
0.22.0,temporal_main,,evaluation,interval,history_quantile_tcn,0.13.0,,temporal_main,within_user_temporal_test,history_informed,300,0.9,true,conformal_adjustment_bpm,"origin-within-session, session-within-user, equal-user mean",5,20260722;20260723;20260724;20260725;20260726,0.03125,0.0,0.109375,948,16012,104144,False
0.22.0,temporal_main,,evaluation,interval,history_quantile_tcn,0.13.0,,temporal_main,within_user_temporal_test,history_informed,300,0.9,true,mean_interval_width_bpm,"origin-within-session, session-within-user, equal-user mean",5,20260722;20260723;20260724;20260725;20260726,33.64287185668945,33.530296325683594,33.772159576416016,948,16012,104144,False
0.22.0,temporal_main,,evaluation,interval,history_quantile_tcn,0.13.0,,temporal_main,within_user_temporal_test,history_informed,300,0.9,true,picp,"origin-within-session, session-within-user, equal-user mean",5,20260722;20260723;20260724;20260725;20260726,0.8924071192741394,0.8917220234870911,0.8941163420677185,948,16012,104144,False
0.22.0,temporal_main,,evaluation,interval,history_quantile_tcn,0.13.0,,temporal_main,within_user_temporal_test,zero_history,60,0.5,false,absolute_coverage_error,"origin-within-session, session-within-user, equal-user mean",5,20260722;20260723;20260724;20260725;20260726,0.0133712589740753,0.0104387700557708,0.0217055976390838,948,16012,104144,False
0.22.0,temporal_main,,evaluation,interval,history_quantile_tcn,0.13.0,,temporal_main,within_user_temporal_test,zero_history,60,0.5,false,conformal_adjustment_bpm,"origin-within-session, session-within-user, equal-user mean",5,20260722;20260723;20260724;20260725;20260726,0.0,0.0,0.0,948,16012,104144,False
0.22.0,temporal_main,,evaluation,interval,history_quantile_tcn,0.13.0,,temporal_main,within_user_temporal_test,zero_history,60,0.5,false,mean_interval_width_bpm,"origin-within-session, session-within-user, equal-user mean",5,20260722;20260723;20260724;20260725;20260726,9.263154983520508,9.161985397338867,9.369765281677246,948,16012,104144,False
0.22.0,temporal_main,,evaluation,interval,history_quantile_tcn,0.13.0,,temporal_main,within_user_temporal_test,zero_history,60,0.5,false,picp,"origin-within-session, session-within-user, equal-user mean",5,20260722;20260723;20260724;20260725;20260726,0.4866287410259247,0.4782944023609161,0.4895612299442291,948,16012,104144,False
0.22.0,temporal_main,,evaluation,interval,history_quantile_tcn,0.13.0,,temporal_main,within_user_temporal_test,zero_history,60,0.5,true,absolute_coverage_error,"origin-within-session, session-within-user, equal-user mean",5,20260722;20260723;20260724;20260725;20260726,0.0102418959140777,0.0093535184860229,0.0115731656551361,948,16012,104144,False
0.22.0,temporal_main,,evaluation,interval,history_quantile_tcn,0.13.0,,temporal_main,within_user_temporal_test,zero_history,60,0.5,true,conformal_adjustment_bpm,"origin-within-session, session-within-user, equal-user mean",5,20260722;20260723;20260724;20260725;20260726,0.0263671875,0.0,0.0789642333984375,948,16012,104144,False
0.22.0,temporal_main,,evaluation,interval,history_quantile_tcn,0.13.0,,temporal_main,within_user_temporal_test,zero_history,60,0.5,true,mean_interval_width_bpm,"origin-within-session, session-within-user, equal-user mean",5,20260722;20260723;20260724;20260725;20260726,9.33247184753418,9.242880821228027,9.369765281677246,948,16012,104144,False
0.22.0,temporal_main,,evaluation,interval,history_quantile_tcn,0.13.0,,temporal_main,within_user_temporal_test,zero_history,60,0.5,true,picp,"origin-within-session, session-within-user, equal-user mean",5,20260722;20260723;20260724;20260725;20260726,0.4897581040859222,0.4884268343448639,0.490646481513977,948,16012,104144,False
0.22.0,temporal_main,,evaluation,interval,history_quantile_tcn,0.13.0,,temporal_main,within_user_temporal_test,zero_history,60,0.8,false,absolute_coverage_error,"origin-within-session, session-within-user, equal-user mean",5,20260722;20260723;20260724;20260725;20260726,0.0133389115333557,0.0109695672988892,0.0169033288955688,948,16012,104144,False
0.22.0,temporal_main,,evaluation,interval,history_quantile_tcn,0.13.0,,temporal_main,within_user_temporal_test,zero_history,60,0.8,false,conformal_adjustment_bpm,"origin-within-session, session-within-user, equal-user mean",5,20260722;20260723;20260724;20260725;20260726,0.0,0.0,0.0,948,16012,104144,False
0.22.0,temporal_main,,evaluation,interval,history_quantile_tcn,0.13.0,,temporal_main,within_user_temporal_test,zero_history,60,0.8,false,mean_interval_width_bpm,"origin-within-session, session-within-user, equal-user mean",5,20260722;20260723;20260724;20260725;20260726,18.21487617492676,18.13746452331543,18.22848320007324,948,16012,104144,False
0.22.0,temporal_main,,evaluation,interval,history_quantile_tcn,0.13.0,,temporal_main,within_user_temporal_test,zero_history,60,0.8,false,picp,"origin-within-session, session-within-user, equal-user mean",5,20260722;20260723;20260724;20260725;20260726,0.7866610884666443,0.7830966711044312,0.7890304327011108,948,16012,104144,False
0.22.0,temporal_main,,evaluation,interval,history_quantile_tcn,0.13.0,,temporal_main,within_user_temporal_test,zero_history,60,0.8,true,absolute_coverage_error,"origin-within-session, session-within-user, equal-user mean",5,20260722;20260723;20260724;20260725;20260726,0.0085404992103577,0.0070072889328003,0.009515392780304,948,16012,104144,False
0.22.0,temporal_main,,evaluation,interval,history_quantile_tcn,0.13.0,,temporal_main,within_user_temporal_test,zero_history,60,0.8,true,conformal_adjustment_bpm,"origin-within-session, session-within-user, equal-user mean",5,20260722;20260723;20260724;20260725;20260726,0.078125,0.056640625,0.1354217529296875,948,16012,104144,False
0.22.0,temporal_main,,evaluation,interval,history_quantile_tcn,0.13.0,,temporal_main,within_user_temporal_test,zero_history,60,0.8,true,mean_interval_width_bpm,"origin-within-session, session-within-user, equal-user mean",5,20260722;20260723;20260724;20260725;20260726,18.37209701538086,18.29754066467285,18.408201217651367,948,16012,104144,False
0.22.0,temporal_main,,evaluation,interval,history_quantile_tcn,0.13.0,,temporal_main,within_user_temporal_test,zero_history,60,0.8,true,picp,"origin-within-session, session-within-user, equal-user mean",5,20260722;20260723;20260724;20260725;20260726,0.7914595007896423,0.790484607219696,0.7929927110671997,948,16012,104144,False
0.22.0,temporal_main,,evaluation,interval,history_quantile_tcn,0.13.0,,temporal_main,within_user_temporal_test,zero_history,60,0.9,false,absolute_coverage_error,"origin-within-session, session-within-user, equal-user mean",5,20260722;20260723;20260724;20260725;20260726,0.0098138093948364,0.0081929206848144,0.0116051077842712,948,16012,104144,False
0.22.0,temporal_main,,evaluation,interval,history_quantile_tcn,0.13.0,,temporal_main,within_user_temporal_test,zero_history,60,0.9,false,conformal_adjustment_bpm,"origin-within-session, session-within-user, equal-user mean",5,20260722;20260723;20260724;20260725;20260726,0.0,0.0,0.0,948,16012,104144,False
0.22.0,temporal_main,,evaluation,interval,history_quantile_tcn,0.13.0,,temporal_main,within_user_temporal_test,zero_history,60,0.9,false,mean_interval_width_bpm,"origin-within-session, session-within-user, equal-user mean",5,20260722;20260723;20260724;20260725;20260726,24.312742233276367,24.286911010742188,24.383533477783203,948,16012,104144,False
0.22.0,temporal_main,,evaluation,interval,history_quantile_tcn,0.13.0,,temporal_main,within_user_temporal_test,zero_history,60,0.9,false,picp,"origin-within-session, session-within-user, equal-user mean",5,20260722;20260723;20260724;20260725;20260726,0.8901861906051636,0.8883948922157288,0.8918070793151855,948,16012,104144,False
0.22.0,temporal_main,,evaluation,interval,history_quantile_tcn,0.13.0,,temporal_main,within_user_temporal_test,zero_history,60,0.9,true,absolute_coverage_error,"origin-within-session, session-within-user, equal-user mean",5,20260722;20260723;20260724;20260725;20260726,0.0064657568931579,0.0044798493385315,0.0075856685638427,948,16012,104144,False
0.22.0,temporal_main,,evaluation,interval,history_quantile_tcn,0.13.0,,temporal_main,within_user_temporal_test,zero_history,60,0.9,true,conformal_adjustment_bpm,"origin-within-session, session-within-user, equal-user mean",5,20260722;20260723;20260724;20260725;20260726,0.12890625,0.078125,0.1856689453125,948,16012,104144,False
0.22.0,temporal_main,,evaluation,interval,history_quantile_tcn,0.13.0,,temporal_main,within_user_temporal_test,zero_history,60,0.9,true,mean_interval_width_bpm,"origin-within-session, session-within-user, equal-user mean",5,20260722;20260723;20260724;20260725;20260726,24.570894241333008,24.52528190612793,24.65797996520996,948,16012,104144,False
0.22.0,temporal_main,,evaluation,interval,history_quantile_tcn,0.13.0,,temporal_main,within_user_temporal_test,zero_history,60,0.9,true,picp,"origin-within-session, session-within-user, equal-user mean",5,20260722;20260723;20260724;20260725;20260726,0.893534243106842,0.8924143314361572,0.8955201506614685,948,16012,104144,False
0.22.0,temporal_main,,evaluation,interval,history_quantile_tcn,0.13.0,,temporal_main,within_user_temporal_test,zero_history,180,0.5,false,absolute_coverage_error,"origin-within-session, session-within-user, equal-user mean",5,20260722;20260723;20260724;20260725;20260726,0.0106838047504425,0.0085493028163909,0.0154106616973876,948,16012,104144,False
0.22.0,temporal_main,,evaluation,interval,history_quantile_tcn,0.13.0,,temporal_main,within_user_temporal_test,zero_history,180,0.5,false,conformal_adjustment_bpm,"origin-within-session, session-within-user, equal-user mean",5,20260722;20260723;20260724;20260725;20260726,0.0,0.0,0.0,948,16012,104144,False
0.22.0,temporal_main,,evaluation,interval,history_quantile_tcn,0.13.0,,temporal_main,within_user_temporal_test,zero_history,180,0.5,false,mean_interval_width_bpm,"origin-within-session, session-within-user, equal-user mean",5,20260722;20260723;20260724;20260725;20260726,11.483650207519531,11.428474426269531,11.553706169128418,948,16012,104144,False
0.22.0,temporal_main,,evaluation,interval,history_quantile_tcn,0.13.0,,temporal_main,within_user_temporal_test,zero_history,180,0.5,false,picp,"origin-within-session, session-within-user, equal-user mean",5,20260722;20260723;20260724;20260725;20260726,0.4893161952495575,0.4845893383026123,0.491450697183609,948,16012,104144,False
0.22.0,temporal_main,,evaluation,interval,history_quantile_tcn,0.13.0,,temporal_main,within_user_temporal_test,zero_history,180,0.5,true,absolute_coverage_error,"origin-within-session, session-within-user, equal-user mean",5,20260722;20260723;20260724;20260725;20260726,0.0103926658630371,0.0073127150535583,0.0108352899551391,948,16012,104144,False
0.22.0,temporal_main,,evaluation,interval,history_quantile_tcn,0.13.0,,temporal_main,within_user_temporal_test,zero_history,180,0.5,true,conformal_adjustment_bpm,"origin-within-session, session-within-user, equal-user mean",5,20260722;20260723;20260724;20260725;20260726,0.001953125,0.0,0.0485382080078125,948,16012,104144,False
0.22.0,temporal_main,,evaluation,interval,history_quantile_tcn,0.13.0,,temporal_main,within_user_temporal_test,zero_history,180,0.5,true,mean_interval_width_bpm,"origin-within-session, session-within-user, equal-user mean",5,20260722;20260723;20260724;20260725;20260726,11.518254280090332,11.432380676269531,11.564518928527832,948,16012,104144,False
0.22.0,temporal_main,,evaluation,interval,history_quantile_tcn,0.13.0,,temporal_main,within_user_temporal_test,zero_history,180,0.5,true,picp,"origin-within-session, session-within-user, equal-user mean",5,20260722;20260723;20260724;20260725;20260726,0.4896073341369629,0.4891647100448608,0.4926872849464416,948,16012,104144,False
0.22.0,temporal_main,,evaluation,interval,history_quantile_tcn,0.13.0,,temporal_main,within_user_temporal_test,zero_history,180,0.8,false,absolute_coverage_error,"origin-within-session, session-within-user, equal-user mean",5,20260722;20260723;20260724;20260725;20260726,0.0099501490592956,0.0071591019630432,0.0113118171691894,948,16012,104144,False
0.22.0,temporal_main,,evaluation,interval,history_quantile_tcn,0.13.0,,temporal_main,within_user_temporal_test,zero_history,180,0.8,false,conformal_adjustment_bpm,"origin-within-session, session-within-user, equal-user mean",5,20260722;20260723;20260724;20260725;20260726,0.0,0.0,0.0,948,16012,104144,False
0.22.0,temporal_main,,evaluation,interval,history_quantile_tcn,0.13.0,,temporal_main,within_user_temporal_test,zero_history,180,0.8,false,mean_interval_width_bpm,"origin-within-session, session-within-user, equal-user mean",5,20260722;20260723;20260724;20260725;20260726,22.85957336425781,22.82990074157715,22.89266014099121,948,16012,104144,False
0.22.0,temporal_main,,evaluation,interval,history_quantile_tcn,0.13.0,,temporal_main,within_user_temporal_test,zero_history,180,0.8,false,picp,"origin-within-session, session-within-user, equal-user mean",5,20260722;20260723;20260724;20260725;20260726,0.7900498509407043,0.7886881828308105,0.7928408980369568,948,16012,104144,False
0.22.0,temporal_main,,evaluation,interval,history_quantile_tcn,0.13.0,,temporal_main,within_user_temporal_test,zero_history,180,0.8,true,absolute_coverage_error,"origin-within-session, session-within-user, equal-user mean",5,20260722;20260723;20260724;20260725;20260726,0.0096308469772339,0.0071591019630432,0.0112295031547546,948,16012,104144,False
0.22.0,temporal_main,,evaluation,interval,history_quantile_tcn,0.13.0,,temporal_main,within_user_temporal_test,zero_history,180,0.8,true,conformal_adjustment_bpm,"origin-within-session, session-within-user, equal-user mean",5,20260722;20260723;20260724;20260725;20260726,0.0,0.0,0.0234375,948,16012,104144,False
0.22.0,temporal_main,,evaluation,interval,history_quantile_tcn,0.13.0,,temporal_main,within_user_temporal_test,zero_history,180,0.8,true,mean_interval_width_bpm,"origin-within-session, session-within-user, equal-user mean",5,20260722;20260723;20260724;20260725;20260726,22.85957336425781,22.83771133422852,22.93951988220215,948,16012,104144,False
0.22.0,temporal_main,,evaluation,interval,history_quantile_tcn,0.13.0,,temporal_main,within_user_temporal_test,zero_history,180,0.8,true,picp,"origin-within-session, session-within-user, equal-user mean",5,20260722;20260723;20260724;20260725;20260726,0.7903691530227661,0.7887704968452454,0.7928408980369568,948,16012,104144,False
0.22.0,temporal_main,,evaluation,interval,history_quantile_tcn,0.13.0,,temporal_main,within_user_temporal_test,zero_history,180,0.9,false,absolute_coverage_error,"origin-within-session, session-within-user, equal-user mean",5,20260722;20260723;20260724;20260725;20260726,0.0091420650482177,0.008303427696228,0.009626829624176,948,16012,104144,False
0.22.0,temporal_main,,evaluation,interval,history_quantile_tcn,0.13.0,,temporal_main,within_user_temporal_test,zero_history,180,0.9,false,conformal_adjustment_bpm,"origin-within-session, session-within-user, equal-user mean",5,20260722;20260723;20260724;20260725;20260726,0.0,0.0,0.0,948,16012,104144,False
0.22.0,temporal_main,,evaluation,interval,history_quantile_tcn,0.13.0,,temporal_main,within_user_temporal_test,zero_history,180,0.9,false,mean_interval_width_bpm,"origin-within-session, session-within-user, equal-user mean",5,20260722;20260723;20260724;20260725;20260726,30.642940521240234,30.61276054382324,30.79823303222656,948,16012,104144,False
0.22.0,temporal_main,,evaluation,interval,history_quantile_tcn,0.13.0,,temporal_main,within_user_temporal_test,zero_history,180,0.9,false,picp,"origin-within-session, session-within-user, equal-user mean",5,20260722;20260723;20260724;20260725;20260726,0.8908579349517822,0.890373170375824,0.891696572303772,948,16012,104144,False
0.22.0,temporal_main,,evaluation,interval,history_quantile_tcn,0.13.0,,temporal_main,within_user_temporal_test,zero_history,180,0.9,true,absolute_coverage_error,"origin-within-session, session-within-user, equal-user mean",5,20260722;20260723;20260724;20260725;20260726,0.0074777841567993,0.0070189476013183,0.0075929999351501,948,16012,104144,False
0.22.0,temporal_main,,evaluation,interval,history_quantile_tcn,0.13.0,,temporal_main,within_user_temporal_test,zero_history,180,0.9,true,conformal_adjustment_bpm,"origin-within-session, session-within-user, equal-user mean",5,20260722;20260723;20260724;20260725;20260726,0.0943145751953125,0.046875,0.1041717529296875,948,16012,104144,False
0.22.0,temporal_main,,evaluation,interval,history_quantile_tcn,0.13.0,,temporal_main,within_user_temporal_test,zero_history,180,0.9,true,mean_interval_width_bpm,"origin-within-session, session-within-user, equal-user mean",5,20260722;20260723;20260724;20260725;20260726,30.8314208984375,30.70644760131836,30.989070892333984,948,16012,104144,False
0.22.0,temporal_main,,evaluation,interval,history_quantile_tcn,0.13.0,,temporal_main,within_user_temporal_test,zero_history,180,0.9,true,picp,"origin-within-session, session-within-user, equal-user mean",5,20260722;20260723;20260724;20260725;20260726,0.8925222158432007,0.8924070000648499,0.8929810523986816,948,16012,104144,False
0.22.0,temporal_main,,evaluation,interval,history_quantile_tcn,0.13.0,,temporal_main,within_user_temporal_test,zero_history,300,0.5,false,absolute_coverage_error,"origin-within-session, session-within-user, equal-user mean",5,20260722;20260723;20260724;20260725;20260726,0.0150254070758819,0.0110711157321929,0.0175737738609313,948,16012,104144,False
0.22.0,temporal_main,,evaluation,interval,history_quantile_tcn,0.13.0,,temporal_main,within_user_temporal_test,zero_history,300,0.5,false,conformal_adjustment_bpm,"origin-within-session, session-within-user, equal-user mean",5,20260722;20260723;20260724;20260725;20260726,0.0,0.0,0.0,948,16012,104144,False
0.22.0,temporal_main,,evaluation,interval,history_quantile_tcn,0.13.0,,temporal_main,within_user_temporal_test,zero_history,300,0.5,false,mean_interval_width_bpm,"origin-within-session, session-within-user, equal-user mean",5,20260722;20260723;20260724;20260725;20260726,12.413111686706545,12.259071350097656,12.460572242736816,948,16012,104144,False
0.22.0,temporal_main,,evaluation,interval,history_quantile_tcn,0.13.0,,temporal_main,within_user_temporal_test,zero_history,300,0.5,false,picp,"origin-within-session, session-within-user, equal-user mean",5,20260722;20260723;20260724;20260725;20260726,0.484974592924118,0.4824262261390686,0.488928884267807,948,16012,104144,False
0.22.0,temporal_main,,evaluation,interval,history_quantile_tcn,0.13.0,,temporal_main,within_user_temporal_test,zero_history,300,0.5,true,absolute_coverage_error,"origin-within-session, session-within-user, equal-user mean",5,20260722;20260723;20260724;20260725;20260726,0.0150254070758819,0.0110711157321929,0.0175737738609313,948,16012,104144,False
0.22.0,temporal_main,,evaluation,interval,history_quantile_tcn,0.13.0,,temporal_main,within_user_temporal_test,zero_history,300,0.5,true,conformal_adjustment_bpm,"origin-within-session, session-within-user, equal-user mean",5,20260722;20260723;20260724;20260725;20260726,0.0,0.0,0.0,948,16012,104144,False
0.22.0,temporal_main,,evaluation,interval,history_quantile_tcn,0.13.0,,temporal_main,within_user_temporal_test,zero_history,300,0.5,true,mean_interval_width_bpm,"origin-within-session, session-within-user, equal-user mean",5,20260722;20260723;20260724;20260725;20260726,12.413111686706545,12.259071350097656,12.460572242736816,948,16012,104144,False
0.22.0,temporal_main,,evaluation,interval,history_quantile_tcn,0.13.0,,temporal_main,within_user_temporal_test,zero_history,300,0.5,true,picp,"origin-within-session, session-within-user, equal-user mean",5,20260722;20260723;20260724;20260725;20260726,0.484974592924118,0.4824262261390686,0.488928884267807,948,16012,104144,False
0.22.0,temporal_main,,evaluation,interval,history_quantile_tcn,0.13.0,,temporal_main,within_user_temporal_test,zero_history,300,0.8,false,absolute_coverage_error,"origin-within-session, session-within-user, equal-user mean",5,20260722;20260723;20260724;20260725;20260726,0.0110530138015747,0.0100260853767395,0.0138476967811584,948,16012,104144,False
0.22.0,temporal_main,,evaluation,interval,history_quantile_tcn,0.13.0,,temporal_main,within_user_temporal_test,zero_history,300,0.8,false,conformal_adjustment_bpm,"origin-within-session, session-within-user, equal-user mean",5,20260722;20260723;20260724;20260725;20260726,0.0,0.0,0.0,948,16012,104144,False
0.22.0,temporal_main,,evaluation,interval,history_quantile_tcn,0.13.0,,temporal_main,within_user_temporal_test,zero_history,300,0.8,false,mean_interval_width_bpm,"origin-within-session, session-within-user, equal-user mean",5,20260722;20260723;20260724;20260725;20260726,24.76249313354492,24.73597717285156,24.837066650390625,948,16012,104144,False
0.22.0,temporal_main,,evaluation,interval,history_quantile_tcn,0.13.0,,temporal_main,within_user_temporal_test,zero_history,300,0.8,false,picp,"origin-within-session, session-within-user, equal-user mean",5,20260722;20260723;20260724;20260725;20260726,0.7889469861984253,0.7861523032188416,0.7899739146232605,948,16012,104144,False
0.22.0,temporal_main,,evaluation,interval,history_quantile_tcn,0.13.0,,temporal_main,within_user_temporal_test,zero_history,300,0.8,true,absolute_coverage_error,"origin-within-session, session-within-user, equal-user mean",5,20260722;20260723;20260724;20260725;20260726,0.0110530138015747,0.0100260853767395,0.013523805141449,948,16012,104144,False
0.22.0,temporal_main,,evaluation,interval,history_quantile_tcn,0.13.0,,temporal_main,within_user_temporal_test,zero_history,300,0.8,true,conformal_adjustment_bpm,"origin-within-session, session-within-user, equal-user mean",5,20260722;20260723;20260724;20260725;20260726,0.0,0.0,0.0062103271484375,948,16012,104144,False
0.22.0,temporal_main,,evaluation,interval,history_quantile_tcn,0.13.0,,temporal_main,within_user_temporal_test,zero_history,300,0.8,true,mean_interval_width_bpm,"origin-within-session, session-within-user, equal-user mean",5,20260722;20260723;20260724;20260725;20260726,24.76249313354492,24.73597717285156,24.847137451171875,948,16012,104144,False
0.22.0,temporal_main,,evaluation,interval,history_quantile_tcn,0.13.0,,temporal_main,within_user_temporal_test,zero_history,300,0.8,true,picp,"origin-within-session, session-within-user, equal-user mean",5,20260722;20260723;20260724;20260725;20260726,0.7889469861984253,0.786476194858551,0.7899739146232605,948,16012,104144,False
0.22.0,temporal_main,,evaluation,interval,history_quantile_tcn,0.13.0,,temporal_main,within_user_temporal_test,zero_history,300,0.9,false,absolute_coverage_error,"origin-within-session, session-within-user, equal-user mean",5,20260722;20260723;20260724;20260725;20260726,0.010344111919403,0.0098442673683166,0.0114161014556884,948,16012,104144,False
0.22.0,temporal_main,,evaluation,interval,history_quantile_tcn,0.13.0,,temporal_main,within_user_temporal_test,zero_history,300,0.9,false,conformal_adjustment_bpm,"origin-within-session, session-within-user, equal-user mean",5,20260722;20260723;20260724;20260725;20260726,0.0,0.0,0.0,948,16012,104144,False
0.22.0,temporal_main,,evaluation,interval,history_quantile_tcn,0.13.0,,temporal_main,within_user_temporal_test,zero_history,300,0.9,false,mean_interval_width_bpm,"origin-within-session, session-within-user, equal-user mean",5,20260722;20260723;20260724;20260725;20260726,33.48932647705078,33.40046310424805,33.64312744140625,948,16012,104144,False
0.22.0,temporal_main,,evaluation,interval,history_quantile_tcn,0.13.0,,temporal_main,within_user_temporal_test,zero_history,300,0.9,false,picp,"origin-within-session, session-within-user, equal-user mean",5,20260722;20260723;20260724;20260725;20260726,0.8896558880805969,0.8885838985443115,0.8901557326316833,948,16012,104144,False
0.22.0,temporal_main,,evaluation,interval,history_quantile_tcn,0.13.0,,temporal_main,within_user_temporal_test,zero_history,300,0.9,true,absolute_coverage_error,"origin-within-session, session-within-user, equal-user mean",5,20260722;20260723;20260724;20260725;20260726,0.0089237928390503,0.008473002910614,0.0102091670036316,948,16012,104144,False
0.22.0,temporal_main,,evaluation,interval,history_quantile_tcn,0.13.0,,temporal_main,within_user_temporal_test,zero_history,300,0.9,true,conformal_adjustment_bpm,"origin-within-session, session-within-user, equal-user mean",5,20260722;20260723;20260724;20260725;20260726,0.0703125,0.015625,0.100006103515625,948,16012,104144,False
0.22.0,temporal_main,,evaluation,interval,history_quantile_tcn,0.13.0,,temporal_main,within_user_temporal_test,zero_history,300,0.9,true,mean_interval_width_bpm,"origin-within-session, session-within-user, equal-user mean",5,20260722;20260723;20260724;20260725;20260726,33.62986755371094,33.474483489990234,33.842994689941406,948,16012,104144,False
0.22.0,temporal_main,,evaluation,interval,history_quantile_tcn,0.13.0,,temporal_main,within_user_temporal_test,zero_history,300,0.9,true,picp,"origin-within-session, session-within-user, equal-user mean",5,20260722;20260723;20260724;20260725;20260726,0.8910762071609497,0.8897908329963684,0.891526997089386,948,16012,104144,False
0.22.0,temporal_main,,evaluation,point,history_quantile_tcn,0.13.0,,temporal_main,within_user_temporal_test,history_informed,60,,,bias_bpm,"origin-within-session, session-within-user, equal-user mean",5,20260722;20260723;20260724;20260725;20260726,0.4788159728050232,0.4279281795024872,0.4991700947284698,948,16012,104144,False
0.22.0,temporal_main,,evaluation,point,history_quantile_tcn,0.13.0,,temporal_main,within_user_temporal_test,history_informed,60,,,mae_bpm,"origin-within-session, session-within-user, equal-user mean",5,20260722;20260723;20260724;20260725;20260726,6.0118279457092285,6.003769874572754,6.057161808013916,948,16012,104144,False
0.22.0,temporal_main,,evaluation,point,history_quantile_tcn,0.13.0,,temporal_main,within_user_temporal_test,history_informed,60,,,rmse_bpm,"origin-within-session, session-within-user, equal-user mean",5,20260722;20260723;20260724;20260725;20260726,7.295825958251953,7.284901618957519,7.341521739959717,948,16012,104144,False
0.22.0,temporal_main,,evaluation,point,history_quantile_tcn,0.13.0,,temporal_main,within_user_temporal_test,history_informed,180,,,bias_bpm,"origin-within-session, session-within-user, equal-user mean",5,20260722;20260723;20260724;20260725;20260726,0.5056145191192627,0.3297028243541717,0.5630019307136536,948,16012,104144,False
0.22.0,temporal_main,,evaluation,point,history_quantile_tcn,0.13.0,,temporal_main,within_user_temporal_test,history_informed,180,,,mae_bpm,"origin-within-session, session-within-user, equal-user mean",5,20260722;20260723;20260724;20260725;20260726,7.556800842285156,7.547680377960205,7.562630653381348,948,16012,104144,False
0.22.0,temporal_main,,evaluation,point,history_quantile_tcn,0.13.0,,temporal_main,within_user_temporal_test,history_informed,180,,,rmse_bpm,"origin-within-session, session-within-user, equal-user mean",5,20260722;20260723;20260724;20260725;20260726,9.100744247436523,9.093572616577148,9.110174179077148,948,16012,104144,False
0.22.0,temporal_main,,evaluation,point,history_quantile_tcn,0.13.0,,temporal_main,within_user_temporal_test,history_informed,300,,,bias_bpm,"origin-within-session, session-within-user, equal-user mean",5,20260722;20260723;20260724;20260725;20260726,0.66590815782547,0.5916352868080139,0.7070445418357849,948,16012,104144,False
0.22.0,temporal_main,,evaluation,point,history_quantile_tcn,0.13.0,,temporal_main,within_user_temporal_test,history_informed,300,,,mae_bpm,"origin-within-session, session-within-user, equal-user mean",5,20260722;20260723;20260724;20260725;20260726,8.24500846862793,8.239315032958984,8.267219543457031,948,16012,104144,False
0.22.0,temporal_main,,evaluation,point,history_quantile_tcn,0.13.0,,temporal_main,within_user_temporal_test,history_informed,300,,,rmse_bpm,"origin-within-session, session-within-user, equal-user mean",5,20260722;20260723;20260724;20260725;20260726,9.841926574707031,9.836227416992188,9.870575904846191,948,16012,104144,False
0.22.0,temporal_main,,evaluation,point,history_quantile_tcn,0.13.0,,temporal_main,within_user_temporal_test,zero_history,60,,,bias_bpm,"origin-within-session, session-within-user, equal-user mean",5,20260722;20260723;20260724;20260725;20260726,0.4658142626285553,0.4313324987888336,0.482938677072525,948,16012,104144,False
0.22.0,temporal_main,,evaluation,point,history_quantile_tcn,0.13.0,,temporal_main,within_user_temporal_test,zero_history,60,,,mae_bpm,"origin-within-session, session-within-user, equal-user mean",5,20260722;20260723;20260724;20260725;20260726,6.070176601409912,6.0444440841674805,6.1056437492370605,948,16012,104144,False
0.22.0,temporal_main,,evaluation,point,history_quantile_tcn,0.13.0,,temporal_main,within_user_temporal_test,zero_history,60,,,rmse_bpm,"origin-within-session, session-within-user, equal-user mean",5,20260722;20260723;20260724;20260725;20260726,7.357794284820557,7.336246490478516,7.396018981933594,948,16012,104144,False
0.22.0,temporal_main,,evaluation,point,history_quantile_tcn,0.13.0,,temporal_main,within_user_temporal_test,zero_history,180,,,bias_bpm,"origin-within-session, session-within-user, equal-user mean",5,20260722;20260723;20260724;20260725;20260726,0.5056424736976624,0.3819254636764526,0.5993276238441467,948,16012,104144,False
0.22.0,temporal_main,,evaluation,point,history_quantile_tcn,0.13.0,,temporal_main,within_user_temporal_test,zero_history,180,,,mae_bpm,"origin-within-session, session-within-user, equal-user mean",5,20260722;20260723;20260724;20260725;20260726,7.64992618560791,7.644673347473144,7.655842304229736,948,16012,104144,False
0.22.0,temporal_main,,evaluation,point,history_quantile_tcn,0.13.0,,temporal_main,within_user_temporal_test,zero_history,180,,,rmse_bpm,"origin-within-session, session-within-user, equal-user mean",5,20260722;20260723;20260724;20260725;20260726,9.217007637023926,9.214884757995604,9.228021621704102,948,16012,104144,False
0.22.0,temporal_main,,evaluation,point,history_quantile_tcn,0.13.0,,temporal_main,within_user_temporal_test,zero_history,300,,,bias_bpm,"origin-within-session, session-within-user, equal-user mean",5,20260722;20260723;20260724;20260725;20260726,0.61448073387146,0.5544038414955139,0.6530864834785461,948,16012,104144,False
0.22.0,temporal_main,,evaluation,point,history_quantile_tcn,0.13.0,,temporal_main,within_user_temporal_test,zero_history,300,,,mae_bpm,"origin-within-session, session-within-user, equal-user mean",5,20260722;20260723;20260724;20260725;20260726,8.363932609558105,8.354557037353516,8.378640174865723,948,16012,104144,False
0.22.0,temporal_main,,evaluation,point,history_quantile_tcn,0.13.0,,temporal_main,within_user_temporal_test,zero_history,300,,,rmse_bpm,"origin-within-session, session-within-user, equal-user mean",5,20260722;20260723;20260724;20260725;20260726,9.984723091125488,9.978222846984863,10.007761001586914,948,16012,104144,False
0.22.0,temporal_tcn,,evaluation,point,tcn,0.22.0,0.22.0,strict_temporal_train,within_user_temporal_test,not_applicable,60,,,bias_bpm,"origin-within-session, session-within-user, equal-user mean",3,20260722;20260723;20260724,0.4258436262607574,0.4001212418079376,0.4762367606163025,948,16012,104144,False
0.22.0,temporal_tcn,,evaluation,point,tcn,0.22.0,0.22.0,strict_temporal_train,within_user_temporal_test,not_applicable,60,,,mae_bpm,"origin-within-session, session-within-user, equal-user mean",3,20260722;20260723;20260724,6.10420560836792,6.091780185699463,6.126643180847168,948,16012,104144,False
0.22.0,temporal_tcn,,evaluation,point,tcn,0.22.0,0.22.0,strict_temporal_train,within_user_temporal_test,not_applicable,60,,,rmse_bpm,"origin-within-session, session-within-user, equal-user mean",3,20260722;20260723;20260724,7.395047187805176,7.383846759796143,7.419726848602295,948,16012,104144,False
0.22.0,temporal_tcn,,evaluation,point,tcn,0.22.0,0.22.0,strict_temporal_train,within_user_temporal_test,not_applicable,180,,,bias_bpm,"origin-within-session, session-within-user, equal-user mean",3,20260722;20260723;20260724,0.4892043173313141,0.4286062717437744,0.4938254058361053,948,16012,104144,False
0.22.0,temporal_tcn,,evaluation,point,tcn,0.22.0,0.22.0,strict_temporal_train,within_user_temporal_test,not_applicable,180,,,mae_bpm,"origin-within-session, session-within-user, equal-user mean",3,20260722;20260723;20260724,7.617093086242676,7.612818717956543,7.6254563331604,948,16012,104144,False
0.22.0,temporal_tcn,,evaluation,point,tcn,0.22.0,0.22.0,strict_temporal_train,within_user_temporal_test,not_applicable,180,,,rmse_bpm,"origin-within-session, session-within-user, equal-user mean",3,20260722;20260723;20260724,9.19958782196045,9.194924354553224,9.212919235229492,948,16012,104144,False
0.22.0,temporal_tcn,,evaluation,point,tcn,0.22.0,0.22.0,strict_temporal_train,within_user_temporal_test,not_applicable,300,,,bias_bpm,"origin-within-session, session-within-user, equal-user mean",3,20260722;20260723;20260724,0.6439334154129028,0.5760663151741028,0.6456305980682373,948,16012,104144,False
0.22.0,temporal_tcn,,evaluation,point,tcn,0.22.0,0.22.0,strict_temporal_train,within_user_temporal_test,not_applicable,300,,,mae_bpm,"origin-within-session, session-within-user, equal-user mean",3,20260722;20260723;20260724,8.332843780517578,8.321605682373047,8.338669776916504,948,16012,104144,False
0.22.0,temporal_tcn,,evaluation,point,tcn,0.22.0,0.22.0,strict_temporal_train,within_user_temporal_test,not_applicable,300,,,rmse_bpm,"origin-within-session, session-within-user, equal-user mean",3,20260722;20260723;20260724,9.969783782958984,9.954124450683594,9.982707977294922,948,16012,104144,False
0.22.0,unseen_gru,,evaluation,point,gru,0.9.0,,unseen_user_train,goldencheetah_external__indoor_virtual_cycling,not_applicable,60,,,bias_bpm,"origin-within-session, session-within-user, equal-user mean",3,20260722;20260723;20260724,-0.4556085467338562,-0.5372808575630188,-0.0258954335004091,41,2275,26235,False
0.22.0,unseen_gru,,evaluation,point,gru,0.9.0,,unseen_user_train,goldencheetah_external__indoor_virtual_cycling,not_applicable,60,,,mae_bpm,"origin-within-session, session-within-user, equal-user mean",3,20260722;20260723;20260724,6.533020973205566,6.490012645721436,6.5493998527526855,41,2275,26235,False
0.22.0,unseen_gru,,evaluation,point,gru,0.9.0,,unseen_user_train,goldencheetah_external__indoor_virtual_cycling,not_applicable,60,,,rmse_bpm,"origin-within-session, session-within-user, equal-user mean",3,20260722;20260723;20260724,8.301793098449707,8.298369407653809,8.318008422851562,41,2275,26235,False
0.22.0,unseen_gru,,evaluation,point,gru,0.9.0,,unseen_user_train,goldencheetah_external__indoor_virtual_cycling,not_applicable,180,,,bias_bpm,"origin-within-session, session-within-user, equal-user mean",3,20260722;20260723;20260724,-0.557840883731842,-0.8568506240844727,-0.4704181849956512,41,2275,26235,False
0.22.0,unseen_gru,,evaluation,point,gru,0.9.0,,unseen_user_train,goldencheetah_external__indoor_virtual_cycling,not_applicable,180,,,mae_bpm,"origin-within-session, session-within-user, equal-user mean",3,20260722;20260723;20260724,9.872933387756348,9.824864387512209,9.87916374206543,41,2275,26235,False
0.22.0,unseen_gru,,evaluation,point,gru,0.9.0,,unseen_user_train,goldencheetah_external__indoor_virtual_cycling,not_applicable,180,,,rmse_bpm,"origin-within-session, session-within-user, equal-user mean",3,20260722;20260723;20260724,12.236507415771484,12.19604778289795,12.26320743560791,41,2275,26235,False
0.22.0,unseen_gru,,evaluation,point,gru,0.9.0,,unseen_user_train,goldencheetah_external__indoor_virtual_cycling,not_applicable,300,,,bias_bpm,"origin-within-session, session-within-user, equal-user mean",3,20260722;20260723;20260724,-0.6090510487556458,-0.8802446722984314,-0.5947660803794861,41,2275,26235,False
0.22.0,unseen_gru,,evaluation,point,gru,0.9.0,,unseen_user_train,goldencheetah_external__indoor_virtual_cycling,not_applicable,300,,,mae_bpm,"origin-within-session, session-within-user, equal-user mean",3,20260722;20260723;20260724,11.734527587890623,11.698575973510742,11.773541450500488,41,2275,26235,False
0.22.0,unseen_gru,,evaluation,point,gru,0.9.0,,unseen_user_train,goldencheetah_external__indoor_virtual_cycling,not_applicable,300,,,rmse_bpm,"origin-within-session, session-within-user, equal-user mean",3,20260722;20260723;20260724,14.429377555847168,14.3895845413208,14.49047565460205,41,2275,26235,False
0.22.0,unseen_gru,,evaluation,point,gru,0.9.0,,unseen_user_train,goldencheetah_external__outdoor_cycling,not_applicable,60,,,bias_bpm,"origin-within-session, session-within-user, equal-user mean",3,20260722;20260723;20260724,-0.0100791351869702,-0.0318178907036781,0.3678131699562073,143,25757,470820,False
0.22.0,unseen_gru,,evaluation,point,gru,0.9.0,,unseen_user_train,goldencheetah_external__outdoor_cycling,not_applicable,60,,,mae_bpm,"origin-within-session, session-within-user, equal-user mean",3,20260722;20260723;20260724,7.761177539825439,7.73647928237915,7.777225971221924,143,25757,470820,False
0.22.0,unseen_gru,,evaluation,point,gru,0.9.0,,unseen_user_train,goldencheetah_external__outdoor_cycling,not_applicable,60,,,rmse_bpm,"origin-within-session, session-within-user, equal-user mean",3,20260722;20260723;20260724,9.962838172912598,9.958932876586914,9.996367454528809,143,25757,470820,False
0.22.0,unseen_gru,,evaluation,point,gru,0.9.0,,unseen_user_train,goldencheetah_external__outdoor_cycling,not_applicable,180,,,bias_bpm,"origin-within-session, session-within-user, equal-user mean",3,20260722;20260723;20260724,-0.2928048372268677,-0.5010400414466858,-0.1069642603397369,143,25757,470820,False
0.22.0,unseen_gru,,evaluation,point,gru,0.9.0,,unseen_user_train,goldencheetah_external__outdoor_cycling,not_applicable,180,,,mae_bpm,"origin-within-session, session-within-user, equal-user mean",3,20260722;20260723;20260724,10.554752349853516,10.512924194335938,10.567808151245115,143,25757,470820,False
0.22.0,unseen_gru,,evaluation,point,gru,0.9.0,,unseen_user_train,goldencheetah_external__outdoor_cycling,not_applicable,180,,,rmse_bpm,"origin-within-session, session-within-user, equal-user mean",3,20260722;20260723;20260724,13.261445999145508,13.231996536254885,13.275012016296388,143,25757,470820,False
0.22.0,unseen_gru,,evaluation,point,gru,0.9.0,,unseen_user_train,goldencheetah_external__outdoor_cycling,not_applicable,300,,,bias_bpm,"origin-within-session, session-within-user, equal-user mean",3,20260722;20260723;20260724,-0.5359293222427368,-0.5726770758628845,-0.2963427603244781,143,25757,470820,False
0.22.0,unseen_gru,,evaluation,point,gru,0.9.0,,unseen_user_train,goldencheetah_external__outdoor_cycling,not_applicable,300,,,mae_bpm,"origin-within-session, session-within-user, equal-user mean",3,20260722;20260723;20260724,11.602807998657228,11.557241439819336,11.607157707214355,143,25757,470820,False
0.22.0,unseen_gru,,evaluation,point,gru,0.9.0,,unseen_user_train,goldencheetah_external__outdoor_cycling,not_applicable,300,,,rmse_bpm,"origin-within-session, session-within-user, equal-user mean",3,20260722;20260723;20260724,14.490262031555176,14.44911766052246,14.50210666656494,143,25757,470820,False
0.22.0,unseen_gru,,evaluation,point,gru,0.9.0,,unseen_user_train,goldencheetah_external__running,not_applicable,60,,,bias_bpm,"origin-within-session, session-within-user, equal-user mean",3,20260722;20260723;20260724,0.7574256062507629,0.5875880122184753,0.9811177253723145,50,3819,34670,False
0.22.0,unseen_gru,,evaluation,point,gru,0.9.0,,unseen_user_train,goldencheetah_external__running,not_applicable,60,,,mae_bpm,"origin-within-session, session-within-user, equal-user mean",3,20260722;20260723;20260724,5.799711227416992,5.770437240600586,5.823182582855225,50,3819,34670,False
0.22.0,unseen_gru,,evaluation,point,gru,0.9.0,,unseen_user_train,goldencheetah_external__running,not_applicable,60,,,rmse_bpm,"origin-within-session, session-within-user, equal-user mean",3,20260722;20260723;20260724,7.756641387939453,7.710236072540283,7.761797428131103,50,3819,34670,False
0.22.0,unseen_gru,,evaluation,point,gru,0.9.0,,unseen_user_train,goldencheetah_external__running,not_applicable,180,,,bias_bpm,"origin-within-session, session-within-user, equal-user mean",3,20260722;20260723;20260724,0.6883909106254578,0.5825875401496887,0.8193994760513306,50,3819,34670,False
0.22.0,unseen_gru,,evaluation,point,gru,0.9.0,,unseen_user_train,goldencheetah_external__running,not_applicable,180,,,mae_bpm,"origin-within-session, session-within-user, equal-user mean",3,20260722;20260723;20260724,7.677884578704834,7.633836269378662,7.722392559051514,50,3819,34670,False
0.22.0,unseen_gru,,evaluation,point,gru,0.9.0,,unseen_user_train,goldencheetah_external__running,not_applicable,180,,,rmse_bpm,"origin-within-session, session-within-user, equal-user mean",3,20260722;20260723;20260724,9.79096221923828,9.780477523803713,9.866650581359863,50,3819,34670,False
0.22.0,unseen_gru,,evaluation,point,gru,0.9.0,,unseen_user_train,goldencheetah_external__running,not_applicable,300,,,bias_bpm,"origin-within-session, session-within-user, equal-user mean",3,20260722;20260723;20260724,0.8276546597480774,0.8110609650611877,1.083746075630188,50,3819,34670,False
0.22.0,unseen_gru,,evaluation,point,gru,0.9.0,,unseen_user_train,goldencheetah_external__running,not_applicable,300,,,mae_bpm,"origin-within-session, session-within-user, equal-user mean",3,20260722;20260723;20260724,8.607782363891602,8.557849884033203,8.609619140625,50,3819,34670,False
0.22.0,unseen_gru,,evaluation,point,gru,0.9.0,,unseen_user_train,goldencheetah_external__running,not_applicable,300,,,rmse_bpm,"origin-within-session, session-within-user, equal-user mean",3,20260722;20260723;20260724,10.877079010009766,10.875829696655272,10.880531311035156,50,3819,34670,False
0.22.0,unseen_gru,,evaluation,point,gru,0.9.0,,unseen_user_train,goldencheetah_frozen_external,not_applicable,60,,,bias_bpm,"origin-within-session, session-within-user, equal-user mean",3,20260722;20260723;20260724,-0.0186459477990865,-0.0213098302483558,0.3901723325252533,144,31851,531725,False
0.22.0,unseen_gru,,evaluation,point,gru,0.9.0,,unseen_user_train,goldencheetah_frozen_external,not_applicable,60,,,mae_bpm,"origin-within-session, session-within-user, equal-user mean",3,20260722;20260723;20260724,7.527267456054687,7.500540733337402,7.54705810546875,144,31851,531725,False
0.22.0,unseen_gru,,evaluation,point,gru,0.9.0,,unseen_user_train,goldencheetah_frozen_external,not_applicable,60,,,rmse_bpm,"origin-within-session, session-within-user, equal-user mean",3,20260722;20260723;20260724,9.66097640991211,9.656963348388672,9.697766304016112,144,31851,531725,False
0.22.0,unseen_gru,,evaluation,point,gru,0.9.0,,unseen_user_train,goldencheetah_frozen_external,not_applicable,180,,,bias_bpm,"origin-within-session, session-within-user, equal-user mean",3,20260722;20260723;20260724,-0.2881079316139221,-0.4771837592124939,-0.0687591060996055,144,31851,531725,False
0.22.0,unseen_gru,,evaluation,point,gru,0.9.0,,unseen_user_train,goldencheetah_frozen_external,not_applicable,180,,,mae_bpm,"origin-within-session, session-within-user, equal-user mean",3,20260722;20260723;20260724,10.245433807373049,10.207307815551758,10.25777530670166,144,31851,531725,False
0.22.0,unseen_gru,,evaluation,point,gru,0.9.0,,unseen_user_train,goldencheetah_frozen_external,not_applicable,180,,,rmse_bpm,"origin-within-session, session-within-user, equal-user mean",3,20260722;20260723;20260724,12.863872528076172,12.83840560913086,12.880619049072266,144,31851,531725,False
0.22.0,unseen_gru,,evaluation,point,gru,0.9.0,,unseen_user_train,goldencheetah_frozen_external,not_applicable,300,,,bias_bpm,"origin-within-session, session-within-user, equal-user mean",3,20260722;20260723;20260724,-0.4940484464168548,-0.540591299533844,-0.2321004569530487,144,31851,531725,False
0.22.0,unseen_gru,,evaluation,point,gru,0.9.0,,unseen_user_train,goldencheetah_frozen_external,not_applicable,300,,,mae_bpm,"origin-within-session, session-within-user, equal-user mean",3,20260722;20260723;20260724,11.259870529174805,11.218402862548828,11.26040267944336,144,31851,531725,False
0.22.0,unseen_gru,,evaluation,point,gru,0.9.0,,unseen_user_train,goldencheetah_frozen_external,not_applicable,300,,,rmse_bpm,"origin-within-session, session-within-user, equal-user mean",3,20260722;20260723;20260724,14.04936695098877,14.0126953125,14.05728244781494,144,31851,531725,False
0.22.0,unseen_gru,,evaluation,point,gru,0.9.0,,unseen_user_train,unseen_user_test,not_applicable,60,,,bias_bpm,"origin-within-session, session-within-user, equal-user mean",3,20260722;20260723;20260724,0.0585197992622852,0.0559310689568519,0.2781142890453338,105,15026,101184,False
0.22.0,unseen_gru,,evaluation,point,gru,0.9.0,,unseen_user_train,unseen_user_test,not_applicable,60,,,mae_bpm,"origin-within-session, session-within-user, equal-user mean",3,20260722;20260723;20260724,5.902315139770508,5.859635829925537,5.915415287017822,105,15026,101184,False
0.22.0,unseen_gru,,evaluation,point,gru,0.9.0,,unseen_user_train,unseen_user_test,not_applicable,60,,,rmse_bpm,"origin-within-session, session-within-user, equal-user mean",3,20260722;20260723;20260724,7.181673049926758,7.1378703117370605,7.202767372131348,105,15026,101184,False
0.22.0,unseen_gru,,evaluation,point,gru,0.9.0,,unseen_user_train,unseen_user_test,not_applicable,180,,,bias_bpm,"origin-within-session, session-within-user, equal-user mean",3,20260722;20260723;20260724,0.220036968588829,0.154294803738594,0.2899186909198761,105,15026,101184,False
0.22.0,unseen_gru,,evaluation,point,gru,0.9.0,,unseen_user_train,unseen_user_test,not_applicable,180,,,mae_bpm,"origin-within-session, session-within-user, equal-user mean",3,20260722;20260723;20260724,7.423017024993896,7.411548614501953,7.469837665557861,105,15026,101184,False
0.22.0,unseen_gru,,evaluation,point,gru,0.9.0,,unseen_user_train,unseen_user_test,not_applicable,180,,,rmse_bpm,"origin-within-session, session-within-user, equal-user mean",3,20260722;20260723;20260724,8.931366920471191,8.923349380493164,8.982542991638184,105,15026,101184,False
0.22.0,unseen_gru,,evaluation,point,gru,0.9.0,,unseen_user_train,unseen_user_test,not_applicable,300,,,bias_bpm,"origin-within-session, session-within-user, equal-user mean",3,20260722;20260723;20260724,0.1872421205043792,0.1353371292352676,0.2741366624832153,105,15026,101184,False
0.22.0,unseen_gru,,evaluation,point,gru,0.9.0,,unseen_user_train,unseen_user_test,not_applicable,300,,,mae_bpm,"origin-within-session, session-within-user, equal-user mean",3,20260722;20260723;20260724,8.215645790100098,8.210880279541016,8.255524635314941,105,15026,101184,False
0.22.0,unseen_gru,,evaluation,point,gru,0.9.0,,unseen_user_train,unseen_user_test,not_applicable,300,,,rmse_bpm,"origin-within-session, session-within-user, equal-user mean",3,20260722;20260723;20260724,9.828197479248049,9.82533836364746,9.875683784484863,105,15026,101184,False
0.22.0,unseen_gru,,evaluation,point,gru,0.9.0,,unseen_user_train,unseen_user_validation,not_applicable,60,,,bias_bpm,"origin-within-session, session-within-user, equal-user mean",3,20260722;20260723;20260724,0.4163592159748077,0.3956619203090668,0.6238882541656494,127,19062,123370,False
0.22.0,unseen_gru,,evaluation,point,gru,0.9.0,,unseen_user_train,unseen_user_validation,not_applicable,60,,,mae_bpm,"origin-within-session, session-within-user, equal-user mean",3,20260722;20260723;20260724,6.254271984100342,6.218024253845215,6.268546104431152,127,19062,123370,False
0.22.0,unseen_gru,,evaluation,point,gru,0.9.0,,unseen_user_train,unseen_user_validation,not_applicable,60,,,rmse_bpm,"origin-within-session, session-within-user, equal-user mean",3,20260722;20260723;20260724,7.56296968460083,7.527537822723389,7.592173099517822,127,19062,123370,False
0.22.0,unseen_gru,,evaluation,point,gru,0.9.0,,unseen_user_train,unseen_user_validation,not_applicable,180,,,bias_bpm,"origin-within-session, session-within-user, equal-user mean",3,20260722;20260723;20260724,0.5457525849342346,0.4823331832885742,0.6273372173309326,127,19062,123370,False
0.22.0,unseen_gru,,evaluation,point,gru,0.9.0,,unseen_user_train,unseen_user_validation,not_applicable,180,,,mae_bpm,"origin-within-session, session-within-user, equal-user mean",3,20260722;20260723;20260724,7.747066497802734,7.732940196990967,7.767924785614014,127,19062,123370,False
0.22.0,unseen_gru,,evaluation,point,gru,0.9.0,,unseen_user_train,unseen_user_validation,not_applicable,180,,,rmse_bpm,"origin-within-session, session-within-user, equal-user mean",3,20260722;20260723;20260724,9.336586952209473,9.32140827178955,9.357358932495115,127,19062,123370,False
0.22.0,unseen_gru,,evaluation,point,gru,0.9.0,,unseen_user_train,unseen_user_validation,not_applicable,300,,,bias_bpm,"origin-within-session, session-within-user, equal-user mean",3,20260722;20260723;20260724,0.3930369913578033,0.3605625331401825,0.4940414726734161,127,19062,123370,False
0.22.0,unseen_gru,,evaluation,point,gru,0.9.0,,unseen_user_train,unseen_user_validation,not_applicable,300,,,mae_bpm,"origin-within-session, session-within-user, equal-user mean",3,20260722;20260723;20260724,8.268796920776367,8.248167991638184,8.272579193115234,127,19062,123370,False
0.22.0,unseen_gru,,evaluation,point,gru,0.9.0,,unseen_user_train,unseen_user_validation,not_applicable,300,,,rmse_bpm,"origin-within-session, session-within-user, equal-user mean",3,20260722;20260723;20260724,9.90634822845459,9.89231014251709,9.917372703552246,127,19062,123370,False
0.22.0,unseen_main,,development,interval,history_quantile_tcn,0.11.0,,unseen_main,unseen_user_test,history_informed,60,0.5,false,absolute_coverage_error,"origin-within-session, session-within-user, equal-user mean",5,20260722;20260723;20260724;20260725;20260726,0.0111003220081329,0.0018784403800964,0.0218254327774047,105,15026,101184,False
0.22.0,unseen_main,,development,interval,history_quantile_tcn,0.11.0,,unseen_main,unseen_user_test,history_informed,60,0.5,false,conformal_adjustment_bpm,"origin-within-session, session-within-user, equal-user mean",5,20260722;20260723;20260724;20260725;20260726,0.0,0.0,0.0,105,15026,101184,False
0.22.0,unseen_main,,development,interval,history_quantile_tcn,0.11.0,,unseen_main,unseen_user_test,history_informed,60,0.5,false,mean_interval_width_bpm,"origin-within-session, session-within-user, equal-user mean",5,20260722;20260723;20260724;20260725;20260726,8.994180679321289,8.813241004943848,9.071361541748049,105,15026,101184,False
0.22.0,unseen_main,,development,interval,history_quantile_tcn,0.11.0,,unseen_main,unseen_user_test,history_informed,60,0.5,false,picp,"origin-within-session, session-within-user, equal-user mean",5,20260722;20260723;20260724;20260725;20260726,0.488899677991867,0.4781745672225952,0.4981215596199035,105,15026,101184,False
0.22.0,unseen_main,,development,interval,history_quantile_tcn,0.11.0,,unseen_main,unseen_user_test,history_informed,60,0.5,true,absolute_coverage_error,"origin-within-session, session-within-user, equal-user mean",5,20260722;20260723;20260724;20260725;20260726,0.0111003220081329,0.0018784403800964,0.0207792818546295,105,15026,101184,False
0.22.0,unseen_main,,development,interval,history_quantile_tcn,0.11.0,,unseen_main,unseen_user_test,history_informed,60,0.5,true,conformal_adjustment_bpm,"origin-within-session, session-within-user, equal-user mean",5,20260722;20260723;20260724;20260725;20260726,0.0030364990234375,0.0,0.021484375,105,15026,101184,False
0.22.0,unseen_main,,development,interval,history_quantile_tcn,0.11.0,,unseen_main,unseen_user_test,history_informed,60,0.5,true,mean_interval_width_bpm,"origin-within-session, session-within-user, equal-user mean",5,20260722;20260723;20260724;20260725;20260726,8.994180679321289,8.854536056518555,9.071361541748049,105,15026,101184,False
0.22.0,unseen_main,,development,interval,history_quantile_tcn,0.11.0,,unseen_main,unseen_user_test,history_informed,60,0.5,true,picp,"origin-within-session, session-within-user, equal-user mean",5,20260722;20260723;20260724;20260725;20260726,0.488899677991867,0.4792207181453705,0.4981215596199035,105,15026,101184,False
0.22.0,unseen_main,,development,interval,history_quantile_tcn,0.11.0,,unseen_main,unseen_user_test,history_informed,60,0.8,false,absolute_coverage_error,"origin-within-session, session-within-user, equal-user mean",5,20260722;20260723;20260724;20260725;20260726,0.0082011103630066,0.0061843872070312,0.0142393589019775,105,15026,101184,False
0.22.0,unseen_main,,development,interval,history_quantile_tcn,0.11.0,,unseen_main,unseen_user_test,history_informed,60,0.8,false,conformal_adjustment_bpm,"origin-within-session, session-within-user, equal-user mean",5,20260722;20260723;20260724;20260725;20260726,0.0,0.0,0.0,105,15026,101184,False
0.22.0,unseen_main,,development,interval,history_quantile_tcn,0.11.0,,unseen_main,unseen_user_test,history_informed,60,0.8,false,mean_interval_width_bpm,"origin-within-session, session-within-user, equal-user mean",5,20260722;20260723;20260724;20260725;20260726,17.757394790649414,17.507143020629883,18.26948547363281,105,15026,101184,False
0.22.0,unseen_main,,development,interval,history_quantile_tcn,0.11.0,,unseen_main,unseen_user_test,history_informed,60,0.8,false,picp,"origin-within-session, session-within-user, equal-user mean",5,20260722;20260723;20260724;20260725;20260726,0.7917988896369934,0.7857606410980225,0.8062798380851746,105,15026,101184,False
0.22.0,unseen_main,,development,interval,history_quantile_tcn,0.11.0,,unseen_main,unseen_user_test,history_informed,60,0.8,true,absolute_coverage_error,"origin-within-session, session-within-user, equal-user mean",5,20260722;20260723;20260724;20260725;20260726,0.0082011103630066,0.0061843872070312,0.0130486369132996,105,15026,101184,False
0.22.0,unseen_main,,development,interval,history_quantile_tcn,0.11.0,,unseen_main,unseen_user_test,history_informed,60,0.8,true,conformal_adjustment_bpm,"origin-within-session, session-within-user, equal-user mean",5,20260722;20260723;20260724;20260725;20260726,0.0,0.0,0.01953125,105,15026,101184,False
0.22.0,unseen_main,,development,interval,history_quantile_tcn,0.11.0,,unseen_main,unseen_user_test,history_informed,60,0.8,true,mean_interval_width_bpm,"origin-within-session, session-within-user, equal-user mean",5,20260722;20260723;20260724;20260725;20260726,17.757394790649414,17.546106338500977,18.26948547363281,105,15026,101184,False
0.22.0,unseen_main,,development,interval,history_quantile_tcn,0.11.0,,unseen_main,unseen_user_test,history_informed,60,0.8,true,picp,"origin-within-session, session-within-user, equal-user mean",5,20260722;20260723;20260724;20260725;20260726,0.7917988896369934,0.7869513630867004,0.8062798380851746,105,15026,101184,False
0.22.0,unseen_main,,development,interval,history_quantile_tcn,0.11.0,,unseen_main,unseen_user_test,history_informed,60,0.9,false,absolute_coverage_error,"origin-within-session, session-within-user, equal-user mean",5,20260722;20260723;20260724;20260725;20260726,0.0068059206008911,0.0022942781448364,0.0107140779495239,105,15026,101184,False
0.22.0,unseen_main,,development,interval,history_quantile_tcn,0.11.0,,unseen_main,unseen_user_test,history_informed,60,0.9,false,conformal_adjustment_bpm,"origin-within-session, session-within-user, equal-user mean",5,20260722;20260723;20260724;20260725;20260726,0.0,0.0,0.0,105,15026,101184,False
0.22.0,unseen_main,,development,interval,history_quantile_tcn,0.11.0,,unseen_main,unseen_user_test,history_informed,60,0.9,false,mean_interval_width_bpm,"origin-within-session, session-within-user, equal-user mean",5,20260722;20260723;20260724;20260725;20260726,23.750444412231445,23.44042015075684,24.356842041015625,105,15026,101184,False
0.22.0,unseen_main,,development,interval,history_quantile_tcn,0.11.0,,unseen_main,unseen_user_test,history_informed,60,0.9,false,picp,"origin-within-session, session-within-user, equal-user mean",5,20260722;20260723;20260724;20260725;20260726,0.8931940793991089,0.8892859220504761,0.9022942781448364,105,15026,101184,False
0.22.0,unseen_main,,development,interval,history_quantile_tcn,0.11.0,,unseen_main,unseen_user_test,history_informed,60,0.9,true,absolute_coverage_error,"origin-within-session, session-within-user, equal-user mean",5,20260722;20260723;20260724;20260725;20260726,0.004991614818573,0.0022942781448364,0.0101272702217102,105,15026,101184,False
0.22.0,unseen_main,,development,interval,history_quantile_tcn,0.11.0,,unseen_main,unseen_user_test,history_informed,60,0.9,true,conformal_adjustment_bpm,"origin-within-session, session-within-user, equal-user mean",5,20260722;20260723;20260724;20260725;20260726,0.0208358764648437,0.0,0.1276092529296875,105,15026,101184,False
0.22.0,unseen_main,,development,interval,history_quantile_tcn,0.11.0,,unseen_main,unseen_user_test,history_informed,60,0.9,true,mean_interval_width_bpm,"origin-within-session, session-within-user, equal-user mean",5,20260722;20260723;20260724;20260725;20260726,23.828298568725582,23.666522979736328,24.356842041015625,105,15026,101184,False
0.22.0,unseen_main,,development,interval,history_quantile_tcn,0.11.0,,unseen_main,unseen_user_test,history_informed,60,0.9,true,picp,"origin-within-session, session-within-user, equal-user mean",5,20260722;20260723;20260724;20260725;20260726,0.895008385181427,0.8898727297782898,0.9022942781448364,105,15026,101184,False
0.22.0,unseen_main,,development,interval,history_quantile_tcn,0.11.0,,unseen_main,unseen_user_test,history_informed,180,0.5,false,absolute_coverage_error,"origin-within-session, session-within-user, equal-user mean",5,20260722;20260723;20260724;20260725;20260726,0.0207353830337524,0.0048082768917083,0.0303366482257843,105,15026,101184,False
0.22.0,unseen_main,,development,interval,history_quantile_tcn,0.11.0,,unseen_main,unseen_user_test,history_informed,180,0.5,false,conformal_adjustment_bpm,"origin-within-session, session-within-user, equal-user mean",5,20260722;20260723;20260724;20260725;20260726,0.0,0.0,0.0,105,15026,101184,False
0.22.0,unseen_main,,development,interval,history_quantile_tcn,0.11.0,,unseen_main,unseen_user_test,history_informed,180,0.5,false,mean_interval_width_bpm,"origin-within-session, session-within-user, equal-user mean",5,20260722;20260723;20260724;20260725;20260726,11.117942810058594,10.917405128479004,11.464308738708496,105,15026,101184,False
0.22.0,unseen_main,,development,interval,history_quantile_tcn,0.11.0,,unseen_main,unseen_user_test,history_informed,180,0.5,false,picp,"origin-within-session, session-within-user, equal-user mean",5,20260722;20260723;20260724;20260725;20260726,0.4792646169662475,0.4696633517742157,0.4951917231082916,105,15026,101184,False
0.22.0,unseen_main,,development,interval,history_quantile_tcn,0.11.0,,unseen_main,unseen_user_test,history_informed,180,0.5,true,absolute_coverage_error,"origin-within-session, session-within-user, equal-user mean",5,20260722;20260723;20260724;20260725;20260726,0.0207353830337524,0.0048082768917083,0.0274519026279449,105,15026,101184,False
0.22.0,unseen_main,,development,interval,history_quantile_tcn,0.11.0,,unseen_main,unseen_user_test,history_informed,180,0.5,true,conformal_adjustment_bpm,"origin-within-session, session-within-user, equal-user mean",5,20260722;20260723;20260724;20260725;20260726,0.0,0.0,0.0286407470703125,105,15026,101184,False
0.22.0,unseen_main,,development,interval,history_quantile_tcn,0.11.0,,unseen_main,unseen_user_test,history_informed,180,0.5,true,mean_interval_width_bpm,"origin-within-session, session-within-user, equal-user mean",5,20260722;20260723;20260724;20260725;20260726,11.117942810058594,10.974605560302734,11.464308738708496,105,15026,101184,False
0.22.0,unseen_main,,development,interval,history_quantile_tcn,0.11.0,,unseen_main,unseen_user_test,history_informed,180,0.5,true,picp,"origin-within-session, session-within-user, equal-user mean",5,20260722;20260723;20260724;20260725;20260726,0.4792646169662475,0.472548097372055,0.4951917231082916,105,15026,101184,False
0.22.0,unseen_main,,development,interval,history_quantile_tcn,0.11.0,,unseen_main,unseen_user_test,history_informed,180,0.8,false,absolute_coverage_error,"origin-within-session, session-within-user, equal-user mean",5,20260722;20260723;20260724;20260725;20260726,0.0133920788764954,0.0004234790802002,0.019239354133606,105,15026,101184,False
0.22.0,unseen_main,,development,interval,history_quantile_tcn,0.11.0,,unseen_main,unseen_user_test,history_informed,180,0.8,false,conformal_adjustment_bpm,"origin-within-session, session-within-user, equal-user mean",5,20260722;20260723;20260724;20260725;20260726,0.0,0.0,0.0,105,15026,101184,False
0.22.0,unseen_main,,development,interval,history_quantile_tcn,0.11.0,,unseen_main,unseen_user_test,history_informed,180,0.8,false,mean_interval_width_bpm,"origin-within-session, session-within-user, equal-user mean",5,20260722;20260723;20260724;20260725;20260726,22.080665588378903,21.755104064941406,22.70965003967285,105,15026,101184,False
0.22.0,unseen_main,,development,interval,history_quantile_tcn,0.11.0,,unseen_main,unseen_user_test,history_informed,180,0.8,false,picp,"origin-within-session, session-within-user, equal-user mean",5,20260722;20260723;20260724;20260725;20260726,0.7866079211235046,0.780760645866394,0.7995765209197998,105,15026,101184,False
0.22.0,unseen_main,,development,interval,history_quantile_tcn,0.11.0,,unseen_main,unseen_user_test,history_informed,180,0.8,true,absolute_coverage_error,"origin-within-session, session-within-user, equal-user mean",5,20260722;20260723;20260724;20260725;20260726,0.0133920788764954,0.0004234790802002,0.0175776362419128,105,15026,101184,False
0.22.0,unseen_main,,development,interval,history_quantile_tcn,0.11.0,,unseen_main,unseen_user_test,history_informed,180,0.8,true,conformal_adjustment_bpm,"origin-within-session, session-within-user, equal-user mean",5,20260722;20260723;20260724;20260725;20260726,0.0,0.0,0.046875,105,15026,101184,False
0.22.0,unseen_main,,development,interval,history_quantile_tcn,0.11.0,,unseen_main,unseen_user_test,history_informed,180,0.8,true,mean_interval_width_bpm,"origin-within-session, session-within-user, equal-user mean",5,20260722;20260723;20260724;20260725;20260726,22.080665588378903,21.84857940673828,22.70965003967285,105,15026,101184,False
0.22.0,unseen_main,,development,interval,history_quantile_tcn,0.11.0,,unseen_main,unseen_user_test,history_informed,180,0.8,true,picp,"origin-within-session, session-within-user, equal-user mean",5,20260722;20260723;20260724;20260725;20260726,0.7866079211235046,0.7824223637580872,0.7995765209197998,105,15026,101184,False
0.22.0,unseen_main,,development,interval,history_quantile_tcn,0.11.0,,unseen_main,unseen_user_test,history_informed,180,0.9,false,absolute_coverage_error,"origin-within-session, session-within-user, equal-user mean",5,20260722;20260723;20260724;20260725;20260726,0.0094356179237365,0.0026033163070678,0.0132736802101135,105,15026,101184,False
0.22.0,unseen_main,,development,interval,history_quantile_tcn,0.11.0,,unseen_main,unseen_user_test,history_informed,180,0.9,false,conformal_adjustment_bpm,"origin-within-session, session-within-user, equal-user mean",5,20260722;20260723;20260724;20260725;20260726,0.0,0.0,0.0,105,15026,101184,False
0.22.0,unseen_main,,development,interval,history_quantile_tcn,0.11.0,,unseen_main,unseen_user_test,history_informed,180,0.9,false,mean_interval_width_bpm,"origin-within-session, session-within-user, equal-user mean",5,20260722;20260723;20260724;20260725;20260726,29.746551513671875,29.39484214782715,30.42510032653809,105,15026,101184,False
0.22.0,unseen_main,,development,interval,history_quantile_tcn,0.11.0,,unseen_main,unseen_user_test,history_informed,180,0.9,false,picp,"origin-within-session, session-within-user, equal-user mean",5,20260722;20260723;20260724;20260725;20260726,0.8905643820762634,0.8867263197898865,0.8973966836929321,105,15026,101184,False
0.22.0,unseen_main,,development,interval,history_quantile_tcn,0.11.0,,unseen_main,unseen_user_test,history_informed,180,0.9,true,absolute_coverage_error,"origin-within-session, session-within-user, equal-user mean",5,20260722;20260723;20260724;20260725;20260726,0.0094356179237365,0.0026033163070678,0.0121458411216736,105,15026,101184,False
0.22.0,unseen_main,,development,interval,history_quantile_tcn,0.11.0,,unseen_main,unseen_user_test,history_informed,180,0.9,true,conformal_adjustment_bpm,"origin-within-session, session-within-user, equal-user mean",5,20260722;20260723;20260724;20260725;20260726,0.0,0.0,0.0625,105,15026,101184,False
0.22.0,unseen_main,,development,interval,history_quantile_tcn,0.11.0,,unseen_main,unseen_user_test,history_informed,180,0.9,true,mean_interval_width_bpm,"origin-within-session, session-within-user, equal-user mean",5,20260722;20260723;20260724;20260725;20260726,29.746551513671875,29.519309997558597,30.42510032653809,105,15026,101184,False
0.22.0,unseen_main,,development,interval,history_quantile_tcn,0.11.0,,unseen_main,unseen_user_test,history_informed,180,0.9,true,picp,"origin-within-session, session-within-user, equal-user mean",5,20260722;20260723;20260724;20260725;20260726,0.8905643820762634,0.8878541588783264,0.8973966836929321,105,15026,101184,False
0.22.0,unseen_main,,development,interval,history_quantile_tcn,0.11.0,,unseen_main,unseen_user_test,history_informed,300,0.5,false,absolute_coverage_error,"origin-within-session, session-within-user, equal-user mean",5,20260722;20260723;20260724;20260725;20260726,0.0186385512351989,0.0086660385131835,0.0239271223545074,105,15026,101184,False
0.22.0,unseen_main,,development,interval,history_quantile_tcn,0.11.0,,unseen_main,unseen_user_test,history_informed,300,0.5,false,conformal_adjustment_bpm,"origin-within-session, session-within-user, equal-user mean",5,20260722;20260723;20260724;20260725;20260726,0.0,0.0,0.0,105,15026,101184,False
0.22.0,unseen_main,,development,interval,history_quantile_tcn,0.11.0,,unseen_main,unseen_user_test,history_informed,300,0.5,false,mean_interval_width_bpm,"origin-within-session, session-within-user, equal-user mean",5,20260722;20260723;20260724;20260725;20260726,12.018022537231444,11.93331813812256,12.375433921813965,105,15026,101184,False
0.22.0,unseen_main,,development,interval,history_quantile_tcn,0.11.0,,unseen_main,unseen_user_test,history_informed,300,0.5,false,picp,"origin-within-session, session-within-user, equal-user mean",5,20260722;20260723;20260724;20260725;20260726,0.481361448764801,0.4760728776454925,0.4913339614868164,105,15026,101184,False
0.22.0,unseen_main,,development,interval,history_quantile_tcn,0.11.0,,unseen_main,unseen_user_test,history_informed,300,0.5,true,absolute_coverage_error,"origin-within-session, session-within-user, equal-user mean",5,20260722;20260723;20260724;20260725;20260726,0.0186385512351989,0.0086660385131835,0.0239271223545074,105,15026,101184,False
0.22.0,unseen_main,,development,interval,history_quantile_tcn,0.11.0,,unseen_main,unseen_user_test,history_informed,300,0.5,true,conformal_adjustment_bpm,"origin-within-session, session-within-user, equal-user mean",5,20260722;20260723;20260724;20260725;20260726,0.0,0.0,0.0,105,15026,101184,False
0.22.0,unseen_main,,development,interval,history_quantile_tcn,0.11.0,,unseen_main,unseen_user_test,history_informed,300,0.5,true,mean_interval_width_bpm,"origin-within-session, session-within-user, equal-user mean",5,20260722;20260723;20260724;20260725;20260726,12.018022537231444,11.93331813812256,12.375433921813965,105,15026,101184,False
0.22.0,unseen_main,,development,interval,history_quantile_tcn,0.11.0,,unseen_main,unseen_user_test,history_informed,300,0.5,true,picp,"origin-within-session, session-within-user, equal-user mean",5,20260722;20260723;20260724;20260725;20260726,0.481361448764801,0.4760728776454925,0.4913339614868164,105,15026,101184,False
0.22.0,unseen_main,,development,interval,history_quantile_tcn,0.11.0,,unseen_main,unseen_user_test,history_informed,300,0.8,false,absolute_coverage_error,"origin-within-session, session-within-user, equal-user mean",5,20260722;20260723;20260724;20260725;20260726,0.0161758542060852,0.0143475413322449,0.0311256527900696,105,15026,101184,False
0.22.0,unseen_main,,development,interval,history_quantile_tcn,0.11.0,,unseen_main,unseen_user_test,history_informed,300,0.8,false,conformal_adjustment_bpm,"origin-within-session, session-within-user, equal-user mean",5,20260722;20260723;20260724;20260725;20260726,0.0,0.0,0.0,105,15026,101184,False
0.22.0,unseen_main,,development,interval,history_quantile_tcn,0.11.0,,unseen_main,unseen_user_test,history_informed,300,0.8,false,mean_interval_width_bpm,"origin-within-session, session-within-user, equal-user mean",5,20260722;20260723;20260724;20260725;20260726,23.96922874450684,23.63603973388672,24.39642143249512,105,15026,101184,False
0.22.0,unseen_main,,development,interval,history_quantile_tcn,0.11.0,,unseen_main,unseen_user_test,history_informed,300,0.8,false,picp,"origin-within-session, session-within-user, equal-user mean",5,20260722;20260723;20260724;20260725;20260726,0.7838241457939148,0.7688743472099304,0.7856524586677551,105,15026,101184,False
0.22.0,unseen_main,,development,interval,history_quantile_tcn,0.11.0,,unseen_main,unseen_user_test,history_informed,300,0.8,true,absolute_coverage_error,"origin-within-session, session-within-user, equal-user mean",5,20260722;20260723;20260724;20260725;20260726,0.0161758542060852,0.0143475413322449,0.0311256527900696,105,15026,101184,False
0.22.0,unseen_main,,development,interval,history_quantile_tcn,0.11.0,,unseen_main,unseen_user_test,history_informed,300,0.8,true,conformal_adjustment_bpm,"origin-within-session, session-within-user, equal-user mean",5,20260722;20260723;20260724;20260725;20260726,0.0,0.0,0.0,105,15026,101184,False
0.22.0,unseen_main,,development,interval,history_quantile_tcn,0.11.0,,unseen_main,unseen_user_test,history_informed,300,0.8,true,mean_interval_width_bpm,"origin-within-session, session-within-user, equal-user mean",5,20260722;20260723;20260724;20260725;20260726,23.96922874450684,23.63603973388672,24.39642143249512,105,15026,101184,False
0.22.0,unseen_main,,development,interval,history_quantile_tcn,0.11.0,,unseen_main,unseen_user_test,history_informed,300,0.8,true,picp,"origin-within-session, session-within-user, equal-user mean",5,20260722;20260723;20260724;20260725;20260726,0.7838241457939148,0.7688743472099304,0.7856524586677551,105,15026,101184,False
0.22.0,unseen_main,,development,interval,history_quantile_tcn,0.11.0,,unseen_main,unseen_user_test,history_informed,300,0.9,false,absolute_coverage_error,"origin-within-session, session-within-user, equal-user mean",5,20260722;20260723;20260724;20260725;20260726,0.0172051429748535,0.0150206923484802,0.0237592697143554,105,15026,101184,False
0.22.0,unseen_main,,development,interval,history_quantile_tcn,0.11.0,,unseen_main,unseen_user_test,history_informed,300,0.9,false,conformal_adjustment_bpm,"origin-within-session, session-within-user, equal-user mean",5,20260722;20260723;20260724;20260725;20260726,0.0,0.0,0.0,105,15026,101184,False
0.22.0,unseen_main,,development,interval,history_quantile_tcn,0.11.0,,unseen_main,unseen_user_test,history_informed,300,0.9,false,mean_interval_width_bpm,"origin-within-session, session-within-user, equal-user mean",5,20260722;20260723;20260724;20260725;20260726,32.238609313964844,31.702741622924805,32.81220626831055,105,15026,101184,False
0.22.0,unseen_main,,development,interval,history_quantile_tcn,0.11.0,,unseen_main,unseen_user_test,history_informed,300,0.9,false,picp,"origin-within-session, session-within-user, equal-user mean",5,20260722;20260723;20260724;20260725;20260726,0.8827948570251465,0.8762407302856445,0.8849793076515198,105,15026,101184,False
0.22.0,unseen_main,,development,interval,history_quantile_tcn,0.11.0,,unseen_main,unseen_user_test,history_informed,300,0.9,true,absolute_coverage_error,"origin-within-session, session-within-user, equal-user mean",5,20260722;20260723;20260724;20260725;20260726,0.0172051429748535,0.0150206923484802,0.0237592697143554,105,15026,101184,False
0.22.0,unseen_main,,development,interval,history_quantile_tcn,0.11.0,,unseen_main,unseen_user_test,history_informed,300,0.9,true,conformal_adjustment_bpm,"origin-within-session, session-within-user, equal-user mean",5,20260722;20260723;20260724;20260725;20260726,0.0,0.0,0.140625,105,15026,101184,False
0.22.0,unseen_main,,development,interval,history_quantile_tcn,0.11.0,,unseen_main,unseen_user_test,history_informed,300,0.9,true,mean_interval_width_bpm,"origin-within-session, session-within-user, equal-user mean",5,20260722;20260723;20260724;20260725;20260726,32.238609313964844,31.98275375366211,32.81220626831055,105,15026,101184,False
0.22.0,unseen_main,,development,interval,history_quantile_tcn,0.11.0,,unseen_main,unseen_user_test,history_informed,300,0.9,true,picp,"origin-within-session, session-within-user, equal-user mean",5,20260722;20260723;20260724;20260725;20260726,0.8827948570251465,0.8762407302856445,0.8849793076515198,105,15026,101184,False
0.22.0,unseen_main,,development,interval,history_quantile_tcn,0.11.0,,unseen_main,unseen_user_test,zero_history,60,0.5,false,absolute_coverage_error,"origin-within-session, session-within-user, equal-user mean",5,20260722;20260723;20260724;20260725;20260726,0.0209931433200836,0.0049065351486206,0.0261220932006835,105,15026,101184,False
0.22.0,unseen_main,,development,interval,history_quantile_tcn,0.11.0,,unseen_main,unseen_user_test,zero_history,60,0.5,false,conformal_adjustment_bpm,"origin-within-session, session-within-user, equal-user mean",5,20260722;20260723;20260724;20260725;20260726,0.0,0.0,0.0,105,15026,101184,False
0.22.0,unseen_main,,development,interval,history_quantile_tcn,0.11.0,,unseen_main,unseen_user_test,zero_history,60,0.5,false,mean_interval_width_bpm,"origin-within-session, session-within-user, equal-user mean",5,20260722;20260723;20260724;20260725;20260726,8.873860359191895,8.714136123657227,9.050259590148926,105,15026,101184,False
0.22.0,unseen_main,,development,interval,history_quantile_tcn,0.11.0,,unseen_main,unseen_user_test,zero_history,60,0.5,false,picp,"origin-within-session, session-within-user, equal-user mean",5,20260722;20260723;20260724;20260725;20260726,0.4790068566799164,0.4738779067993164,0.4950934648513794,105,15026,101184,False
0.22.0,unseen_main,,development,interval,history_quantile_tcn,0.11.0,,unseen_main,unseen_user_test,zero_history,60,0.5,true,absolute_coverage_error,"origin-within-session, session-within-user, equal-user mean",5,20260722;20260723;20260724;20260725;20260726,0.0156402587890625,0.0049065351486206,0.0185707211494445,105,15026,101184,False
0.22.0,unseen_main,,development,interval,history_quantile_tcn,0.11.0,,unseen_main,unseen_user_test,zero_history,60,0.5,true,conformal_adjustment_bpm,"origin-within-session, session-within-user, equal-user mean",5,20260722;20260723;20260724;20260725;20260726,0.0205078125,0.0,0.068359375,105,15026,101184,False
0.22.0,unseen_main,,development,interval,history_quantile_tcn,0.11.0,,unseen_main,unseen_user_test,zero_history,60,0.5,true,mean_interval_width_bpm,"origin-within-session, session-within-user, equal-user mean",5,20260722;20260723;20260724;20260725;20260726,8.923381805419922,8.827881813049316,9.050259590148926,105,15026,101184,False
0.22.0,unseen_main,,development,interval,history_quantile_tcn,0.11.0,,unseen_main,unseen_user_test,zero_history,60,0.5,true,picp,"origin-within-session, session-within-user, equal-user mean",5,20260722;20260723;20260724;20260725;20260726,0.4843597412109375,0.4814292788505554,0.4950934648513794,105,15026,101184,False
0.22.0,unseen_main,,development,interval,history_quantile_tcn,0.11.0,,unseen_main,unseen_user_test,zero_history,60,0.8,false,absolute_coverage_error,"origin-within-session, session-within-user, equal-user mean",5,20260722;20260723;20260724;20260725;20260726,0.0123538255691528,0.004745852947235,0.0232291698455811,105,15026,101184,False
0.22.0,unseen_main,,development,interval,history_quantile_tcn,0.11.0,,unseen_main,unseen_user_test,zero_history,60,0.8,false,conformal_adjustment_bpm,"origin-within-session, session-within-user, equal-user mean",5,20260722;20260723;20260724;20260725;20260726,0.0,0.0,0.0,105,15026,101184,False
0.22.0,unseen_main,,development,interval,history_quantile_tcn,0.11.0,,unseen_main,unseen_user_test,zero_history,60,0.8,false,mean_interval_width_bpm,"origin-within-session, session-within-user, equal-user mean",5,20260722;20260723;20260724;20260725;20260726,17.55967903137207,17.217849731445312,18.160381317138672,105,15026,101184,False
0.22.0,unseen_main,,development,interval,history_quantile_tcn,0.11.0,,unseen_main,unseen_user_test,zero_history,60,0.8,false,picp,"origin-within-session, session-within-user, equal-user mean",5,20260722;20260723;20260724;20260725;20260726,0.7876461744308472,0.776770830154419,0.8047458529472351,105,15026,101184,False
0.22.0,unseen_main,,development,interval,history_quantile_tcn,0.11.0,,unseen_main,unseen_user_test,zero_history,60,0.8,true,absolute_coverage_error,"origin-within-session, session-within-user, equal-user mean",5,20260722;20260723;20260724;20260725;20260726,0.0123538255691528,0.004745852947235,0.0190391421318054,105,15026,101184,False
0.22.0,unseen_main,,development,interval,history_quantile_tcn,0.11.0,,unseen_main,unseen_user_test,zero_history,60,0.8,true,conformal_adjustment_bpm,"origin-within-session, session-within-user, equal-user mean",5,20260722;20260723;20260724;20260725;20260726,0.0,0.0,0.078125,105,15026,101184,False
0.22.0,unseen_main,,development,interval,history_quantile_tcn,0.11.0,,unseen_main,unseen_user_test,zero_history,60,0.8,true,mean_interval_width_bpm,"origin-within-session, session-within-user, equal-user mean",5,20260722;20260723;20260724;20260725;20260726,17.638845443725586,17.3594970703125,18.160381317138672,105,15026,101184,False
0.22.0,unseen_main,,development,interval,history_quantile_tcn,0.11.0,,unseen_main,unseen_user_test,zero_history,60,0.8,true,picp,"origin-within-session, session-within-user, equal-user mean",5,20260722;20260723;20260724;20260725;20260726,0.7876461744308472,0.7809608578681946,0.8047458529472351,105,15026,101184,False
0.22.0,unseen_main,,development,interval,history_quantile_tcn,0.11.0,,unseen_main,unseen_user_test,zero_history,60,0.9,false,absolute_coverage_error,"origin-within-session, session-within-user, equal-user mean",5,20260722;20260723;20260724;20260725;20260726,0.0118146777153015,0.000633156299591,0.0141191720962524,105,15026,101184,False
0.22.0,unseen_main,,development,interval,history_quantile_tcn,0.11.0,,unseen_main,unseen_user_test,zero_history,60,0.9,false,conformal_adjustment_bpm,"origin-within-session, session-within-user, equal-user mean",5,20260722;20260723;20260724;20260725;20260726,0.0,0.0,0.0,105,15026,101184,False
0.22.0,unseen_main,,development,interval,history_quantile_tcn,0.11.0,,unseen_main,unseen_user_test,zero_history,60,0.9,false,mean_interval_width_bpm,"origin-within-session, session-within-user, equal-user mean",5,20260722;20260723;20260724;20260725;20260726,23.42063331604004,22.93827438354492,24.13994789123535,105,15026,101184,False
0.22.0,unseen_main,,development,interval,history_quantile_tcn,0.11.0,,unseen_main,unseen_user_test,zero_history,60,0.9,false,picp,"origin-within-session, session-within-user, equal-user mean",5,20260722;20260723;20260724;20260725;20260726,0.8881853222846985,0.8858808279037476,0.9006331562995911,105,15026,101184,False
0.22.0,unseen_main,,development,interval,history_quantile_tcn,0.11.0,,unseen_main,unseen_user_test,zero_history,60,0.9,true,absolute_coverage_error,"origin-within-session, session-within-user, equal-user mean",5,20260722;20260723;20260724;20260725;20260726,0.0081123948097229,0.000633156299591,0.0106224656105041,105,15026,101184,False
0.22.0,unseen_main,,development,interval,history_quantile_tcn,0.11.0,,unseen_main,unseen_user_test,zero_history,60,0.9,true,conformal_adjustment_bpm,"origin-within-session, session-within-user, equal-user mean",5,20260722;20260723;20260724;20260725;20260726,0.040496826171875,0.0,0.2398834228515625,105,15026,101184,False
0.22.0,unseen_main,,development,interval,history_quantile_tcn,0.11.0,,unseen_main,unseen_user_test,zero_history,60,0.9,true,mean_interval_width_bpm,"origin-within-session, session-within-user, equal-user mean",5,20260722;20260723;20260724;20260725;20260726,23.57432556152344,23.41666603088379,24.13994789123535,105,15026,101184,False
0.22.0,unseen_main,,development,interval,history_quantile_tcn,0.11.0,,unseen_main,unseen_user_test,zero_history,60,0.9,true,picp,"origin-within-session, session-within-user, equal-user mean",5,20260722;20260723;20260724;20260725;20260726,0.8918876051902771,0.8893775343894958,0.9006331562995911,105,15026,101184,False
0.22.0,unseen_main,,development,interval,history_quantile_tcn,0.11.0,,unseen_main,unseen_user_test,zero_history,180,0.5,false,absolute_coverage_error,"origin-within-session, session-within-user, equal-user mean",5,20260722;20260723;20260724;20260725;20260726,0.0244072675704956,0.0014382600784301,0.0288169384002685,105,15026,101184,False
0.22.0,unseen_main,,development,interval,history_quantile_tcn,0.11.0,,unseen_main,unseen_user_test,zero_history,180,0.5,false,conformal_adjustment_bpm,"origin-within-session, session-within-user, equal-user mean",5,20260722;20260723;20260724;20260725;20260726,0.0,0.0,0.0,105,15026,101184,False
0.22.0,unseen_main,,development,interval,history_quantile_tcn,0.11.0,,unseen_main,unseen_user_test,zero_history,180,0.5,false,mean_interval_width_bpm,"origin-within-session, session-within-user, equal-user mean",5,20260722;20260723;20260724;20260725;20260726,11.035188674926758,10.957674980163574,11.503363609313965,105,15026,101184,False
0.22.0,unseen_main,,development,interval,history_quantile_tcn,0.11.0,,unseen_main,unseen_user_test,zero_history,180,0.5,false,picp,"origin-within-session, session-within-user, equal-user mean",5,20260722;20260723;20260724;20260725;20260726,0.4755927324295044,0.4711830615997314,0.4985617399215698,105,15026,101184,False
0.22.0,unseen_main,,development,interval,history_quantile_tcn,0.11.0,,unseen_main,unseen_user_test,zero_history,180,0.5,true,absolute_coverage_error,"origin-within-session, session-within-user, equal-user mean",5,20260722;20260723;20260724;20260725;20260726,0.0244072675704956,0.0014382600784301,0.0288169384002685,105,15026,101184,False
0.22.0,unseen_main,,development,interval,history_quantile_tcn,0.11.0,,unseen_main,unseen_user_test,zero_history,180,0.5,true,conformal_adjustment_bpm,"origin-within-session, session-within-user, equal-user mean",5,20260722;20260723;20260724;20260725;20260726,0.0,0.0,0.0240936279296875,105,15026,101184,False
0.22.0,unseen_main,,development,interval,history_quantile_tcn,0.11.0,,unseen_main,unseen_user_test,zero_history,180,0.5,true,mean_interval_width_bpm,"origin-within-session, session-within-user, equal-user mean",5,20260722;20260723;20260724;20260725;20260726,11.035188674926758,10.996148109436035,11.503363609313965,105,15026,101184,False
0.22.0,unseen_main,,development,interval,history_quantile_tcn,0.11.0,,unseen_main,unseen_user_test,zero_history,180,0.5,true,picp,"origin-within-session, session-within-user, equal-user mean",5,20260722;20260723;20260724;20260725;20260726,0.4755927324295044,0.4711830615997314,0.4985617399215698,105,15026,101184,False
0.22.0,unseen_main,,development,interval,history_quantile_tcn,0.11.0,,unseen_main,unseen_user_test,zero_history,180,0.8,false,absolute_coverage_error,"origin-within-session, session-within-user, equal-user mean",5,20260722;20260723;20260724;20260725;20260726,0.0166323065757751,0.0032932639122009,0.0213916778564453,105,15026,101184,False
0.22.0,unseen_main,,development,interval,history_quantile_tcn,0.11.0,,unseen_main,unseen_user_test,zero_history,180,0.8,false,conformal_adjustment_bpm,"origin-within-session, session-within-user, equal-user mean",5,20260722;20260723;20260724;20260725;20260726,0.0,0.0,0.0,105,15026,101184,False
0.22.0,unseen_main,,development,interval,history_quantile_tcn,0.11.0,,unseen_main,unseen_user_test,zero_history,180,0.8,false,mean_interval_width_bpm,"origin-within-session, session-within-user, equal-user mean",5,20260722;20260723;20260724;20260725;20260726,21.857715606689453,21.629751205444336,22.63160896301269,105,15026,101184,False
0.22.0,unseen_main,,development,interval,history_quantile_tcn,0.11.0,,unseen_main,unseen_user_test,zero_history,180,0.8,false,picp,"origin-within-session, session-within-user, equal-user mean",5,20260722;20260723;20260724;20260725;20260726,0.7833676934242249,0.7786083221435547,0.7967067360877991,105,15026,101184,False
0.22.0,unseen_main,,development,interval,history_quantile_tcn,0.11.0,,unseen_main,unseen_user_test,zero_history,180,0.8,true,absolute_coverage_error,"origin-within-session, session-within-user, equal-user mean",5,20260722;20260723;20260724;20260725;20260726,0.0160339951515198,0.0032932639122009,0.0199293375015259,105,15026,101184,False
0.22.0,unseen_main,,development,interval,history_quantile_tcn,0.11.0,,unseen_main,unseen_user_test,zero_history,180,0.8,true,conformal_adjustment_bpm,"origin-within-session, session-within-user, equal-user mean",5,20260722;20260723;20260724;20260725;20260726,0.0,0.0,0.049713134765625,105,15026,101184,False
0.22.0,unseen_main,,development,interval,history_quantile_tcn,0.11.0,,unseen_main,unseen_user_test,zero_history,180,0.8,true,mean_interval_width_bpm,"origin-within-session, session-within-user, equal-user mean",5,20260722;20260723;20260724;20260725;20260726,21.857715606689453,21.719970703125,22.63160896301269,105,15026,101184,False
0.22.0,unseen_main,,development,interval,history_quantile_tcn,0.11.0,,unseen_main,unseen_user_test,zero_history,180,0.8,true,picp,"origin-within-session, session-within-user, equal-user mean",5,20260722;20260723;20260724;20260725;20260726,0.7839660048484802,0.7800706624984741,0.7967067360877991,105,15026,101184,False
0.22.0,unseen_main,,development,interval,history_quantile_tcn,0.11.0,,unseen_main,unseen_user_test,zero_history,180,0.9,false,absolute_coverage_error,"origin-within-session, session-within-user, equal-user mean",5,20260722;20260723;20260724;20260725;20260726,0.0144725084304809,0.0066623330116272,0.0175079345703125,105,15026,101184,False
0.22.0,unseen_main,,development,interval,history_quantile_tcn,0.11.0,,unseen_main,unseen_user_test,zero_history,180,0.9,false,conformal_adjustment_bpm,"origin-within-session, session-within-user, equal-user mean",5,20260722;20260723;20260724;20260725;20260726,0.0,0.0,0.0,105,15026,101184,False
0.22.0,unseen_main,,development,interval,history_quantile_tcn,0.11.0,,unseen_main,unseen_user_test,zero_history,180,0.9,false,mean_interval_width_bpm,"origin-within-session, session-within-user, equal-user mean",5,20260722;20260723;20260724;20260725;20260726,29.522640228271484,29.224485397338867,30.30623435974121,105,15026,101184,False
0.22.0,unseen_main,,development,interval,history_quantile_tcn,0.11.0,,unseen_main,unseen_user_test,zero_history,180,0.9,false,picp,"origin-within-session, session-within-user, equal-user mean",5,20260722;20260723;20260724;20260725;20260726,0.885527491569519,0.8824920654296875,0.8933376669883728,105,15026,101184,False
0.22.0,unseen_main,,development,interval,history_quantile_tcn,0.11.0,,unseen_main,unseen_user_test,zero_history,180,0.9,true,absolute_coverage_error,"origin-within-session, session-within-user, equal-user mean",5,20260722;20260723;20260724;20260725;20260726,0.0128038167953491,0.0066623330116272,0.0157211065292358,105,15026,101184,False
0.22.0,unseen_main,,development,interval,history_quantile_tcn,0.11.0,,unseen_main,unseen_user_test,zero_history,180,0.9,true,conformal_adjustment_bpm,"origin-within-session, session-within-user, equal-user mean",5,20260722;20260723;20260724;20260725;20260726,0.0625,0.0,0.134613037109375,105,15026,101184,False
0.22.0,unseen_main,,development,interval,history_quantile_tcn,0.11.0,,unseen_main,unseen_user_test,zero_history,180,0.9,true,mean_interval_width_bpm,"origin-within-session, session-within-user, equal-user mean",5,20260722;20260723;20260724;20260725;20260726,29.522640228271484,29.349103927612305,30.30623435974121,105,15026,101184,False
0.22.0,unseen_main,,development,interval,history_quantile_tcn,0.11.0,,unseen_main,unseen_user_test,zero_history,180,0.9,true,picp,"origin-within-session, session-within-user, equal-user mean",5,20260722;20260723;20260724;20260725;20260726,0.8871961832046509,0.8842788934707642,0.8933376669883728,105,15026,101184,False
0.22.0,unseen_main,,development,interval,history_quantile_tcn,0.11.0,,unseen_main,unseen_user_test,zero_history,300,0.5,false,absolute_coverage_error,"origin-within-session, session-within-user, equal-user mean",5,20260722;20260723;20260724;20260725;20260726,0.0221403837203979,0.006144493818283,0.0280443727970123,105,15026,101184,False
0.22.0,unseen_main,,development,interval,history_quantile_tcn,0.11.0,,unseen_main,unseen_user_test,zero_history,300,0.5,false,conformal_adjustment_bpm,"origin-within-session, session-within-user, equal-user mean",5,20260722;20260723;20260724;20260725;20260726,0.0,0.0,0.0,105,15026,101184,False
0.22.0,unseen_main,,development,interval,history_quantile_tcn,0.11.0,,unseen_main,unseen_user_test,zero_history,300,0.5,false,mean_interval_width_bpm,"origin-within-session, session-within-user, equal-user mean",5,20260722;20260723;20260724;20260725;20260726,11.994089126586914,11.8732328414917,12.37644863128662,105,15026,101184,False
0.22.0,unseen_main,,development,interval,history_quantile_tcn,0.11.0,,unseen_main,unseen_user_test,zero_history,300,0.5,false,picp,"origin-within-session, session-within-user, equal-user mean",5,20260722;20260723;20260724;20260725;20260726,0.477859616279602,0.4719556272029876,0.4938555061817169,105,15026,101184,False
0.22.0,unseen_main,,development,interval,history_quantile_tcn,0.11.0,,unseen_main,unseen_user_test,zero_history,300,0.5,true,absolute_coverage_error,"origin-within-session, session-within-user, equal-user mean",5,20260722;20260723;20260724;20260725;20260726,0.0221403837203979,0.006144493818283,0.0280443727970123,105,15026,101184,False
0.22.0,unseen_main,,development,interval,history_quantile_tcn,0.11.0,,unseen_main,unseen_user_test,zero_history,300,0.5,true,conformal_adjustment_bpm,"origin-within-session, session-within-user, equal-user mean",5,20260722;20260723;20260724;20260725;20260726,0.0,0.0,0.0,105,15026,101184,False
0.22.0,unseen_main,,development,interval,history_quantile_tcn,0.11.0,,unseen_main,unseen_user_test,zero_history,300,0.5,true,mean_interval_width_bpm,"origin-within-session, session-within-user, equal-user mean",5,20260722;20260723;20260724;20260725;20260726,11.994089126586914,11.8732328414917,12.37644863128662,105,15026,101184,False
0.22.0,unseen_main,,development,interval,history_quantile_tcn,0.11.0,,unseen_main,unseen_user_test,zero_history,300,0.5,true,picp,"origin-within-session, session-within-user, equal-user mean",5,20260722;20260723;20260724;20260725;20260726,0.477859616279602,0.4719556272029876,0.4938555061817169,105,15026,101184,False
0.22.0,unseen_main,,development,interval,history_quantile_tcn,0.11.0,,unseen_main,unseen_user_test,zero_history,300,0.8,false,absolute_coverage_error,"origin-within-session, session-within-user, equal-user mean",5,20260722;20260723;20260724;20260725;20260726,0.023438024520874,0.0126173973083496,0.0299791574478149,105,15026,101184,False
0.22.0,unseen_main,,development,interval,history_quantile_tcn,0.11.0,,unseen_main,unseen_user_test,zero_history,300,0.8,false,conformal_adjustment_bpm,"origin-within-session, session-within-user, equal-user mean",5,20260722;20260723;20260724;20260725;20260726,0.0,0.0,0.0,105,15026,101184,False
0.22.0,unseen_main,,development,interval,history_quantile_tcn,0.11.0,,unseen_main,unseen_user_test,zero_history,300,0.8,false,mean_interval_width_bpm,"origin-within-session, session-within-user, equal-user mean",5,20260722;20260723;20260724;20260725;20260726,23.92953109741211,23.587379455566406,24.376245498657227,105,15026,101184,False
0.22.0,unseen_main,,development,interval,history_quantile_tcn,0.11.0,,unseen_main,unseen_user_test,zero_history,300,0.8,false,picp,"origin-within-session, session-within-user, equal-user mean",5,20260722;20260723;20260724;20260725;20260726,0.776561975479126,0.7700208425521851,0.7873826026916504,105,15026,101184,False
0.22.0,unseen_main,,development,interval,history_quantile_tcn,0.11.0,,unseen_main,unseen_user_test,zero_history,300,0.8,true,absolute_coverage_error,"origin-within-session, session-within-user, equal-user mean",5,20260722;20260723;20260724;20260725;20260726,0.023438024520874,0.0126173973083496,0.0299791574478149,105,15026,101184,False
0.22.0,unseen_main,,development,interval,history_quantile_tcn,0.11.0,,unseen_main,unseen_user_test,zero_history,300,0.8,true,conformal_adjustment_bpm,"origin-within-session, session-within-user, equal-user mean",5,20260722;20260723;20260724;20260725;20260726,0.0,0.0,0.0,105,15026,101184,False
0.22.0,unseen_main,,development,interval,history_quantile_tcn,0.11.0,,unseen_main,unseen_user_test,zero_history,300,0.8,true,mean_interval_width_bpm,"origin-within-session, session-within-user, equal-user mean",5,20260722;20260723;20260724;20260725;20260726,23.92953109741211,23.587379455566406,24.376245498657227,105,15026,101184,False
0.22.0,unseen_main,,development,interval,history_quantile_tcn,0.11.0,,unseen_main,unseen_user_test,zero_history,300,0.8,true,picp,"origin-within-session, session-within-user, equal-user mean",5,20260722;20260723;20260724;20260725;20260726,0.776561975479126,0.7700208425521851,0.7873826026916504,105,15026,101184,False
0.22.0,unseen_main,,development,interval,history_quantile_tcn,0.11.0,,unseen_main,unseen_user_test,zero_history,300,0.9,false,absolute_coverage_error,"origin-within-session, session-within-user, equal-user mean",5,20260722;20260723;20260724;20260725;20260726,0.0228855848312378,0.0182789206504822,0.0270967721939087,105,15026,101184,False
0.22.0,unseen_main,,development,interval,history_quantile_tcn,0.11.0,,unseen_main,unseen_user_test,zero_history,300,0.9,false,conformal_adjustment_bpm,"origin-within-session, session-within-user, equal-user mean",5,20260722;20260723;20260724;20260725;20260726,0.0,0.0,0.0,105,15026,101184,False
0.22.0,unseen_main,,development,interval,history_quantile_tcn,0.11.0,,unseen_main,unseen_user_test,zero_history,300,0.9,false,mean_interval_width_bpm,"origin-within-session, session-within-user, equal-user mean",5,20260722;20260723;20260724;20260725;20260726,32.20851516723633,31.697702407836918,32.80540084838867,105,15026,101184,False
0.22.0,unseen_main,,development,interval,history_quantile_tcn,0.11.0,,unseen_main,unseen_user_test,zero_history,300,0.9,false,picp,"origin-within-session, session-within-user, equal-user mean",5,20260722;20260723;20260724;20260725;20260726,0.8771144151687622,0.8729032278060913,0.8817210793495178,105,15026,101184,False
0.22.0,unseen_main,,development,interval,history_quantile_tcn,0.11.0,,unseen_main,unseen_user_test,zero_history,300,0.9,true,absolute_coverage_error,"origin-within-session, session-within-user, equal-user mean",5,20260722;20260723;20260724;20260725;20260726,0.0228855848312378,0.0182789206504822,0.0270967721939087,105,15026,101184,False
0.22.0,unseen_main,,development,interval,history_quantile_tcn,0.11.0,,unseen_main,unseen_user_test,zero_history,300,0.9,true,conformal_adjustment_bpm,"origin-within-session, session-within-user, equal-user mean",5,20260722;20260723;20260724;20260725;20260726,0.0,0.0,0.1164703369140625,105,15026,101184,False
0.22.0,unseen_main,,development,interval,history_quantile_tcn,0.11.0,,unseen_main,unseen_user_test,zero_history,300,0.9,true,mean_interval_width_bpm,"origin-within-session, session-within-user, equal-user mean",5,20260722;20260723;20260724;20260725;20260726,32.20851516723633,31.92997360229492,32.80540084838867,105,15026,101184,False
0.22.0,unseen_main,,development,interval,history_quantile_tcn,0.11.0,,unseen_main,unseen_user_test,zero_history,300,0.9,true,picp,"origin-within-session, session-within-user, equal-user mean",5,20260722;20260723;20260724;20260725;20260726,0.8771144151687622,0.8729032278060913,0.8817210793495178,105,15026,101184,False
0.22.0,unseen_main,,development,interval,history_quantile_tcn,0.11.0,,unseen_main,unseen_user_validation,history_informed,60,0.5,false,absolute_coverage_error,"origin-within-session, session-within-user, equal-user mean",5,20260722;20260723;20260724;20260725;20260726,0.010085105895996,0.0027526021003723,0.0173579156398773,127,19062,123370,False
0.22.0,unseen_main,,development,interval,history_quantile_tcn,0.11.0,,unseen_main,unseen_user_validation,history_informed,60,0.5,false,conformal_adjustment_bpm,"origin-within-session, session-within-user, equal-user mean",5,20260722;20260723;20260724;20260725;20260726,0.0,0.0,0.0,127,19062,123370,False
0.22.0,unseen_main,,development,interval,history_quantile_tcn,0.11.0,,unseen_main,unseen_user_validation,history_informed,60,0.5,false,mean_interval_width_bpm,"origin-within-session, session-within-user, equal-user mean",5,20260722;20260723;20260724;20260725;20260726,9.43104362487793,9.301737785339355,9.599485397338867,127,19062,123370,False
0.22.0,unseen_main,,development,interval,history_quantile_tcn,0.11.0,,unseen_main,unseen_user_validation,history_informed,60,0.5,false,picp,"origin-within-session, session-within-user, equal-user mean",5,20260722;20260723;20260724;20260725;20260726,0.4899148941040039,0.4826420843601227,0.5027526021003723,127,19062,123370,False
0.22.0,unseen_main,,development,interval,history_quantile_tcn,0.11.0,,unseen_main,unseen_user_validation,history_informed,60,0.5,true,absolute_coverage_error,"origin-within-session, session-within-user, equal-user mean",5,20260722;20260723;20260724;20260725;20260726,0.0098889172077178,0.0027526021003723,0.0161253213882446,127,19062,123370,False
0.22.0,unseen_main,,development,interval,history_quantile_tcn,0.11.0,,unseen_main,unseen_user_validation,history_informed,60,0.5,true,conformal_adjustment_bpm,"origin-within-session, session-within-user, equal-user mean",5,20260722;20260723;20260724;20260725;20260726,0.0030364990234375,0.0,0.021484375,127,19062,123370,False
0.22.0,unseen_main,,development,interval,history_quantile_tcn,0.11.0,,unseen_main,unseen_user_validation,history_informed,60,0.5,true,mean_interval_width_bpm,"origin-within-session, session-within-user, equal-user mean",5,20260722;20260723;20260724;20260725;20260726,9.437116622924805,9.344704627990724,9.599485397338867,127,19062,123370,False
0.22.0,unseen_main,,development,interval,history_quantile_tcn,0.11.0,,unseen_main,unseen_user_validation,history_informed,60,0.5,true,picp,"origin-within-session, session-within-user, equal-user mean",5,20260722;20260723;20260724;20260725;20260726,0.4901110827922821,0.4838746786117553,0.5027526021003723,127,19062,123370,False
0.22.0,unseen_main,,development,interval,history_quantile_tcn,0.11.0,,unseen_main,unseen_user_validation,history_informed,60,0.8,false,absolute_coverage_error,"origin-within-session, session-within-user, equal-user mean",5,20260722;20260723;20260724;20260725;20260726,0.0130779027938843,0.0023603558540343,0.0191428542137146,127,19062,123370,False
0.22.0,unseen_main,,development,interval,history_quantile_tcn,0.11.0,,unseen_main,unseen_user_validation,history_informed,60,0.8,false,conformal_adjustment_bpm,"origin-within-session, session-within-user, equal-user mean",5,20260722;20260723;20260724;20260725;20260726,0.0,0.0,0.0,127,19062,123370,False
0.22.0,unseen_main,,development,interval,history_quantile_tcn,0.11.0,,unseen_main,unseen_user_validation,history_informed,60,0.8,false,mean_interval_width_bpm,"origin-within-session, session-within-user, equal-user mean",5,20260722;20260723;20260724;20260725;20260726,18.85462951660156,18.43166732788086,19.29114151000977,127,19062,123370,False
0.22.0,unseen_main,,development,interval,history_quantile_tcn,0.11.0,,unseen_main,unseen_user_validation,history_informed,60,0.8,false,picp,"origin-within-session, session-within-user, equal-user mean",5,20260722;20260723;20260724;20260725;20260726,0.7869220972061157,0.7808571457862854,0.8023603558540344,127,19062,123370,False
0.22.0,unseen_main,,development,interval,history_quantile_tcn,0.11.0,,unseen_main,unseen_user_validation,history_informed,60,0.8,true,absolute_coverage_error,"origin-within-session, session-within-user, equal-user mean",5,20260722;20260723;20260724;20260725;20260726,0.0130779027938843,0.0023603558540343,0.0181685566902161,127,19062,123370,False
0.22.0,unseen_main,,development,interval,history_quantile_tcn,0.11.0,,unseen_main,unseen_user_validation,history_informed,60,0.8,true,conformal_adjustment_bpm,"origin-within-session, session-within-user, equal-user mean",5,20260722;20260723;20260724;20260725;20260726,0.0,0.0,0.01953125,127,19062,123370,False
0.22.0,unseen_main,,development,interval,history_quantile_tcn,0.11.0,,unseen_main,unseen_user_validation,history_informed,60,0.8,true,mean_interval_width_bpm,"origin-within-session, session-within-user, equal-user mean",5,20260722;20260723;20260724;20260725;20260726,18.85462951660156,18.470726013183597,19.29114151000977,127,19062,123370,False
0.22.0,unseen_main,,development,interval,history_quantile_tcn,0.11.0,,unseen_main,unseen_user_validation,history_informed,60,0.8,true,picp,"origin-within-session, session-within-user, equal-user mean",5,20260722;20260723;20260724;20260725;20260726,0.7869220972061157,0.7818314433097839,0.8023603558540344,127,19062,123370,False
0.22.0,unseen_main,,development,interval,history_quantile_tcn,0.11.0,,unseen_main,unseen_user_validation,history_informed,60,0.9,false,absolute_coverage_error,"origin-within-session, session-within-user, equal-user mean",5,20260722;20260723;20260724;20260725;20260726,0.0091697216033935,0.0020850658416747,0.0127016544342041,127,19062,123370,False
0.22.0,unseen_main,,development,interval,history_quantile_tcn,0.11.0,,unseen_main,unseen_user_validation,history_informed,60,0.9,false,conformal_adjustment_bpm,"origin-within-session, session-within-user, equal-user mean",5,20260722;20260723;20260724;20260725;20260726,0.0,0.0,0.0,127,19062,123370,False
0.22.0,unseen_main,,development,interval,history_quantile_tcn,0.11.0,,unseen_main,unseen_user_validation,history_informed,60,0.9,false,mean_interval_width_bpm,"origin-within-session, session-within-user, equal-user mean",5,20260722;20260723;20260724;20260725;20260726,25.10696792602539,24.621234893798828,25.662353515625,127,19062,123370,False
0.22.0,unseen_main,,development,interval,history_quantile_tcn,0.11.0,,unseen_main,unseen_user_validation,history_informed,60,0.9,false,picp,"origin-within-session, session-within-user, equal-user mean",5,20260722;20260723;20260724;20260725;20260726,0.8908302783966064,0.8872983455657959,0.9020850658416748,127,19062,123370,False
0.22.0,unseen_main,,development,interval,history_quantile_tcn,0.11.0,,unseen_main,unseen_user_validation,history_informed,60,0.9,true,absolute_coverage_error,"origin-within-session, session-within-user, equal-user mean",5,20260722;20260723;20260724;20260725;20260726,0.0086661219596863,0.0020850658416747,0.0098887324333191,127,19062,123370,False
0.22.0,unseen_main,,development,interval,history_quantile_tcn,0.11.0,,unseen_main,unseen_user_validation,history_informed,60,0.9,true,conformal_adjustment_bpm,"origin-within-session, session-within-user, equal-user mean",5,20260722;20260723;20260724;20260725;20260726,0.0208358764648437,0.0,0.1276092529296875,127,19062,123370,False
0.22.0,unseen_main,,development,interval,history_quantile_tcn,0.11.0,,unseen_main,unseen_user_validation,history_informed,60,0.9,true,mean_interval_width_bpm,"origin-within-session, session-within-user, equal-user mean",5,20260722;20260723;20260724;20260725;20260726,25.10696792602539,24.876384735107425,25.662353515625,127,19062,123370,False
0.22.0,unseen_main,,development,interval,history_quantile_tcn,0.11.0,,unseen_main,unseen_user_validation,history_informed,60,0.9,true,picp,"origin-within-session, session-within-user, equal-user mean",5,20260722;20260723;20260724;20260725;20260726,0.8913338780403137,0.8901112675666809,0.9020850658416748,127,19062,123370,False
0.22.0,unseen_main,,development,interval,history_quantile_tcn,0.11.0,,unseen_main,unseen_user_validation,history_informed,180,0.5,false,absolute_coverage_error,"origin-within-session, session-within-user, equal-user mean",5,20260722;20260723;20260724;20260725;20260726,0.0104619264602661,0.0022629797458648,0.0163239538669586,127,19062,123370,False
0.22.0,unseen_main,,development,interval,history_quantile_tcn,0.11.0,,unseen_main,unseen_user_validation,history_informed,180,0.5,false,conformal_adjustment_bpm,"origin-within-session, session-within-user, equal-user mean",5,20260722;20260723;20260724;20260725;20260726,0.0,0.0,0.0,127,19062,123370,False
0.22.0,unseen_main,,development,interval,history_quantile_tcn,0.11.0,,unseen_main,unseen_user_validation,history_informed,180,0.5,false,mean_interval_width_bpm,"origin-within-session, session-within-user, equal-user mean",5,20260722;20260723;20260724;20260725;20260726,11.847951889038086,11.637588500976562,12.114631652832031,127,19062,123370,False
0.22.0,unseen_main,,development,interval,history_quantile_tcn,0.11.0,,unseen_main,unseen_user_validation,history_informed,180,0.5,false,picp,"origin-within-session, session-within-user, equal-user mean",5,20260722;20260723;20260724;20260725;20260726,0.4971396923065185,0.4836760461330414,0.5117226839065552,127,19062,123370,False
0.22.0,unseen_main,,development,interval,history_quantile_tcn,0.11.0,,unseen_main,unseen_user_validation,history_informed,180,0.5,true,absolute_coverage_error,"origin-within-session, session-within-user, equal-user mean",5,20260722;20260723;20260724;20260725;20260726,0.0104619264602661,0.0022629797458648,0.0135905146598815,127,19062,123370,False
0.22.0,unseen_main,,development,interval,history_quantile_tcn,0.11.0,,unseen_main,unseen_user_validation,history_informed,180,0.5,true,conformal_adjustment_bpm,"origin-within-session, session-within-user, equal-user mean",5,20260722;20260723;20260724;20260725;20260726,0.0,0.0,0.0286407470703125,127,19062,123370,False
0.22.0,unseen_main,,development,interval,history_quantile_tcn,0.11.0,,unseen_main,unseen_user_validation,history_informed,180,0.5,true,mean_interval_width_bpm,"origin-within-session, session-within-user, equal-user mean",5,20260722;20260723;20260724;20260725;20260726,11.847951889038086,11.656641960144045,12.114631652832031,127,19062,123370,False
0.22.0,unseen_main,,development,interval,history_quantile_tcn,0.11.0,,unseen_main,unseen_user_validation,history_informed,180,0.5,true,picp,"origin-within-session, session-within-user, equal-user mean",5,20260722;20260723;20260724;20260725;20260726,0.4971396923065185,0.4864094853401184,0.5117226839065552,127,19062,123370,False
0.22.0,unseen_main,,development,interval,history_quantile_tcn,0.11.0,,unseen_main,unseen_user_validation,history_informed,180,0.8,false,absolute_coverage_error,"origin-within-session, session-within-user, equal-user mean",5,20260722;20260723;20260724;20260725;20260726,0.0105773687362671,0.0024750351905822,0.0185958027839661,127,19062,123370,False
0.22.0,unseen_main,,development,interval,history_quantile_tcn,0.11.0,,unseen_main,unseen_user_validation,history_informed,180,0.8,false,conformal_adjustment_bpm,"origin-within-session, session-within-user, equal-user mean",5,20260722;20260723;20260724;20260725;20260726,0.0,0.0,0.0,127,19062,123370,False
0.22.0,unseen_main,,development,interval,history_quantile_tcn,0.11.0,,unseen_main,unseen_user_validation,history_informed,180,0.8,false,mean_interval_width_bpm,"origin-within-session, session-within-user, equal-user mean",5,20260722;20260723;20260724;20260725;20260726,23.41238784790039,22.95642852783203,23.9001522064209,127,19062,123370,False
0.22.0,unseen_main,,development,interval,history_quantile_tcn,0.11.0,,unseen_main,unseen_user_validation,history_informed,180,0.8,false,picp,"origin-within-session, session-within-user, equal-user mean",5,20260722;20260723;20260724;20260725;20260726,0.7894226312637329,0.7814041972160339,0.8024750351905823,127,19062,123370,False
0.22.0,unseen_main,,development,interval,history_quantile_tcn,0.11.0,,unseen_main,unseen_user_validation,history_informed,180,0.8,true,absolute_coverage_error,"origin-within-session, session-within-user, equal-user mean",5,20260722;20260723;20260724;20260725;20260726,0.0105773687362671,0.0024750351905822,0.0172329425811768,127,19062,123370,False
0.22.0,unseen_main,,development,interval,history_quantile_tcn,0.11.0,,unseen_main,unseen_user_validation,history_informed,180,0.8,true,conformal_adjustment_bpm,"origin-within-session, session-within-user, equal-user mean",5,20260722;20260723;20260724;20260725;20260726,0.0,0.0,0.046875,127,19062,123370,False
0.22.0,unseen_main,,development,interval,history_quantile_tcn,0.11.0,,unseen_main,unseen_user_validation,history_informed,180,0.8,true,mean_interval_width_bpm,"origin-within-session, session-within-user, equal-user mean",5,20260722;20260723;20260724;20260725;20260726,23.41238784790039,23.015016555786133,23.9001522064209,127,19062,123370,False
0.22.0,unseen_main,,development,interval,history_quantile_tcn,0.11.0,,unseen_main,unseen_user_validation,history_informed,180,0.8,true,picp,"origin-within-session, session-within-user, equal-user mean",5,20260722;20260723;20260724;20260725;20260726,0.7894226312637329,0.7827670574188232,0.8024750351905823,127,19062,123370,False
0.22.0,unseen_main,,development,interval,history_quantile_tcn,0.11.0,,unseen_main,unseen_user_validation,history_informed,180,0.9,false,absolute_coverage_error,"origin-within-session, session-within-user, equal-user mean",5,20260722;20260723;20260724;20260725;20260726,0.0070216298103332,0.0006639003753662,0.0137516498565674,127,19062,123370,False
0.22.0,unseen_main,,development,interval,history_quantile_tcn,0.11.0,,unseen_main,unseen_user_validation,history_informed,180,0.9,false,conformal_adjustment_bpm,"origin-within-session, session-within-user, equal-user mean",5,20260722;20260723;20260724;20260725;20260726,0.0,0.0,0.0,127,19062,123370,False
0.22.0,unseen_main,,development,interval,history_quantile_tcn,0.11.0,,unseen_main,unseen_user_validation,history_informed,180,0.9,false,mean_interval_width_bpm,"origin-within-session, session-within-user, equal-user mean",5,20260722;20260723;20260724;20260725;20260726,31.40778160095215,30.790132522583008,31.889982223510746,127,19062,123370,False
0.22.0,unseen_main,,development,interval,history_quantile_tcn,0.11.0,,unseen_main,unseen_user_validation,history_informed,180,0.9,false,picp,"origin-within-session, session-within-user, equal-user mean",5,20260722;20260723;20260724;20260725;20260726,0.8929783701896667,0.8862483501434326,0.8993360996246338,127,19062,123370,False
0.22.0,unseen_main,,development,interval,history_quantile_tcn,0.11.0,,unseen_main,unseen_user_validation,history_informed,180,0.9,true,absolute_coverage_error,"origin-within-session, session-within-user, equal-user mean",5,20260722;20260723;20260724;20260725;20260726,0.0070216298103332,0.0006639003753662,0.0127077341079712,127,19062,123370,False
0.22.0,unseen_main,,development,interval,history_quantile_tcn,0.11.0,,unseen_main,unseen_user_validation,history_informed,180,0.9,true,conformal_adjustment_bpm,"origin-within-session, session-within-user, equal-user mean",5,20260722;20260723;20260724;20260725;20260726,0.0,0.0,0.0625,127,19062,123370,False
0.22.0,unseen_main,,development,interval,history_quantile_tcn,0.11.0,,unseen_main,unseen_user_validation,history_informed,180,0.9,true,mean_interval_width_bpm,"origin-within-session, session-within-user, equal-user mean",5,20260722;20260723;20260724;20260725;20260726,31.40778160095215,30.88385772705078,31.889982223510746,127,19062,123370,False
0.22.0,unseen_main,,development,interval,history_quantile_tcn,0.11.0,,unseen_main,unseen_user_validation,history_informed,180,0.9,true,picp,"origin-within-session, session-within-user, equal-user mean",5,20260722;20260723;20260724;20260725;20260726,0.8929783701896667,0.8872922658920288,0.8993360996246338,127,19062,123370,False
0.22.0,unseen_main,,development,interval,history_quantile_tcn,0.11.0,,unseen_main,unseen_user_validation,history_informed,300,0.5,false,absolute_coverage_error,"origin-within-session, session-within-user, equal-user mean",5,20260722;20260723;20260724;20260725;20260726,0.0057629346847534,0.0053934454917907,0.0238143503665924,127,19062,123370,False
0.22.0,unseen_main,,development,interval,history_quantile_tcn,0.11.0,,unseen_main,unseen_user_validation,history_informed,300,0.5,false,conformal_adjustment_bpm,"origin-within-session, session-within-user, equal-user mean",5,20260722;20260723;20260724;20260725;20260726,0.0,0.0,0.0,127,19062,123370,False
0.22.0,unseen_main,,development,interval,history_quantile_tcn,0.11.0,,unseen_main,unseen_user_validation,history_informed,300,0.5,false,mean_interval_width_bpm,"origin-within-session, session-within-user, equal-user mean",5,20260722;20260723;20260724;20260725;20260726,12.752204895019531,12.499220848083496,13.02376651763916,127,19062,123370,False
0.22.0,unseen_main,,development,interval,history_quantile_tcn,0.11.0,,unseen_main,unseen_user_validation,history_informed,300,0.5,false,picp,"origin-within-session, session-within-user, equal-user mean",5,20260722;20260723;20260724;20260725;20260726,0.4942370653152466,0.4761856496334076,0.5056794285774231,127,19062,123370,False
0.22.0,unseen_main,,development,interval,history_quantile_tcn,0.11.0,,unseen_main,unseen_user_validation,history_informed,300,0.5,true,absolute_coverage_error,"origin-within-session, session-within-user, equal-user mean",5,20260722;20260723;20260724;20260725;20260726,0.0057629346847534,0.0053934454917907,0.0238143503665924,127,19062,123370,False
0.22.0,unseen_main,,development,interval,history_quantile_tcn,0.11.0,,unseen_main,unseen_user_validation,history_informed,300,0.5,true,conformal_adjustment_bpm,"origin-within-session, session-within-user, equal-user mean",5,20260722;20260723;20260724;20260725;20260726,0.0,0.0,0.0,127,19062,123370,False
0.22.0,unseen_main,,development,interval,history_quantile_tcn,0.11.0,,unseen_main,unseen_user_validation,history_informed,300,0.5,true,mean_interval_width_bpm,"origin-within-session, session-within-user, equal-user mean",5,20260722;20260723;20260724;20260725;20260726,12.752204895019531,12.499220848083496,13.02376651763916,127,19062,123370,False
0.22.0,unseen_main,,development,interval,history_quantile_tcn,0.11.0,,unseen_main,unseen_user_validation,history_informed,300,0.5,true,picp,"origin-within-session, session-within-user, equal-user mean",5,20260722;20260723;20260724;20260725;20260726,0.4942370653152466,0.4761856496334076,0.5056794285774231,127,19062,123370,False
0.22.0,unseen_main,,development,interval,history_quantile_tcn,0.11.0,,unseen_main,unseen_user_validation,history_informed,300,0.8,false,absolute_coverage_error,"origin-within-session, session-within-user, equal-user mean",5,20260722;20260723;20260724;20260725;20260726,0.0067091464996338,0.0008914589881896,0.0151525616645813,127,19062,123370,False
0.22.0,unseen_main,,development,interval,history_quantile_tcn,0.11.0,,unseen_main,unseen_user_validation,history_informed,300,0.8,false,conformal_adjustment_bpm,"origin-within-session, session-within-user, equal-user mean",5,20260722;20260723;20260724;20260725;20260726,0.0,0.0,0.0,127,19062,123370,False
0.22.0,unseen_main,,development,interval,history_quantile_tcn,0.11.0,,unseen_main,unseen_user_validation,history_informed,300,0.8,false,mean_interval_width_bpm,"origin-within-session, session-within-user, equal-user mean",5,20260722;20260723;20260724;20260725;20260726,25.315128326416016,24.775339126586918,25.52450942993164,127,19062,123370,False
0.22.0,unseen_main,,development,interval,history_quantile_tcn,0.11.0,,unseen_main,unseen_user_validation,history_informed,300,0.8,false,picp,"origin-within-session, session-within-user, equal-user mean",5,20260722;20260723;20260724;20260725;20260726,0.7932908535003662,0.7848474383354187,0.8008914589881897,127,19062,123370,False
0.22.0,unseen_main,,development,interval,history_quantile_tcn,0.11.0,,unseen_main,unseen_user_validation,history_informed,300,0.8,true,absolute_coverage_error,"origin-within-session, session-within-user, equal-user mean",5,20260722;20260723;20260724;20260725;20260726,0.0067091464996338,0.0008914589881896,0.0151525616645813,127,19062,123370,False
0.22.0,unseen_main,,development,interval,history_quantile_tcn,0.11.0,,unseen_main,unseen_user_validation,history_informed,300,0.8,true,conformal_adjustment_bpm,"origin-within-session, session-within-user, equal-user mean",5,20260722;20260723;20260724;20260725;20260726,0.0,0.0,0.0,127,19062,123370,False
0.22.0,unseen_main,,development,interval,history_quantile_tcn,0.11.0,,unseen_main,unseen_user_validation,history_informed,300,0.8,true,mean_interval_width_bpm,"origin-within-session, session-within-user, equal-user mean",5,20260722;20260723;20260724;20260725;20260726,25.315128326416016,24.775339126586918,25.52450942993164,127,19062,123370,False
0.22.0,unseen_main,,development,interval,history_quantile_tcn,0.11.0,,unseen_main,unseen_user_validation,history_informed,300,0.8,true,picp,"origin-within-session, session-within-user, equal-user mean",5,20260722;20260723;20260724;20260725;20260726,0.7932908535003662,0.7848474383354187,0.8008914589881897,127,19062,123370,False
0.22.0,unseen_main,,development,interval,history_quantile_tcn,0.11.0,,unseen_main,unseen_user_validation,history_informed,300,0.9,false,absolute_coverage_error,"origin-within-session, session-within-user, equal-user mean",5,20260722;20260723;20260724;20260725;20260726,0.006653094291687,0.0018797755241394,0.0099981665611267,127,19062,123370,False
0.22.0,unseen_main,,development,interval,history_quantile_tcn,0.11.0,,unseen_main,unseen_user_validation,history_informed,300,0.9,false,conformal_adjustment_bpm,"origin-within-session, session-within-user, equal-user mean",5,20260722;20260723;20260724;20260725;20260726,0.0,0.0,0.0,127,19062,123370,False
0.22.0,unseen_main,,development,interval,history_quantile_tcn,0.11.0,,unseen_main,unseen_user_validation,history_informed,300,0.9,false,mean_interval_width_bpm,"origin-within-session, session-within-user, equal-user mean",5,20260722;20260723;20260724;20260725;20260726,33.91754531860352,33.30192565917969,34.29005813598633,127,19062,123370,False
0.22.0,unseen_main,,development,interval,history_quantile_tcn,0.11.0,,unseen_main,unseen_user_validation,history_informed,300,0.9,false,picp,"origin-within-session, session-within-user, equal-user mean",5,20260722;20260723;20260724;20260725;20260726,0.893346905708313,0.8900018334388733,0.8981202244758606,127,19062,123370,False
0.22.0,unseen_main,,development,interval,history_quantile_tcn,0.11.0,,unseen_main,unseen_user_validation,history_informed,300,0.9,true,absolute_coverage_error,"origin-within-session, session-within-user, equal-user mean",5,20260722;20260723;20260724;20260725;20260726,0.006653094291687,0.0018797755241394,0.0096818447113037,127,19062,123370,False
0.22.0,unseen_main,,development,interval,history_quantile_tcn,0.11.0,,unseen_main,unseen_user_validation,history_informed,300,0.9,true,conformal_adjustment_bpm,"origin-within-session, session-within-user, equal-user mean",5,20260722;20260723;20260724;20260725;20260726,0.0,0.0,0.140625,127,19062,123370,False
0.22.0,unseen_main,,development,interval,history_quantile_tcn,0.11.0,,unseen_main,unseen_user_validation,history_informed,300,0.9,true,mean_interval_width_bpm,"origin-within-session, session-within-user, equal-user mean",5,20260722;20260723;20260724;20260725;20260726,33.91754531860352,33.30192565917969,34.29005813598633,127,19062,123370,False
0.22.0,unseen_main,,development,interval,history_quantile_tcn,0.11.0,,unseen_main,unseen_user_validation,history_informed,300,0.9,true,picp,"origin-within-session, session-within-user, equal-user mean",5,20260722;20260723;20260724;20260725;20260726,0.893346905708313,0.8903181552886963,0.8981202244758606,127,19062,123370,False
0.22.0,unseen_main,,development,interval,history_quantile_tcn,0.11.0,,unseen_main,unseen_user_validation,zero_history,60,0.5,false,absolute_coverage_error,"origin-within-session, session-within-user, equal-user mean",5,20260722;20260723;20260724;20260725;20260726,0.0179788172245025,0.0001170337200164,0.0216578245162963,127,19062,123370,False
0.22.0,unseen_main,,development,interval,history_quantile_tcn,0.11.0,,unseen_main,unseen_user_validation,zero_history,60,0.5,false,conformal_adjustment_bpm,"origin-within-session, session-within-user, equal-user mean",5,20260722;20260723;20260724;20260725;20260726,0.0,0.0,0.0,127,19062,123370,False
0.22.0,unseen_main,,development,interval,history_quantile_tcn,0.11.0,,unseen_main,unseen_user_validation,zero_history,60,0.5,false,mean_interval_width_bpm,"origin-within-session, session-within-user, equal-user mean",5,20260722;20260723;20260724;20260725;20260726,9.376819610595703,9.231202125549316,9.611491203308104,127,19062,123370,False
0.22.0,unseen_main,,development,interval,history_quantile_tcn,0.11.0,,unseen_main,unseen_user_validation,zero_history,60,0.5,false,picp,"origin-within-session, session-within-user, equal-user mean",5,20260722;20260723;20260724;20260725;20260726,0.4820211827754974,0.4783421754837036,0.4998829662799835,127,19062,123370,False
0.22.0,unseen_main,,development,interval,history_quantile_tcn,0.11.0,,unseen_main,unseen_user_validation,zero_history,60,0.5,true,absolute_coverage_error,"origin-within-session, session-within-user, equal-user mean",5,20260722;20260723;20260724;20260725;20260726,0.00969660282135,0.0001170337200164,0.015134572982788,127,19062,123370,False
0.22.0,unseen_main,,development,interval,history_quantile_tcn,0.11.0,,unseen_main,unseen_user_validation,zero_history,60,0.5,true,conformal_adjustment_bpm,"origin-within-session, session-within-user, equal-user mean",5,20260722;20260723;20260724;20260725;20260726,0.0205078125,0.0,0.068359375,127,19062,123370,False
0.22.0,unseen_main,,development,interval,history_quantile_tcn,0.11.0,,unseen_main,unseen_user_validation,zero_history,60,0.5,true,mean_interval_width_bpm,"origin-within-session, session-within-user, equal-user mean",5,20260722;20260723;20260724;20260725;20260726,9.446290016174316,9.345030784606934,9.611491203308104,127,19062,123370,False
0.22.0,unseen_main,,development,interval,history_quantile_tcn,0.11.0,,unseen_main,unseen_user_validation,zero_history,60,0.5,true,picp,"origin-within-session, session-within-user, equal-user mean",5,20260722;20260723;20260724;20260725;20260726,0.4903033971786499,0.4848654270172119,0.4998829662799835,127,19062,123370,False
0.22.0,unseen_main,,development,interval,history_quantile_tcn,0.11.0,,unseen_main,unseen_user_validation,zero_history,60,0.8,false,absolute_coverage_error,"origin-within-session, session-within-user, equal-user mean",5,20260722;20260723;20260724;20260725;20260726,0.0116247415542602,0.002279770374298,0.0213289737701416,127,19062,123370,False
0.22.0,unseen_main,,development,interval,history_quantile_tcn,0.11.0,,unseen_main,unseen_user_validation,zero_history,60,0.8,false,conformal_adjustment_bpm,"origin-within-session, session-within-user, equal-user mean",5,20260722;20260723;20260724;20260725;20260726,0.0,0.0,0.0,127,19062,123370,False
0.22.0,unseen_main,,development,interval,history_quantile_tcn,0.11.0,,unseen_main,unseen_user_validation,zero_history,60,0.8,false,mean_interval_width_bpm,"origin-within-session, session-within-user, equal-user mean",5,20260722;20260723;20260724;20260725;20260726,18.70606803894043,18.2115535736084,19.222204208374023,127,19062,123370,False
0.22.0,unseen_main,,development,interval,history_quantile_tcn,0.11.0,,unseen_main,unseen_user_validation,zero_history,60,0.8,false,picp,"origin-within-session, session-within-user, equal-user mean",5,20260722;20260723;20260724;20260725;20260726,0.7883752584457397,0.7786710262298584,0.8022797703742981,127,19062,123370,False
0.22.0,unseen_main,,development,interval,history_quantile_tcn,0.11.0,,unseen_main,unseen_user_validation,zero_history,60,0.8,true,absolute_coverage_error,"origin-within-session, session-within-user, equal-user mean",5,20260722;20260723;20260724;20260725;20260726,0.0116247415542602,0.002279770374298,0.0166375517845154,127,19062,123370,False
0.22.0,unseen_main,,development,interval,history_quantile_tcn,0.11.0,,unseen_main,unseen_user_validation,zero_history,60,0.8,true,conformal_adjustment_bpm,"origin-within-session, session-within-user, equal-user mean",5,20260722;20260723;20260724;20260725;20260726,0.0,0.0,0.078125,127,19062,123370,False
0.22.0,unseen_main,,development,interval,history_quantile_tcn,0.11.0,,unseen_main,unseen_user_validation,zero_history,60,0.8,true,mean_interval_width_bpm,"origin-within-session, session-within-user, equal-user mean",5,20260722;20260723;20260724;20260725;20260726,18.70606803894043,18.35347557067871,19.222204208374023,127,19062,123370,False
0.22.0,unseen_main,,development,interval,history_quantile_tcn,0.11.0,,unseen_main,unseen_user_validation,zero_history,60,0.8,true,picp,"origin-within-session, session-within-user, equal-user mean",5,20260722;20260723;20260724;20260725;20260726,0.7883752584457397,0.7833624482154846,0.8022797703742981,127,19062,123370,False
0.22.0,unseen_main,,development,interval,history_quantile_tcn,0.11.0,,unseen_main,unseen_user_validation,zero_history,60,0.9,false,absolute_coverage_error,"origin-within-session, session-within-user, equal-user mean",5,20260722;20260723;20260724;20260725;20260726,0.0104582548141479,0.0013704538345337,0.0168115139007568,127,19062,123370,False
0.22.0,unseen_main,,development,interval,history_quantile_tcn,0.11.0,,unseen_main,unseen_user_validation,zero_history,60,0.9,false,conformal_adjustment_bpm,"origin-within-session, session-within-user, equal-user mean",5,20260722;20260723;20260724;20260725;20260726,0.0,0.0,0.0,127,19062,123370,False
0.22.0,unseen_main,,development,interval,history_quantile_tcn,0.11.0,,unseen_main,unseen_user_validation,zero_history,60,0.9,false,mean_interval_width_bpm,"origin-within-session, session-within-user, equal-user mean",5,20260722;20260723;20260724;20260725;20260726,24.765357971191406,24.195632934570312,25.46858787536621,127,19062,123370,False
0.22.0,unseen_main,,development,interval,history_quantile_tcn,0.11.0,,unseen_main,unseen_user_validation,zero_history,60,0.9,false,picp,"origin-within-session, session-within-user, equal-user mean",5,20260722;20260723;20260724;20260725;20260726,0.889541745185852,0.8831884860992432,0.8986295461654663,127,19062,123370,False
0.22.0,unseen_main,,development,interval,history_quantile_tcn,0.11.0,,unseen_main,unseen_user_validation,zero_history,60,0.9,true,absolute_coverage_error,"origin-within-session, session-within-user, equal-user mean",5,20260722;20260723;20260724;20260725;20260726,0.0093549728393554,0.0013704538345337,0.0118013858795166,127,19062,123370,False
0.22.0,unseen_main,,development,interval,history_quantile_tcn,0.11.0,,unseen_main,unseen_user_validation,zero_history,60,0.9,true,conformal_adjustment_bpm,"origin-within-session, session-within-user, equal-user mean",5,20260722;20260723;20260724;20260725;20260726,0.040496826171875,0.0,0.2398834228515625,127,19062,123370,False
0.22.0,unseen_main,,development,interval,history_quantile_tcn,0.11.0,,unseen_main,unseen_user_validation,zero_history,60,0.9,true,mean_interval_width_bpm,"origin-within-session, session-within-user, equal-user mean",5,20260722;20260723;20260724;20260725;20260726,24.84945297241211,24.67525863647461,25.46858787536621,127,19062,123370,False
0.22.0,unseen_main,,development,interval,history_quantile_tcn,0.11.0,,unseen_main,unseen_user_validation,zero_history,60,0.9,true,picp,"origin-within-session, session-within-user, equal-user mean",5,20260722;20260723;20260724;20260725;20260726,0.8906450271606445,0.8881986141204834,0.8986295461654663,127,19062,123370,False
0.22.0,unseen_main,,development,interval,history_quantile_tcn,0.11.0,,unseen_main,unseen_user_validation,zero_history,180,0.5,false,absolute_coverage_error,"origin-within-session, session-within-user, equal-user mean",5,20260722;20260723;20260724;20260725;20260726,0.0110599994659423,0.0026935636997222,0.0149866342544555,127,19062,123370,False
0.22.0,unseen_main,,development,interval,history_quantile_tcn,0.11.0,,unseen_main,unseen_user_validation,zero_history,180,0.5,false,conformal_adjustment_bpm,"origin-within-session, session-within-user, equal-user mean",5,20260722;20260723;20260724;20260725;20260726,0.0,0.0,0.0,127,19062,123370,False
0.22.0,unseen_main,,development,interval,history_quantile_tcn,0.11.0,,unseen_main,unseen_user_validation,zero_history,180,0.5,false,mean_interval_width_bpm,"origin-within-session, session-within-user, equal-user mean",5,20260722;20260723;20260724;20260725;20260726,11.64753532409668,11.512632369995115,12.0661039352417,127,19062,123370,False
0.22.0,unseen_main,,development,interval,history_quantile_tcn,0.11.0,,unseen_main,unseen_user_validation,zero_history,180,0.5,false,picp,"origin-within-session, session-within-user, equal-user mean",5,20260722;20260723;20260724;20260725;20260726,0.494947999715805,0.4854297339916229,0.5149866342544556,127,19062,123370,False
0.22.0,unseen_main,,development,interval,history_quantile_tcn,0.11.0,,unseen_main,unseen_user_validation,zero_history,180,0.5,true,absolute_coverage_error,"origin-within-session, session-within-user, equal-user mean",5,20260722;20260723;20260724;20260725;20260726,0.0110599994659423,0.0026935636997222,0.0149866342544555,127,19062,123370,False
0.22.0,unseen_main,,development,interval,history_quantile_tcn,0.11.0,,unseen_main,unseen_user_validation,zero_history,180,0.5,true,conformal_adjustment_bpm,"origin-within-session, session-within-user, equal-user mean",5,20260722;20260723;20260724;20260725;20260726,0.0,0.0,0.0240936279296875,127,19062,123370,False
0.22.0,unseen_main,,development,interval,history_quantile_tcn,0.11.0,,unseen_main,unseen_user_validation,zero_history,180,0.5,true,mean_interval_width_bpm,"origin-within-session, session-within-user, equal-user mean",5,20260722;20260723;20260724;20260725;20260726,11.64753532409668,11.56081771850586,12.0661039352417,127,19062,123370,False
0.22.0,unseen_main,,development,interval,history_quantile_tcn,0.11.0,,unseen_main,unseen_user_validation,zero_history,180,0.5,true,picp,"origin-within-session, session-within-user, equal-user mean",5,20260722;20260723;20260724;20260725;20260726,0.494947999715805,0.4880990386009216,0.5149866342544556,127,19062,123370,False
0.22.0,unseen_main,,development,interval,history_quantile_tcn,0.11.0,,unseen_main,unseen_user_validation,zero_history,180,0.8,false,absolute_coverage_error,"origin-within-session, session-within-user, equal-user mean",5,20260722;20260723;20260724;20260725;20260726,0.0129583954811096,0.0015841841697692,0.0198430299758911,127,19062,123370,False
0.22.0,unseen_main,,development,interval,history_quantile_tcn,0.11.0,,unseen_main,unseen_user_validation,zero_history,180,0.8,false,conformal_adjustment_bpm,"origin-within-session, session-within-user, equal-user mean",5,20260722;20260723;20260724;20260725;20260726,0.0,0.0,0.0,127,19062,123370,False
0.22.0,unseen_main,,development,interval,history_quantile_tcn,0.11.0,,unseen_main,unseen_user_validation,zero_history,180,0.8,false,mean_interval_width_bpm,"origin-within-session, session-within-user, equal-user mean",5,20260722;20260723;20260724;20260725;20260726,23.085573196411133,22.69173812866211,23.71149063110352,127,19062,123370,False
0.22.0,unseen_main,,development,interval,history_quantile_tcn,0.11.0,,unseen_main,unseen_user_validation,zero_history,180,0.8,false,picp,"origin-within-session, session-within-user, equal-user mean",5,20260722;20260723;20260724;20260725;20260726,0.7870416045188904,0.7801569700241089,0.8015841841697693,127,19062,123370,False
0.22.0,unseen_main,,development,interval,history_quantile_tcn,0.11.0,,unseen_main,unseen_user_validation,zero_history,180,0.8,true,absolute_coverage_error,"origin-within-session, session-within-user, equal-user mean",5,20260722;20260723;20260724;20260725;20260726,0.0129583954811096,0.0015841841697692,0.0186698317527771,127,19062,123370,False
0.22.0,unseen_main,,development,interval,history_quantile_tcn,0.11.0,,unseen_main,unseen_user_validation,zero_history,180,0.8,true,conformal_adjustment_bpm,"origin-within-session, session-within-user, equal-user mean",5,20260722;20260723;20260724;20260725;20260726,0.0,0.0,0.049713134765625,127,19062,123370,False
0.22.0,unseen_main,,development,interval,history_quantile_tcn,0.11.0,,unseen_main,unseen_user_validation,zero_history,180,0.8,true,mean_interval_width_bpm,"origin-within-session, session-within-user, equal-user mean",5,20260722;20260723;20260724;20260725;20260726,23.085573196411133,22.75813865661621,23.71149063110352,127,19062,123370,False
0.22.0,unseen_main,,development,interval,history_quantile_tcn,0.11.0,,unseen_main,unseen_user_validation,zero_history,180,0.8,true,picp,"origin-within-session, session-within-user, equal-user mean",5,20260722;20260723;20260724;20260725;20260726,0.7870416045188904,0.7813301682472229,0.8015841841697693,127,19062,123370,False
0.22.0,unseen_main,,development,interval,history_quantile_tcn,0.11.0,,unseen_main,unseen_user_validation,zero_history,180,0.9,false,absolute_coverage_error,"origin-within-session, session-within-user, equal-user mean",5,20260722;20260723;20260724;20260725;20260726,0.0128944754600525,0.0042357683181762,0.0159181594848633,127,19062,123370,False
0.22.0,unseen_main,,development,interval,history_quantile_tcn,0.11.0,,unseen_main,unseen_user_validation,zero_history,180,0.9,false,conformal_adjustment_bpm,"origin-within-session, session-within-user, equal-user mean",5,20260722;20260723;20260724;20260725;20260726,0.0,0.0,0.0,127,19062,123370,False
0.22.0,unseen_main,,development,interval,history_quantile_tcn,0.11.0,,unseen_main,unseen_user_validation,zero_history,180,0.9,false,mean_interval_width_bpm,"origin-within-session, session-within-user, equal-user mean",5,20260722;20260723;20260724;20260725;20260726,30.88447380065918,30.493803024291992,31.646303176879883,127,19062,123370,False
0.22.0,unseen_main,,development,interval,history_quantile_tcn,0.11.0,,unseen_main,unseen_user_validation,zero_history,180,0.9,false,picp,"origin-within-session, session-within-user, equal-user mean",5,20260722;20260723;20260724;20260725;20260726,0.8871055245399475,0.8840818405151367,0.8957642316818237,127,19062,123370,False
0.22.0,unseen_main,,development,interval,history_quantile_tcn,0.11.0,,unseen_main,unseen_user_validation,zero_history,180,0.9,true,absolute_coverage_error,"origin-within-session, session-within-user, equal-user mean",5,20260722;20260723;20260724;20260725;20260726,0.0106662154197693,0.0042357683181762,0.0145423054695129,127,19062,123370,False
0.22.0,unseen_main,,development,interval,history_quantile_tcn,0.11.0,,unseen_main,unseen_user_validation,zero_history,180,0.9,true,conformal_adjustment_bpm,"origin-within-session, session-within-user, equal-user mean",5,20260722;20260723;20260724;20260725;20260726,0.0625,0.0,0.134613037109375,127,19062,123370,False
0.22.0,unseen_main,,development,interval,history_quantile_tcn,0.11.0,,unseen_main,unseen_user_validation,zero_history,180,0.9,true,mean_interval_width_bpm,"origin-within-session, session-within-user, equal-user mean",5,20260722;20260723;20260724;20260725;20260726,31.052146911621094,30.650014877319336,31.646303176879883,127,19062,123370,False
0.22.0,unseen_main,,development,interval,history_quantile_tcn,0.11.0,,unseen_main,unseen_user_validation,zero_history,180,0.9,true,picp,"origin-within-session, session-within-user, equal-user mean",5,20260722;20260723;20260724;20260725;20260726,0.8893337845802307,0.8854576945304871,0.8957642316818237,127,19062,123370,False
0.22.0,unseen_main,,development,interval,history_quantile_tcn,0.11.0,,unseen_main,unseen_user_validation,zero_history,300,0.5,false,absolute_coverage_error,"origin-within-session, session-within-user, equal-user mean",5,20260722;20260723;20260724;20260725;20260726,0.0064249634742736,0.0045717358589172,0.0209856927394866,127,19062,123370,False
0.22.0,unseen_main,,development,interval,history_quantile_tcn,0.11.0,,unseen_main,unseen_user_validation,zero_history,300,0.5,false,conformal_adjustment_bpm,"origin-within-session, session-within-user, equal-user mean",5,20260722;20260723;20260724;20260725;20260726,0.0,0.0,0.0,127,19062,123370,False
0.22.0,unseen_main,,development,interval,history_quantile_tcn,0.11.0,,unseen_main,unseen_user_validation,zero_history,300,0.5,false,mean_interval_width_bpm,"origin-within-session, session-within-user, equal-user mean",5,20260722;20260723;20260724;20260725;20260726,12.601844787597656,12.442098617553713,12.918678283691406,127,19062,123370,False
0.22.0,unseen_main,,development,interval,history_quantile_tcn,0.11.0,,unseen_main,unseen_user_validation,zero_history,300,0.5,false,picp,"origin-within-session, session-within-user, equal-user mean",5,20260722;20260723;20260724;20260725;20260726,0.4953465759754181,0.4790143072605133,0.5064249634742737,127,19062,123370,False
0.22.0,unseen_main,,development,interval,history_quantile_tcn,0.11.0,,unseen_main,unseen_user_validation,zero_history,300,0.5,true,absolute_coverage_error,"origin-within-session, session-within-user, equal-user mean",5,20260722;20260723;20260724;20260725;20260726,0.0064249634742736,0.0045717358589172,0.0209856927394866,127,19062,123370,False
0.22.0,unseen_main,,development,interval,history_quantile_tcn,0.11.0,,unseen_main,unseen_user_validation,zero_history,300,0.5,true,conformal_adjustment_bpm,"origin-within-session, session-within-user, equal-user mean",5,20260722;20260723;20260724;20260725;20260726,0.0,0.0,0.0,127,19062,123370,False
0.22.0,unseen_main,,development,interval,history_quantile_tcn,0.11.0,,unseen_main,unseen_user_validation,zero_history,300,0.5,true,mean_interval_width_bpm,"origin-within-session, session-within-user, equal-user mean",5,20260722;20260723;20260724;20260725;20260726,12.601844787597656,12.442098617553713,12.918678283691406,127,19062,123370,False
0.22.0,unseen_main,,development,interval,history_quantile_tcn,0.11.0,,unseen_main,unseen_user_validation,zero_history,300,0.5,true,picp,"origin-within-session, session-within-user, equal-user mean",5,20260722;20260723;20260724;20260725;20260726,0.4953465759754181,0.4790143072605133,0.5064249634742737,127,19062,123370,False
0.22.0,unseen_main,,development,interval,history_quantile_tcn,0.11.0,,unseen_main,unseen_user_validation,zero_history,300,0.8,false,absolute_coverage_error,"origin-within-session, session-within-user, equal-user mean",5,20260722;20260723;20260724;20260725;20260726,0.0070254683494568,0.0018208742141723,0.0151296138763428,127,19062,123370,False
0.22.0,unseen_main,,development,interval,history_quantile_tcn,0.11.0,,unseen_main,unseen_user_validation,zero_history,300,0.8,false,conformal_adjustment_bpm,"origin-within-session, session-within-user, equal-user mean",5,20260722;20260723;20260724;20260725;20260726,0.0,0.0,0.0,127,19062,123370,False
0.22.0,unseen_main,,development,interval,history_quantile_tcn,0.11.0,,unseen_main,unseen_user_validation,zero_history,300,0.8,false,mean_interval_width_bpm,"origin-within-session, session-within-user, equal-user mean",5,20260722;20260723;20260724;20260725;20260726,25.171039581298828,24.627519607543945,25.439727783203125,127,19062,123370,False
0.22.0,unseen_main,,development,interval,history_quantile_tcn,0.11.0,,unseen_main,unseen_user_validation,zero_history,300,0.8,false,picp,"origin-within-session, session-within-user, equal-user mean",5,20260722;20260723;20260724;20260725;20260726,0.7929745316505432,0.7848703861236572,0.8018208742141724,127,19062,123370,False
0.22.0,unseen_main,,development,interval,history_quantile_tcn,0.11.0,,unseen_main,unseen_user_validation,zero_history,300,0.8,true,absolute_coverage_error,"origin-within-session, session-within-user, equal-user mean",5,20260722;20260723;20260724;20260725;20260726,0.0070254683494568,0.0018208742141723,0.0151296138763428,127,19062,123370,False
0.22.0,unseen_main,,development,interval,history_quantile_tcn,0.11.0,,unseen_main,unseen_user_validation,zero_history,300,0.8,true,conformal_adjustment_bpm,"origin-within-session, session-within-user, equal-user mean",5,20260722;20260723;20260724;20260725;20260726,0.0,0.0,0.0,127,19062,123370,False
0.22.0,unseen_main,,development,interval,history_quantile_tcn,0.11.0,,unseen_main,unseen_user_validation,zero_history,300,0.8,true,mean_interval_width_bpm,"origin-within-session, session-within-user, equal-user mean",5,20260722;20260723;20260724;20260725;20260726,25.171039581298828,24.627519607543945,25.439727783203125,127,19062,123370,False
0.22.0,unseen_main,,development,interval,history_quantile_tcn,0.11.0,,unseen_main,unseen_user_validation,zero_history,300,0.8,true,picp,"origin-within-session, session-within-user, equal-user mean",5,20260722;20260723;20260724;20260725;20260726,0.7929745316505432,0.7848703861236572,0.8018208742141724,127,19062,123370,False
0.22.0,unseen_main,,development,interval,history_quantile_tcn,0.11.0,,unseen_main,unseen_user_validation,zero_history,300,0.9,false,absolute_coverage_error,"origin-within-session, session-within-user, equal-user mean",5,20260722;20260723;20260724;20260725;20260726,0.0101323962211609,0.0036984324455261,0.0139993667602539,127,19062,123370,False
0.22.0,unseen_main,,development,interval,history_quantile_tcn,0.11.0,,unseen_main,unseen_user_validation,zero_history,300,0.9,false,conformal_adjustment_bpm,"origin-within-session, session-within-user, equal-user mean",5,20260722;20260723;20260724;20260725;20260726,0.0,0.0,0.0,127,19062,123370,False
0.22.0,unseen_main,,development,interval,history_quantile_tcn,0.11.0,,unseen_main,unseen_user_validation,zero_history,300,0.9,false,mean_interval_width_bpm,"origin-within-session, session-within-user, equal-user mean",5,20260722;20260723;20260724;20260725;20260726,33.63420486450195,33.09360122680664,34.15771484375,127,19062,123370,False
0.22.0,unseen_main,,development,interval,history_quantile_tcn,0.11.0,,unseen_main,unseen_user_validation,zero_history,300,0.9,false,picp,"origin-within-session, session-within-user, equal-user mean",5,20260722;20260723;20260724;20260725;20260726,0.8898676037788391,0.8860006332397461,0.8963015675544739,127,19062,123370,False
0.22.0,unseen_main,,development,interval,history_quantile_tcn,0.11.0,,unseen_main,unseen_user_validation,zero_history,300,0.9,true,absolute_coverage_error,"origin-within-session, session-within-user, equal-user mean",5,20260722;20260723;20260724;20260725;20260726,0.0101323962211609,0.0036984324455261,0.0122692823410034,127,19062,123370,False
0.22.0,unseen_main,,development,interval,history_quantile_tcn,0.11.0,,unseen_main,unseen_user_validation,zero_history,300,0.9,true,conformal_adjustment_bpm,"origin-within-session, session-within-user, equal-user mean",5,20260722;20260723;20260724;20260725;20260726,0.0,0.0,0.1164703369140625,127,19062,123370,False
0.22.0,unseen_main,,development,interval,history_quantile_tcn,0.11.0,,unseen_main,unseen_user_validation,zero_history,300,0.9,true,mean_interval_width_bpm,"origin-within-session, session-within-user, equal-user mean",5,20260722;20260723;20260724;20260725;20260726,33.63420486450195,33.24950408935547,34.15771484375,127,19062,123370,False
0.22.0,unseen_main,,development,interval,history_quantile_tcn,0.11.0,,unseen_main,unseen_user_validation,zero_history,300,0.9,true,picp,"origin-within-session, session-within-user, equal-user mean",5,20260722;20260723;20260724;20260725;20260726,0.8898676037788391,0.8877307176589966,0.8963015675544739,127,19062,123370,False
0.22.0,unseen_main,,development,point,history_quantile_tcn,0.11.0,,unseen_main,unseen_user_test,history_informed,60,,,bias_bpm,"origin-within-session, session-within-user, equal-user mean",5,20260722;20260723;20260724;20260725;20260726,0.2035912722349167,0.1112309619784355,0.2266919463872909,105,15026,101184,False
0.22.0,unseen_main,,development,point,history_quantile_tcn,0.11.0,,unseen_main,unseen_user_test,history_informed,60,,,mae_bpm,"origin-within-session, session-within-user, equal-user mean",5,20260722;20260723;20260724;20260725;20260726,5.849038600921631,5.821257591247559,5.866835117340088,105,15026,101184,False
0.22.0,unseen_main,,development,point,history_quantile_tcn,0.11.0,,unseen_main,unseen_user_test,history_informed,60,,,rmse_bpm,"origin-within-session, session-within-user, equal-user mean",5,20260722;20260723;20260724;20260725;20260726,7.117678165435791,7.082586765289307,7.136689186096191,105,15026,101184,False
0.22.0,unseen_main,,development,point,history_quantile_tcn,0.11.0,,unseen_main,unseen_user_test,history_informed,180,,,bias_bpm,"origin-within-session, session-within-user, equal-user mean",5,20260722;20260723;20260724;20260725;20260726,0.2779105305671692,0.1293563395738601,0.474986732006073,105,15026,101184,False
0.22.0,unseen_main,,development,point,history_quantile_tcn,0.11.0,,unseen_main,unseen_user_test,history_informed,180,,,mae_bpm,"origin-within-session, session-within-user, equal-user mean",5,20260722;20260723;20260724;20260725;20260726,7.407142639160156,7.3938140869140625,7.420022964477539,105,15026,101184,False
0.22.0,unseen_main,,development,point,history_quantile_tcn,0.11.0,,unseen_main,unseen_user_test,history_informed,180,,,rmse_bpm,"origin-within-session, session-within-user, equal-user mean",5,20260722;20260723;20260724;20260725;20260726,8.892720222473145,8.890103340148926,8.906476974487305,105,15026,101184,False
0.22.0,unseen_main,,development,point,history_quantile_tcn,0.11.0,,unseen_main,unseen_user_test,history_informed,300,,,bias_bpm,"origin-within-session, session-within-user, equal-user mean",5,20260722;20260723;20260724;20260725;20260726,0.236276313662529,0.1212618127465248,0.4415894150733948,105,15026,101184,False
0.22.0,unseen_main,,development,point,history_quantile_tcn,0.11.0,,unseen_main,unseen_user_test,history_informed,300,,,mae_bpm,"origin-within-session, session-within-user, equal-user mean",5,20260722;20260723;20260724;20260725;20260726,8.156834602355957,8.126999855041504,8.212199211120605,105,15026,101184,False
0.22.0,unseen_main,,development,point,history_quantile_tcn,0.11.0,,unseen_main,unseen_user_test,history_informed,300,,,rmse_bpm,"origin-within-session, session-within-user, equal-user mean",5,20260722;20260723;20260724;20260725;20260726,9.734848976135254,9.722333908081056,9.793744087219238,105,15026,101184,False
0.22.0,unseen_main,,development,point,history_quantile_tcn,0.11.0,,unseen_main,unseen_user_test,zero_history,60,,,bias_bpm,"origin-within-session, session-within-user, equal-user mean",5,20260722;20260723;20260724;20260725;20260726,0.1314802020788192,0.0132702784612774,0.1722726374864578,105,15026,101184,False
0.22.0,unseen_main,,development,point,history_quantile_tcn,0.11.0,,unseen_main,unseen_user_test,zero_history,60,,,mae_bpm,"origin-within-session, session-within-user, equal-user mean",5,20260722;20260723;20260724;20260725;20260726,5.88263750076294,5.865653991699219,5.91007137298584,105,15026,101184,False
0.22.0,unseen_main,,development,point,history_quantile_tcn,0.11.0,,unseen_main,unseen_user_test,zero_history,60,,,rmse_bpm,"origin-within-session, session-within-user, equal-user mean",5,20260722;20260723;20260724;20260725;20260726,7.166353225708008,7.13979434967041,7.195865154266357,105,15026,101184,False
0.22.0,unseen_main,,development,point,history_quantile_tcn,0.11.0,,unseen_main,unseen_user_test,zero_history,180,,,bias_bpm,"origin-within-session, session-within-user, equal-user mean",5,20260722;20260723;20260724;20260725;20260726,0.3314303159713745,0.1293948590755462,0.5082719326019287,105,15026,101184,False
0.22.0,unseen_main,,development,point,history_quantile_tcn,0.11.0,,unseen_main,unseen_user_test,zero_history,180,,,mae_bpm,"origin-within-session, session-within-user, equal-user mean",5,20260722;20260723;20260724;20260725;20260726,7.494663715362549,7.474909782409668,7.513736248016357,105,15026,101184,False
0.22.0,unseen_main,,development,point,history_quantile_tcn,0.11.0,,unseen_main,unseen_user_test,zero_history,180,,,rmse_bpm,"origin-within-session, session-within-user, equal-user mean",5,20260722;20260723;20260724;20260725;20260726,9.002553939819336,8.997401237487793,9.016404151916504,105,15026,101184,False
0.22.0,unseen_main,,development,point,history_quantile_tcn,0.11.0,,unseen_main,unseen_user_test,zero_history,300,,,bias_bpm,"origin-within-session, session-within-user, equal-user mean",5,20260722;20260723;20260724;20260725;20260726,0.1801684647798538,0.005571408662945,0.4043861031532287,105,15026,101184,False
0.22.0,unseen_main,,development,point,history_quantile_tcn,0.11.0,,unseen_main,unseen_user_test,zero_history,300,,,mae_bpm,"origin-within-session, session-within-user, equal-user mean",5,20260722;20260723;20260724;20260725;20260726,8.303367614746094,8.251067161560059,8.336525917053223,105,15026,101184,False
0.22.0,unseen_main,,development,point,history_quantile_tcn,0.11.0,,unseen_main,unseen_user_test,zero_history,300,,,rmse_bpm,"origin-within-session, session-within-user, equal-user mean",5,20260722;20260723;20260724;20260725;20260726,9.915939331054688,9.868489265441896,9.943330764770508,105,15026,101184,False
0.22.0,unseen_main,,development,point,history_quantile_tcn,0.11.0,,unseen_main,unseen_user_validation,history_informed,60,,,bias_bpm,"origin-within-session, session-within-user, equal-user mean",5,20260722;20260723;20260724;20260725;20260726,0.4718087911605835,0.37913379073143,0.495401531457901,127,19062,123370,False
0.22.0,unseen_main,,development,point,history_quantile_tcn,0.11.0,,unseen_main,unseen_user_validation,history_informed,60,,,mae_bpm,"origin-within-session, session-within-user, equal-user mean",5,20260722;20260723;20260724;20260725;20260726,6.201185703277588,6.183519840240479,6.223449230194092,127,19062,123370,False
0.22.0,unseen_main,,development,point,history_quantile_tcn,0.11.0,,unseen_main,unseen_user_validation,history_informed,60,,,rmse_bpm,"origin-within-session, session-within-user, equal-user mean",5,20260722;20260723;20260724;20260725;20260726,7.511059761047363,7.493354320526123,7.5394110679626465,127,19062,123370,False
0.22.0,unseen_main,,development,point,history_quantile_tcn,0.11.0,,unseen_main,unseen_user_validation,history_informed,180,,,bias_bpm,"origin-within-session, session-within-user, equal-user mean",5,20260722;20260723;20260724;20260725;20260726,0.5643824934959412,0.3805401623249054,0.7333089709281921,127,19062,123370,False
0.22.0,unseen_main,,development,point,history_quantile_tcn,0.11.0,,unseen_main,unseen_user_validation,history_informed,180,,,mae_bpm,"origin-within-session, session-within-user, equal-user mean",5,20260722;20260723;20260724;20260725;20260726,7.748815536499023,7.731301784515381,7.769833564758301,127,19062,123370,False
0.22.0,unseen_main,,development,point,history_quantile_tcn,0.11.0,,unseen_main,unseen_user_validation,history_informed,180,,,rmse_bpm,"origin-within-session, session-within-user, equal-user mean",5,20260722;20260723;20260724;20260725;20260726,9.311561584472656,9.295125961303713,9.32024097442627,127,19062,123370,False
0.22.0,unseen_main,,development,point,history_quantile_tcn,0.11.0,,unseen_main,unseen_user_validation,history_informed,300,,,bias_bpm,"origin-within-session, session-within-user, equal-user mean",5,20260722;20260723;20260724;20260725;20260726,0.4396710395812988,0.3260974586009979,0.6308941841125488,127,19062,123370,False
0.22.0,unseen_main,,development,point,history_quantile_tcn,0.11.0,,unseen_main,unseen_user_validation,history_informed,300,,,mae_bpm,"origin-within-session, session-within-user, equal-user mean",5,20260722;20260723;20260724;20260725;20260726,8.242945671081543,8.211639404296875,8.25429630279541,127,19062,123370,False
0.22.0,unseen_main,,development,point,history_quantile_tcn,0.11.0,,unseen_main,unseen_user_validation,history_informed,300,,,rmse_bpm,"origin-within-session, session-within-user, equal-user mean",5,20260722;20260723;20260724;20260725;20260726,9.855692863464355,9.83042049407959,9.868404388427734,127,19062,123370,False
0.22.0,unseen_main,,development,point,history_quantile_tcn,0.11.0,,unseen_main,unseen_user_validation,zero_history,60,,,bias_bpm,"origin-within-session, session-within-user, equal-user mean",5,20260722;20260723;20260724;20260725;20260726,0.4976235032081604,0.3931753039360046,0.509951651096344,127,19062,123370,False
0.22.0,unseen_main,,development,point,history_quantile_tcn,0.11.0,,unseen_main,unseen_user_validation,zero_history,60,,,mae_bpm,"origin-within-session, session-within-user, equal-user mean",5,20260722;20260723;20260724;20260725;20260726,6.244334220886231,6.233643054962158,6.263705253601074,127,19062,123370,False
0.22.0,unseen_main,,development,point,history_quantile_tcn,0.11.0,,unseen_main,unseen_user_validation,zero_history,60,,,rmse_bpm,"origin-within-session, session-within-user, equal-user mean",5,20260722;20260723;20260724;20260725;20260726,7.57034969329834,7.568637847900391,7.589880466461182,127,19062,123370,False
0.22.0,unseen_main,,development,point,history_quantile_tcn,0.11.0,,unseen_main,unseen_user_validation,zero_history,180,,,bias_bpm,"origin-within-session, session-within-user, equal-user mean",5,20260722;20260723;20260724;20260725;20260726,0.7627928256988525,0.5724277496337891,0.9317280650138856,127,19062,123370,False
0.22.0,unseen_main,,development,point,history_quantile_tcn,0.11.0,,unseen_main,unseen_user_validation,zero_history,180,,,mae_bpm,"origin-within-session, session-within-user, equal-user mean",5,20260722;20260723;20260724;20260725;20260726,7.813691139221191,7.805972576141357,7.854025363922119,127,19062,123370,False
0.22.0,unseen_main,,development,point,history_quantile_tcn,0.11.0,,unseen_main,unseen_user_validation,zero_history,180,,,rmse_bpm,"origin-within-session, session-within-user, equal-user mean",5,20260722;20260723;20260724;20260725;20260726,9.40524196624756,9.391830444335938,9.442131996154783,127,19062,123370,False
0.22.0,unseen_main,,development,point,history_quantile_tcn,0.11.0,,unseen_main,unseen_user_validation,zero_history,300,,,bias_bpm,"origin-within-session, session-within-user, equal-user mean",5,20260722;20260723;20260724;20260725;20260726,0.5694196224212646,0.3597369492053985,0.776722252368927,127,19062,123370,False
0.22.0,unseen_main,,development,point,history_quantile_tcn,0.11.0,,unseen_main,unseen_user_validation,zero_history,300,,,mae_bpm,"origin-within-session, session-within-user, equal-user mean",5,20260722;20260723;20260724;20260725;20260726,8.340431213378906,8.32426643371582,8.348260879516602,127,19062,123370,False
0.22.0,unseen_main,,development,point,history_quantile_tcn,0.11.0,,unseen_main,unseen_user_validation,zero_history,300,,,rmse_bpm,"origin-within-session, session-within-user, equal-user mean",5,20260722;20260723;20260724;20260725;20260726,9.986157417297363,9.970725059509276,10.007293701171877,127,19062,123370,False
0.22.0,unseen_main,,external,interval,history_quantile_tcn,0.11.0,0.21.0,unseen_main,goldencheetah_external__indoor_virtual_cycling,zero_history,60,0.5,false,absolute_coverage_error,"origin-within-session, session-within-user, equal-user mean",5,20260722;20260723;20260724;20260725;20260726,0.057842344045639,0.0511215925216674,0.0869041681289672,41,2275,26235,False
0.22.0,unseen_main,,external,interval,history_quantile_tcn,0.11.0,0.21.0,unseen_main,goldencheetah_external__indoor_virtual_cycling,zero_history,60,0.5,false,conformal_adjustment_bpm,"origin-within-session, session-within-user, equal-user mean",5,20260722;20260723;20260724;20260725;20260726,0.0,0.0,0.0,41,2275,26235,False
0.22.0,unseen_main,,external,interval,history_quantile_tcn,0.11.0,0.21.0,unseen_main,goldencheetah_external__indoor_virtual_cycling,zero_history,60,0.5,false,mean_interval_width_bpm,"origin-within-session, session-within-user, equal-user mean",5,20260722;20260723;20260724;20260725;20260726,7.695469379425049,7.219204902648926,7.875063419342041,41,2275,26235,False
0.22.0,unseen_main,,external,interval,history_quantile_tcn,0.11.0,0.21.0,unseen_main,goldencheetah_external__indoor_virtual_cycling,zero_history,60,0.5,false,picp,"origin-within-session, session-within-user, equal-user mean",5,20260722;20260723;20260724;20260725;20260726,0.4421576559543609,0.4130958318710327,0.4488784074783325,41,2275,26235,False
0.22.0,unseen_main,,external,interval,history_quantile_tcn,0.11.0,0.21.0,unseen_main,goldencheetah_external__indoor_virtual_cycling,zero_history,60,0.5,true,absolute_coverage_error,"origin-within-session, session-within-user, equal-user mean",5,20260722;20260723;20260724;20260725;20260726,0.0546461045742034,0.0433051288127899,0.0869041681289672,41,2275,26235,False
0.22.0,unseen_main,,external,interval,history_quantile_tcn,0.11.0,0.21.0,unseen_main,goldencheetah_external__indoor_virtual_cycling,zero_history,60,0.5,true,conformal_adjustment_bpm,"origin-within-session, session-within-user, equal-user mean",5,20260722;20260723;20260724;20260725;20260726,0.0205078125,0.0,0.068359375,41,2275,26235,False
0.22.0,unseen_main,,external,interval,history_quantile_tcn,0.11.0,0.21.0,unseen_main,goldencheetah_external__indoor_virtual_cycling,zero_history,60,0.5,true,mean_interval_width_bpm,"origin-within-session, session-within-user, equal-user mean",5,20260722;20260723;20260724;20260725;20260726,7.798098087310791,7.330134868621826,7.916079044342041,41,2275,26235,False
0.22.0,unseen_main,,external,interval,history_quantile_tcn,0.11.0,0.21.0,unseen_main,goldencheetah_external__indoor_virtual_cycling,zero_history,60,0.5,true,picp,"origin-within-session, session-within-user, equal-user mean",5,20260722;20260723;20260724;20260725;20260726,0.4453538954257965,0.4130958318710327,0.4566948711872101,41,2275,26235,False
0.22.0,unseen_main,,external,interval,history_quantile_tcn,0.11.0,0.21.0,unseen_main,goldencheetah_external__indoor_virtual_cycling,zero_history,60,0.8,false,absolute_coverage_error,"origin-within-session, session-within-user, equal-user mean",5,20260722;20260723;20260724;20260725;20260726,0.0814987301826477,0.0635696530342102,0.0956054210662842,41,2275,26235,False
0.22.0,unseen_main,,external,interval,history_quantile_tcn,0.11.0,0.21.0,unseen_main,goldencheetah_external__indoor_virtual_cycling,zero_history,60,0.8,false,conformal_adjustment_bpm,"origin-within-session, session-within-user, equal-user mean",5,20260722;20260723;20260724;20260725;20260726,0.0,0.0,0.0,41,2275,26235,False
0.22.0,unseen_main,,external,interval,history_quantile_tcn,0.11.0,0.21.0,unseen_main,goldencheetah_external__indoor_virtual_cycling,zero_history,60,0.8,false,mean_interval_width_bpm,"origin-within-session, session-within-user, equal-user mean",5,20260722;20260723;20260724;20260725;20260726,15.537660598754885,14.872698783874512,16.128360748291016,41,2275,26235,False
0.22.0,unseen_main,,external,interval,history_quantile_tcn,0.11.0,0.21.0,unseen_main,goldencheetah_external__indoor_virtual_cycling,zero_history,60,0.8,false,picp,"origin-within-session, session-within-user, equal-user mean",5,20260722;20260723;20260724;20260725;20260726,0.7185012698173523,0.7043945789337158,0.7364303469657898,41,2275,26235,False
0.22.0,unseen_main,,external,interval,history_quantile_tcn,0.11.0,0.21.0,unseen_main,goldencheetah_external__indoor_virtual_cycling,zero_history,60,0.8,true,absolute_coverage_error,"origin-within-session, session-within-user, equal-user mean",5,20260722;20260723;20260724;20260725;20260726,0.0781140804290771,0.0635696530342102,0.0956054210662842,41,2275,26235,False
0.22.0,unseen_main,,external,interval,history_quantile_tcn,0.11.0,0.21.0,unseen_main,goldencheetah_external__indoor_virtual_cycling,zero_history,60,0.8,true,conformal_adjustment_bpm,"origin-within-session, session-within-user, equal-user mean",5,20260722;20260723;20260724;20260725;20260726,0.0,0.0,0.078125,41,2275,26235,False
0.22.0,unseen_main,,external,interval,history_quantile_tcn,0.11.0,0.21.0,unseen_main,goldencheetah_external__indoor_virtual_cycling,zero_history,60,0.8,true,mean_interval_width_bpm,"origin-within-session, session-within-user, equal-user mean",5,20260722;20260723;20260724;20260725;20260726,15.67959690093994,14.88960075378418,16.128360748291016,41,2275,26235,False
0.22.0,unseen_main,,external,interval,history_quantile_tcn,0.11.0,0.21.0,unseen_main,goldencheetah_external__indoor_virtual_cycling,zero_history,60,0.8,true,picp,"origin-within-session, session-within-user, equal-user mean",5,20260722;20260723;20260724;20260725;20260726,0.7218859195709229,0.7043945789337158,0.7364303469657898,41,2275,26235,False
0.22.0,unseen_main,,external,interval,history_quantile_tcn,0.11.0,0.21.0,unseen_main,goldencheetah_external__indoor_virtual_cycling,zero_history,60,0.9,false,absolute_coverage_error,"origin-within-session, session-within-user, equal-user mean",5,20260722;20260723;20260724;20260725;20260726,0.0792690753936767,0.0695432066917419,0.090511405467987,41,2275,26235,False
0.22.0,unseen_main,,external,interval,history_quantile_tcn,0.11.0,0.21.0,unseen_main,goldencheetah_external__indoor_virtual_cycling,zero_history,60,0.9,false,conformal_adjustment_bpm,"origin-within-session, session-within-user, equal-user mean",5,20260722;20260723;20260724;20260725;20260726,0.0,0.0,0.0,41,2275,26235,False
0.22.0,unseen_main,,external,interval,history_quantile_tcn,0.11.0,0.21.0,unseen_main,goldencheetah_external__indoor_virtual_cycling,zero_history,60,0.9,false,mean_interval_width_bpm,"origin-within-session, session-within-user, equal-user mean",5,20260722;20260723;20260724;20260725;20260726,21.08312225341797,20.24550437927246,21.90169715881348,41,2275,26235,False
0.22.0,unseen_main,,external,interval,history_quantile_tcn,0.11.0,0.21.0,unseen_main,goldencheetah_external__indoor_virtual_cycling,zero_history,60,0.9,false,picp,"origin-within-session, session-within-user, equal-user mean",5,20260722;20260723;20260724;20260725;20260726,0.8207309246063232,0.8094885945320129,0.8304567933082581,41,2275,26235,False
0.22.0,unseen_main,,external,interval,history_quantile_tcn,0.11.0,0.21.0,unseen_main,goldencheetah_external__indoor_virtual_cycling,zero_history,60,0.9,true,absolute_coverage_error,"origin-within-session, session-within-user, equal-user mean",5,20260722;20260723;20260724;20260725;20260726,0.0728290319442749,0.0686391830444336,0.0896954774856567,41,2275,26235,False
0.22.0,unseen_main,,external,interval,history_quantile_tcn,0.11.0,0.21.0,unseen_main,goldencheetah_external__indoor_virtual_cycling,zero_history,60,0.9,true,conformal_adjustment_bpm,"origin-within-session, session-within-user, equal-user mean",5,20260722;20260723;20260724;20260725;20260726,0.040496826171875,0.0,0.2398834228515625,41,2275,26235,False
0.22.0,unseen_main,,external,interval,history_quantile_tcn,0.11.0,0.21.0,unseen_main,goldencheetah_external__indoor_virtual_cycling,zero_history,60,0.9,true,mean_interval_width_bpm,"origin-within-session, session-within-user, equal-user mean",5,20260722;20260723;20260724;20260725;20260726,21.562889099121094,20.306264877319336,21.90169715881348,41,2275,26235,False
0.22.0,unseen_main,,external,interval,history_quantile_tcn,0.11.0,0.21.0,unseen_main,goldencheetah_external__indoor_virtual_cycling,zero_history,60,0.9,true,picp,"origin-within-session, session-within-user, equal-user mean",5,20260722;20260723;20260724;20260725;20260726,0.8271709680557251,0.8103045225143433,0.8313608169555664,41,2275,26235,False
0.22.0,unseen_main,,external,interval,history_quantile_tcn,0.11.0,0.21.0,unseen_main,goldencheetah_external__indoor_virtual_cycling,zero_history,180,0.5,false,absolute_coverage_error,"origin-within-session, session-within-user, equal-user mean",5,20260722;20260723;20260724;20260725;20260726,0.0875635743141174,0.0847796499729156,0.0958251357078552,41,2275,26235,False
0.22.0,unseen_main,,external,interval,history_quantile_tcn,0.11.0,0.21.0,unseen_main,goldencheetah_external__indoor_virtual_cycling,zero_history,180,0.5,false,conformal_adjustment_bpm,"origin-within-session, session-within-user, equal-user mean",5,20260722;20260723;20260724;20260725;20260726,0.0,0.0,0.0,41,2275,26235,False
0.22.0,unseen_main,,external,interval,history_quantile_tcn,0.11.0,0.21.0,unseen_main,goldencheetah_external__indoor_virtual_cycling,zero_history,180,0.5,false,mean_interval_width_bpm,"origin-within-session, session-within-user, equal-user mean",5,20260722;20260723;20260724;20260725;20260726,10.350593566894531,10.265192031860352,10.688148498535156,41,2275,26235,False
0.22.0,unseen_main,,external,interval,history_quantile_tcn,0.11.0,0.21.0,unseen_main,goldencheetah_external__indoor_virtual_cycling,zero_history,180,0.5,false,picp,"origin-within-session, session-within-user, equal-user mean",5,20260722;20260723;20260724;20260725;20260726,0.4124364256858825,0.4041748642921448,0.4152203500270843,41,2275,26235,False
0.22.0,unseen_main,,external,interval,history_quantile_tcn,0.11.0,0.21.0,unseen_main,goldencheetah_external__indoor_virtual_cycling,zero_history,180,0.5,true,absolute_coverage_error,"origin-within-session, session-within-user, equal-user mean",5,20260722;20260723;20260724;20260725;20260726,0.0875635743141174,0.0847796499729156,0.0937412083148956,41,2275,26235,False
0.22.0,unseen_main,,external,interval,history_quantile_tcn,0.11.0,0.21.0,unseen_main,goldencheetah_external__indoor_virtual_cycling,zero_history,180,0.5,true,conformal_adjustment_bpm,"origin-within-session, session-within-user, equal-user mean",5,20260722;20260723;20260724;20260725;20260726,0.0,0.0,0.0240936279296875,41,2275,26235,False
0.22.0,unseen_main,,external,interval,history_quantile_tcn,0.11.0,0.21.0,unseen_main,goldencheetah_external__indoor_virtual_cycling,zero_history,180,0.5,true,mean_interval_width_bpm,"origin-within-session, session-within-user, equal-user mean",5,20260722;20260723;20260724;20260725;20260726,10.350593566894531,10.287301063537598,10.688148498535156,41,2275,26235,False
0.22.0,unseen_main,,external,interval,history_quantile_tcn,0.11.0,0.21.0,unseen_main,goldencheetah_external__indoor_virtual_cycling,zero_history,180,0.5,true,picp,"origin-within-session, session-within-user, equal-user mean",5,20260722;20260723;20260724;20260725;20260726,0.4124364256858825,0.4062587916851043,0.4152203500270843,41,2275,26235,False
0.22.0,unseen_main,,external,interval,history_quantile_tcn,0.11.0,0.21.0,unseen_main,goldencheetah_external__indoor_virtual_cycling,zero_history,180,0.8,false,absolute_coverage_error,"origin-within-session, session-within-user, equal-user mean",5,20260722;20260723;20260724;20260725;20260726,0.1199442625045776,0.1072141408920288,0.1354122042655945,41,2275,26235,False
0.22.0,unseen_main,,external,interval,history_quantile_tcn,0.11.0,0.21.0,unseen_main,goldencheetah_external__indoor_virtual_cycling,zero_history,180,0.8,false,conformal_adjustment_bpm,"origin-within-session, session-within-user, equal-user mean",5,20260722;20260723;20260724;20260725;20260726,0.0,0.0,0.0,41,2275,26235,False
0.22.0,unseen_main,,external,interval,history_quantile_tcn,0.11.0,0.21.0,unseen_main,goldencheetah_external__indoor_virtual_cycling,zero_history,180,0.8,false,mean_interval_width_bpm,"origin-within-session, session-within-user, equal-user mean",5,20260722;20260723;20260724;20260725;20260726,20.95658493041992,20.70259666442871,21.342018127441406,41,2275,26235,False
0.22.0,unseen_main,,external,interval,history_quantile_tcn,0.11.0,0.21.0,unseen_main,goldencheetah_external__indoor_virtual_cycling,zero_history,180,0.8,false,picp,"origin-within-session, session-within-user, equal-user mean",5,20260722;20260723;20260724;20260725;20260726,0.6800557374954224,0.6645877957344055,0.6927858591079712,41,2275,26235,False
0.22.0,unseen_main,,external,interval,history_quantile_tcn,0.11.0,0.21.0,unseen_main,goldencheetah_external__indoor_virtual_cycling,zero_history,180,0.8,true,absolute_coverage_error,"origin-within-session, session-within-user, equal-user mean",5,20260722;20260723;20260724;20260725;20260726,0.1179473876953125,0.1072141408920288,0.1354122042655945,41,2275,26235,False
0.22.0,unseen_main,,external,interval,history_quantile_tcn,0.11.0,0.21.0,unseen_main,goldencheetah_external__indoor_virtual_cycling,zero_history,180,0.8,true,conformal_adjustment_bpm,"origin-within-session, session-within-user, equal-user mean",5,20260722;20260723;20260724;20260725;20260726,0.0,0.0,0.049713134765625,41,2275,26235,False
0.22.0,unseen_main,,external,interval,history_quantile_tcn,0.11.0,0.21.0,unseen_main,goldencheetah_external__indoor_virtual_cycling,zero_history,180,0.8,true,mean_interval_width_bpm,"origin-within-session, session-within-user, equal-user mean",5,20260722;20260723;20260724;20260725;20260726,20.95658493041992,20.80202293395996,21.342018127441406,41,2275,26235,False
0.22.0,unseen_main,,external,interval,history_quantile_tcn,0.11.0,0.21.0,unseen_main,goldencheetah_external__indoor_virtual_cycling,zero_history,180,0.8,true,picp,"origin-within-session, session-within-user, equal-user mean",5,20260722;20260723;20260724;20260725;20260726,0.6820526123046875,0.6645877957344055,0.6927858591079712,41,2275,26235,False
0.22.0,unseen_main,,external,interval,history_quantile_tcn,0.11.0,0.21.0,unseen_main,goldencheetah_external__indoor_virtual_cycling,zero_history,180,0.9,false,absolute_coverage_error,"origin-within-session, session-within-user, equal-user mean",5,20260722;20260723;20260724;20260725;20260726,0.0970652341842651,0.0922617554664612,0.1037370204925537,41,2275,26235,False
0.22.0,unseen_main,,external,interval,history_quantile_tcn,0.11.0,0.21.0,unseen_main,goldencheetah_external__indoor_virtual_cycling,zero_history,180,0.9,false,conformal_adjustment_bpm,"origin-within-session, session-within-user, equal-user mean",5,20260722;20260723;20260724;20260725;20260726,0.0,0.0,0.0,41,2275,26235,False
0.22.0,unseen_main,,external,interval,history_quantile_tcn,0.11.0,0.21.0,unseen_main,goldencheetah_external__indoor_virtual_cycling,zero_history,180,0.9,false,mean_interval_width_bpm,"origin-within-session, session-within-user, equal-user mean",5,20260722;20260723;20260724;20260725;20260726,28.648666381835938,28.30740547180176,28.873455047607425,41,2275,26235,False
0.22.0,unseen_main,,external,interval,history_quantile_tcn,0.11.0,0.21.0,unseen_main,goldencheetah_external__indoor_virtual_cycling,zero_history,180,0.9,false,picp,"origin-within-session, session-within-user, equal-user mean",5,20260722;20260723;20260724;20260725;20260726,0.8029347658157349,0.7962629795074463,0.8077382445335388,41,2275,26235,False
0.22.0,unseen_main,,external,interval,history_quantile_tcn,0.11.0,0.21.0,unseen_main,goldencheetah_external__indoor_virtual_cycling,zero_history,180,0.9,true,absolute_coverage_error,"origin-within-session, session-within-user, equal-user mean",5,20260722;20260723;20260724;20260725;20260726,0.0953556537628174,0.0909085512161255,0.1037370204925537,41,2275,26235,False
0.22.0,unseen_main,,external,interval,history_quantile_tcn,0.11.0,0.21.0,unseen_main,goldencheetah_external__indoor_virtual_cycling,zero_history,180,0.9,true,conformal_adjustment_bpm,"origin-within-session, session-within-user, equal-user mean",5,20260722;20260723;20260724;20260725;20260726,0.0625,0.0,0.134613037109375,41,2275,26235,False
0.22.0,unseen_main,,external,interval,history_quantile_tcn,0.11.0,0.21.0,unseen_main,goldencheetah_external__indoor_virtual_cycling,zero_history,180,0.9,true,mean_interval_width_bpm,"origin-within-session, session-within-user, equal-user mean",5,20260722;20260723;20260724;20260725;20260726,28.804916381835938,28.43240547180176,28.956172943115234,41,2275,26235,False
0.22.0,unseen_main,,external,interval,history_quantile_tcn,0.11.0,0.21.0,unseen_main,goldencheetah_external__indoor_virtual_cycling,zero_history,180,0.9,true,picp,"origin-within-session, session-within-user, equal-user mean",5,20260722;20260723;20260724;20260725;20260726,0.8046443462371826,0.7962629795074463,0.8090914487838745,41,2275,26235,False
0.22.0,unseen_main,,external,interval,history_quantile_tcn,0.11.0,0.21.0,unseen_main,goldencheetah_external__indoor_virtual_cycling,zero_history,300,0.5,false,absolute_coverage_error,"origin-within-session, session-within-user, equal-user mean",5,20260722;20260723;20260724;20260725;20260726,0.1187554001808166,0.1100576221942901,0.1216829717159271,41,2275,26235,False
0.22.0,unseen_main,,external,interval,history_quantile_tcn,0.11.0,0.21.0,unseen_main,goldencheetah_external__indoor_virtual_cycling,zero_history,300,0.5,false,conformal_adjustment_bpm,"origin-within-session, session-within-user, equal-user mean",5,20260722;20260723;20260724;20260725;20260726,0.0,0.0,0.0,41,2275,26235,False
0.22.0,unseen_main,,external,interval,history_quantile_tcn,0.11.0,0.21.0,unseen_main,goldencheetah_external__indoor_virtual_cycling,zero_history,300,0.5,false,mean_interval_width_bpm,"origin-within-session, session-within-user, equal-user mean",5,20260722;20260723;20260724;20260725;20260726,11.642362594604492,11.513642311096191,11.73812484741211,41,2275,26235,False
0.22.0,unseen_main,,external,interval,history_quantile_tcn,0.11.0,0.21.0,unseen_main,goldencheetah_external__indoor_virtual_cycling,zero_history,300,0.5,false,picp,"origin-within-session, session-within-user, equal-user mean",5,20260722;20260723;20260724;20260725;20260726,0.3812445998191833,0.3783170282840729,0.3899423778057098,41,2275,26235,False
0.22.0,unseen_main,,external,interval,history_quantile_tcn,0.11.0,0.21.0,unseen_main,goldencheetah_external__indoor_virtual_cycling,zero_history,300,0.5,true,absolute_coverage_error,"origin-within-session, session-within-user, equal-user mean",5,20260722;20260723;20260724;20260725;20260726,0.1187554001808166,0.1100576221942901,0.1216829717159271,41,2275,26235,False
0.22.0,unseen_main,,external,interval,history_quantile_tcn,0.11.0,0.21.0,unseen_main,goldencheetah_external__indoor_virtual_cycling,zero_history,300,0.5,true,conformal_adjustment_bpm,"origin-within-session, session-within-user, equal-user mean",5,20260722;20260723;20260724;20260725;20260726,0.0,0.0,0.0,41,2275,26235,False
0.22.0,unseen_main,,external,interval,history_quantile_tcn,0.11.0,0.21.0,unseen_main,goldencheetah_external__indoor_virtual_cycling,zero_history,300,0.5,true,mean_interval_width_bpm,"origin-within-session, session-within-user, equal-user mean",5,20260722;20260723;20260724;20260725;20260726,11.642362594604492,11.513642311096191,11.73812484741211,41,2275,26235,False
0.22.0,unseen_main,,external,interval,history_quantile_tcn,0.11.0,0.21.0,unseen_main,goldencheetah_external__indoor_virtual_cycling,zero_history,300,0.5,true,picp,"origin-within-session, session-within-user, equal-user mean",5,20260722;20260723;20260724;20260725;20260726,0.3812445998191833,0.3783170282840729,0.3899423778057098,41,2275,26235,False
0.22.0,unseen_main,,external,interval,history_quantile_tcn,0.11.0,0.21.0,unseen_main,goldencheetah_external__indoor_virtual_cycling,zero_history,300,0.8,false,absolute_coverage_error,"origin-within-session, session-within-user, equal-user mean",5,20260722;20260723;20260724;20260725;20260726,0.1456403017044067,0.1434355854988098,0.1517684936523438,41,2275,26235,False
0.22.0,unseen_main,,external,interval,history_quantile_tcn,0.11.0,0.21.0,unseen_main,goldencheetah_external__indoor_virtual_cycling,zero_history,300,0.8,false,conformal_adjustment_bpm,"origin-within-session, session-within-user, equal-user mean",5,20260722;20260723;20260724;20260725;20260726,0.0,0.0,0.0,41,2275,26235,False
0.22.0,unseen_main,,external,interval,history_quantile_tcn,0.11.0,0.21.0,unseen_main,goldencheetah_external__indoor_virtual_cycling,zero_history,300,0.8,false,mean_interval_width_bpm,"origin-within-session, session-within-user, equal-user mean",5,20260722;20260723;20260724;20260725;20260726,23.40428733825684,23.09247589111328,23.70717430114746,41,2275,26235,False
0.22.0,unseen_main,,external,interval,history_quantile_tcn,0.11.0,0.21.0,unseen_main,goldencheetah_external__indoor_virtual_cycling,zero_history,300,0.8,false,picp,"origin-within-session, session-within-user, equal-user mean",5,20260722;20260723;20260724;20260725;20260726,0.6543596982955933,0.6482315063476562,0.6565644145011902,41,2275,26235,False
0.22.0,unseen_main,,external,interval,history_quantile_tcn,0.11.0,0.21.0,unseen_main,goldencheetah_external__indoor_virtual_cycling,zero_history,300,0.8,true,absolute_coverage_error,"origin-within-session, session-within-user, equal-user mean",5,20260722;20260723;20260724;20260725;20260726,0.1456403017044067,0.1434355854988098,0.1517684936523438,41,2275,26235,False
0.22.0,unseen_main,,external,interval,history_quantile_tcn,0.11.0,0.21.0,unseen_main,goldencheetah_external__indoor_virtual_cycling,zero_history,300,0.8,true,conformal_adjustment_bpm,"origin-within-session, session-within-user, equal-user mean",5,20260722;20260723;20260724;20260725;20260726,0.0,0.0,0.0,41,2275,26235,False
0.22.0,unseen_main,,external,interval,history_quantile_tcn,0.11.0,0.21.0,unseen_main,goldencheetah_external__indoor_virtual_cycling,zero_history,300,0.8,true,mean_interval_width_bpm,"origin-within-session, session-within-user, equal-user mean",5,20260722;20260723;20260724;20260725;20260726,23.40428733825684,23.09247589111328,23.70717430114746,41,2275,26235,False
0.22.0,unseen_main,,external,interval,history_quantile_tcn,0.11.0,0.21.0,unseen_main,goldencheetah_external__indoor_virtual_cycling,zero_history,300,0.8,true,picp,"origin-within-session, session-within-user, equal-user mean",5,20260722;20260723;20260724;20260725;20260726,0.6543596982955933,0.6482315063476562,0.6565644145011902,41,2275,26235,False
0.22.0,unseen_main,,external,interval,history_quantile_tcn,0.11.0,0.21.0,unseen_main,goldencheetah_external__indoor_virtual_cycling,zero_history,300,0.9,false,absolute_coverage_error,"origin-within-session, session-within-user, equal-user mean",5,20260722;20260723;20260724;20260725;20260726,0.1335729598999023,0.1327072620391846,0.1420697212219238,41,2275,26235,False
0.22.0,unseen_main,,external,interval,history_quantile_tcn,0.11.0,0.21.0,unseen_main,goldencheetah_external__indoor_virtual_cycling,zero_history,300,0.9,false,conformal_adjustment_bpm,"origin-within-session, session-within-user, equal-user mean",5,20260722;20260723;20260724;20260725;20260726,0.0,0.0,0.0,41,2275,26235,False
0.22.0,unseen_main,,external,interval,history_quantile_tcn,0.11.0,0.21.0,unseen_main,goldencheetah_external__indoor_virtual_cycling,zero_history,300,0.9,false,mean_interval_width_bpm,"origin-within-session, session-within-user, equal-user mean",5,20260722;20260723;20260724;20260725;20260726,31.81391716003418,31.29355812072754,32.07735061645508,41,2275,26235,False
0.22.0,unseen_main,,external,interval,history_quantile_tcn,0.11.0,0.21.0,unseen_main,goldencheetah_external__indoor_virtual_cycling,zero_history,300,0.9,false,picp,"origin-within-session, session-within-user, equal-user mean",5,20260722;20260723;20260724;20260725;20260726,0.7664270401000977,0.7579302787780762,0.7672927379608154,41,2275,26235,False
0.22.0,unseen_main,,external,interval,history_quantile_tcn,0.11.0,0.21.0,unseen_main,goldencheetah_external__indoor_virtual_cycling,zero_history,300,0.9,true,absolute_coverage_error,"origin-within-session, session-within-user, equal-user mean",5,20260722;20260723;20260724;20260725;20260726,0.1335729598999023,0.1309706807136536,0.1420697212219238,41,2275,26235,False
0.22.0,unseen_main,,external,interval,history_quantile_tcn,0.11.0,0.21.0,unseen_main,goldencheetah_external__indoor_virtual_cycling,zero_history,300,0.9,true,conformal_adjustment_bpm,"origin-within-session, session-within-user, equal-user mean",5,20260722;20260723;20260724;20260725;20260726,0.0,0.0,0.1164703369140625,41,2275,26235,False
0.22.0,unseen_main,,external,interval,history_quantile_tcn,0.11.0,0.21.0,unseen_main,goldencheetah_external__indoor_virtual_cycling,zero_history,300,0.9,true,mean_interval_width_bpm,"origin-within-session, session-within-user, equal-user mean",5,20260722;20260723;20260724;20260725;20260726,31.81391716003418,31.526498794555664,32.07735061645508,41,2275,26235,False
0.22.0,unseen_main,,external,interval,history_quantile_tcn,0.11.0,0.21.0,unseen_main,goldencheetah_external__indoor_virtual_cycling,zero_history,300,0.9,true,picp,"origin-within-session, session-within-user, equal-user mean",5,20260722;20260723;20260724;20260725;20260726,0.7664270401000977,0.7579302787780762,0.7690293192863464,41,2275,26235,False
0.22.0,unseen_main,,external,interval,history_quantile_tcn,0.11.0,0.21.0,unseen_main,goldencheetah_external__outdoor_cycling,zero_history,60,0.5,false,absolute_coverage_error,"origin-within-session, session-within-user, equal-user mean",5,20260722;20260723;20260724;20260725;20260726,0.010894775390625,0.0015884041786193,0.0199699699878692,143,25757,470820,False
0.22.0,unseen_main,,external,interval,history_quantile_tcn,0.11.0,0.21.0,unseen_main,goldencheetah_external__outdoor_cycling,zero_history,60,0.5,false,conformal_adjustment_bpm,"origin-within-session, session-within-user, equal-user mean",5,20260722;20260723;20260724;20260725;20260726,0.0,0.0,0.0,143,25757,470820,False
0.22.0,unseen_main,,external,interval,history_quantile_tcn,0.11.0,0.21.0,unseen_main,goldencheetah_external__outdoor_cycling,zero_history,60,0.5,false,mean_interval_width_bpm,"origin-within-session, session-within-user, equal-user mean",5,20260722;20260723;20260724;20260725;20260726,11.695772171020508,11.42588710784912,11.915891647338867,143,25757,470820,False
0.22.0,unseen_main,,external,interval,history_quantile_tcn,0.11.0,0.21.0,unseen_main,goldencheetah_external__outdoor_cycling,zero_history,60,0.5,false,picp,"origin-within-session, session-within-user, equal-user mean",5,20260722;20260723;20260724;20260725;20260726,0.489105224609375,0.4800300300121307,0.5051504373550415,143,25757,470820,False
0.22.0,unseen_main,,external,interval,history_quantile_tcn,0.11.0,0.21.0,unseen_main,goldencheetah_external__outdoor_cycling,zero_history,60,0.5,true,absolute_coverage_error,"origin-within-session, session-within-user, equal-user mean",5,20260722;20260723;20260724;20260725;20260726,0.0088714957237243,0.0044836401939392,0.0146203339099884,143,25757,470820,False
0.22.0,unseen_main,,external,interval,history_quantile_tcn,0.11.0,0.21.0,unseen_main,goldencheetah_external__outdoor_cycling,zero_history,60,0.5,true,conformal_adjustment_bpm,"origin-within-session, session-within-user, equal-user mean",5,20260722;20260723;20260724;20260725;20260726,0.0205078125,0.0,0.068359375,143,25757,470820,False
0.22.0,unseen_main,,external,interval,history_quantile_tcn,0.11.0,0.21.0,unseen_main,goldencheetah_external__outdoor_cycling,zero_history,60,0.5,true,mean_interval_width_bpm,"origin-within-session, session-within-user, equal-user mean",5,20260722;20260723;20260724;20260725;20260726,11.698193550109863,11.539717674255373,11.915891647338867,143,25757,470820,False
0.22.0,unseen_main,,external,interval,history_quantile_tcn,0.11.0,0.21.0,unseen_main,goldencheetah_external__outdoor_cycling,zero_history,60,0.5,true,picp,"origin-within-session, session-within-user, equal-user mean",5,20260722;20260723;20260724;20260725;20260726,0.4911285042762756,0.4853796660900116,0.5051504373550415,143,25757,470820,False
0.22.0,unseen_main,,external,interval,history_quantile_tcn,0.11.0,0.21.0,unseen_main,goldencheetah_external__outdoor_cycling,zero_history,60,0.8,false,absolute_coverage_error,"origin-within-session, session-within-user, equal-user mean",5,20260722;20260723;20260724;20260725;20260726,0.0148471474647522,0.0008167505264282,0.0264515161514282,143,25757,470820,False
0.22.0,unseen_main,,external,interval,history_quantile_tcn,0.11.0,0.21.0,unseen_main,goldencheetah_external__outdoor_cycling,zero_history,60,0.8,false,conformal_adjustment_bpm,"origin-within-session, session-within-user, equal-user mean",5,20260722;20260723;20260724;20260725;20260726,0.0,0.0,0.0,143,25757,470820,False
0.22.0,unseen_main,,external,interval,history_quantile_tcn,0.11.0,0.21.0,unseen_main,goldencheetah_external__outdoor_cycling,zero_history,60,0.8,false,mean_interval_width_bpm,"origin-within-session, session-within-user, equal-user mean",5,20260722;20260723;20260724;20260725;20260726,23.137393951416016,22.665889739990234,23.91998291015625,143,25757,470820,False
0.22.0,unseen_main,,external,interval,history_quantile_tcn,0.11.0,0.21.0,unseen_main,goldencheetah_external__outdoor_cycling,zero_history,60,0.8,false,picp,"origin-within-session, session-within-user, equal-user mean",5,20260722;20260723;20260724;20260725;20260726,0.7851528525352478,0.7735484838485718,0.7991832494735718,143,25757,470820,False
0.22.0,unseen_main,,external,interval,history_quantile_tcn,0.11.0,0.21.0,unseen_main,goldencheetah_external__outdoor_cycling,zero_history,60,0.8,true,absolute_coverage_error,"origin-within-session, session-within-user, equal-user mean",5,20260722;20260723;20260724;20260725;20260726,0.0134114503860474,0.0008167505264282,0.0234548330307007,143,25757,470820,False
0.22.0,unseen_main,,external,interval,history_quantile_tcn,0.11.0,0.21.0,unseen_main,goldencheetah_external__outdoor_cycling,zero_history,60,0.8,true,conformal_adjustment_bpm,"origin-within-session, session-within-user, equal-user mean",5,20260722;20260723;20260724;20260725;20260726,0.0,0.0,0.078125,143,25757,470820,False
0.22.0,unseen_main,,external,interval,history_quantile_tcn,0.11.0,0.21.0,unseen_main,goldencheetah_external__outdoor_cycling,zero_history,60,0.8,true,mean_interval_width_bpm,"origin-within-session, session-within-user, equal-user mean",5,20260722;20260723;20260724;20260725;20260726,23.24365234375,22.80781936645508,23.91998291015625,143,25757,470820,False
0.22.0,unseen_main,,external,interval,history_quantile_tcn,0.11.0,0.21.0,unseen_main,goldencheetah_external__outdoor_cycling,zero_history,60,0.8,true,picp,"origin-within-session, session-within-user, equal-user mean",5,20260722;20260723;20260724;20260725;20260726,0.7865885496139526,0.7765451669692993,0.7991832494735718,143,25757,470820,False
0.22.0,unseen_main,,external,interval,history_quantile_tcn,0.11.0,0.21.0,unseen_main,goldencheetah_external__outdoor_cycling,zero_history,60,0.9,false,absolute_coverage_error,"origin-within-session, session-within-user, equal-user mean",5,20260722;20260723;20260724;20260725;20260726,0.0159612536430359,0.0067036390304565,0.0229388117790222,143,25757,470820,False
0.22.0,unseen_main,,external,interval,history_quantile_tcn,0.11.0,0.21.0,unseen_main,goldencheetah_external__outdoor_cycling,zero_history,60,0.9,false,conformal_adjustment_bpm,"origin-within-session, session-within-user, equal-user mean",5,20260722;20260723;20260724;20260725;20260726,0.0,0.0,0.0,143,25757,470820,False
0.22.0,unseen_main,,external,interval,history_quantile_tcn,0.11.0,0.21.0,unseen_main,goldencheetah_external__outdoor_cycling,zero_history,60,0.9,false,mean_interval_width_bpm,"origin-within-session, session-within-user, equal-user mean",5,20260722;20260723;20260724;20260725;20260726,30.802112579345703,30.07813835144043,31.65434455871582,143,25757,470820,False
0.22.0,unseen_main,,external,interval,history_quantile_tcn,0.11.0,0.21.0,unseen_main,goldencheetah_external__outdoor_cycling,zero_history,60,0.9,false,picp,"origin-within-session, session-within-user, equal-user mean",5,20260722;20260723;20260724;20260725;20260726,0.8840387463569641,0.8770611882209778,0.8932963609695435,143,25757,470820,False
0.22.0,unseen_main,,external,interval,history_quantile_tcn,0.11.0,0.21.0,unseen_main,goldencheetah_external__outdoor_cycling,zero_history,60,0.9,true,absolute_coverage_error,"origin-within-session, session-within-user, equal-user mean",5,20260722;20260723;20260724;20260725;20260726,0.0151054501533508,0.0067036390304565,0.0172715425491333,143,25757,470820,False
0.22.0,unseen_main,,external,interval,history_quantile_tcn,0.11.0,0.21.0,unseen_main,goldencheetah_external__outdoor_cycling,zero_history,60,0.9,true,conformal_adjustment_bpm,"origin-within-session, session-within-user, equal-user mean",5,20260722;20260723;20260724;20260725;20260726,0.040496826171875,0.0,0.2398834228515625,143,25757,470820,False
0.22.0,unseen_main,,external,interval,history_quantile_tcn,0.11.0,0.21.0,unseen_main,goldencheetah_external__outdoor_cycling,zero_history,60,0.9,true,mean_interval_width_bpm,"origin-within-session, session-within-user, equal-user mean",5,20260722;20260723;20260724;20260725;20260726,30.879549026489254,30.557876586914062,31.65434455871582,143,25757,470820,False
0.22.0,unseen_main,,external,interval,history_quantile_tcn,0.11.0,0.21.0,unseen_main,goldencheetah_external__outdoor_cycling,zero_history,60,0.9,true,picp,"origin-within-session, session-within-user, equal-user mean",5,20260722;20260723;20260724;20260725;20260726,0.8848945498466492,0.8827284574508667,0.8932963609695435,143,25757,470820,False
0.22.0,unseen_main,,external,interval,history_quantile_tcn,0.11.0,0.21.0,unseen_main,goldencheetah_external__outdoor_cycling,zero_history,180,0.5,false,absolute_coverage_error,"origin-within-session, session-within-user, equal-user mean",5,20260722;20260723;20260724;20260725;20260726,0.0363599359989166,0.021186888217926,0.0403894186019897,143,25757,470820,False
0.22.0,unseen_main,,external,interval,history_quantile_tcn,0.11.0,0.21.0,unseen_main,goldencheetah_external__outdoor_cycling,zero_history,180,0.5,false,conformal_adjustment_bpm,"origin-within-session, session-within-user, equal-user mean",5,20260722;20260723;20260724;20260725;20260726,0.0,0.0,0.0,143,25757,470820,False
0.22.0,unseen_main,,external,interval,history_quantile_tcn,0.11.0,0.21.0,unseen_main,goldencheetah_external__outdoor_cycling,zero_history,180,0.5,false,mean_interval_width_bpm,"origin-within-session, session-within-user, equal-user mean",5,20260722;20260723;20260724;20260725;20260726,14.856464385986328,14.752342224121094,15.307504653930664,143,25757,470820,False
0.22.0,unseen_main,,external,interval,history_quantile_tcn,0.11.0,0.21.0,unseen_main,goldencheetah_external__outdoor_cycling,zero_history,180,0.5,false,picp,"origin-within-session, session-within-user, equal-user mean",5,20260722;20260723;20260724;20260725;20260726,0.4636400640010834,0.4596105813980102,0.478813111782074,143,25757,470820,False
0.22.0,unseen_main,,external,interval,history_quantile_tcn,0.11.0,0.21.0,unseen_main,goldencheetah_external__outdoor_cycling,zero_history,180,0.5,true,absolute_coverage_error,"origin-within-session, session-within-user, equal-user mean",5,20260722;20260723;20260724;20260725;20260726,0.0348160862922668,0.021186888217926,0.0403894186019897,143,25757,470820,False
0.22.0,unseen_main,,external,interval,history_quantile_tcn,0.11.0,0.21.0,unseen_main,goldencheetah_external__outdoor_cycling,zero_history,180,0.5,true,conformal_adjustment_bpm,"origin-within-session, session-within-user, equal-user mean",5,20260722;20260723;20260724;20260725;20260726,0.0,0.0,0.0240936279296875,143,25757,470820,False
0.22.0,unseen_main,,external,interval,history_quantile_tcn,0.11.0,0.21.0,unseen_main,goldencheetah_external__outdoor_cycling,zero_history,180,0.5,true,mean_interval_width_bpm,"origin-within-session, session-within-user, equal-user mean",5,20260722;20260723;20260724;20260725;20260726,14.856464385986328,14.753795623779297,15.307504653930664,143,25757,470820,False
0.22.0,unseen_main,,external,interval,history_quantile_tcn,0.11.0,0.21.0,unseen_main,goldencheetah_external__outdoor_cycling,zero_history,180,0.5,true,picp,"origin-within-session, session-within-user, equal-user mean",5,20260722;20260723;20260724;20260725;20260726,0.4651839137077331,0.4596105813980102,0.478813111782074,143,25757,470820,False
0.22.0,unseen_main,,external,interval,history_quantile_tcn,0.11.0,0.21.0,unseen_main,goldencheetah_external__outdoor_cycling,zero_history,180,0.8,false,absolute_coverage_error,"origin-within-session, session-within-user, equal-user mean",5,20260722;20260723;20260724;20260725;20260726,0.0467232942581177,0.0345167994499207,0.0545300722122192,143,25757,470820,False
0.22.0,unseen_main,,external,interval,history_quantile_tcn,0.11.0,0.21.0,unseen_main,goldencheetah_external__outdoor_cycling,zero_history,180,0.8,false,conformal_adjustment_bpm,"origin-within-session, session-within-user, equal-user mean",5,20260722;20260723;20260724;20260725;20260726,0.0,0.0,0.0,143,25757,470820,False
0.22.0,unseen_main,,external,interval,history_quantile_tcn,0.11.0,0.21.0,unseen_main,goldencheetah_external__outdoor_cycling,zero_history,180,0.8,false,mean_interval_width_bpm,"origin-within-session, session-within-user, equal-user mean",5,20260722;20260723;20260724;20260725;20260726,29.382104873657227,28.767314910888672,29.9235782623291,143,25757,470820,False
0.22.0,unseen_main,,external,interval,history_quantile_tcn,0.11.0,0.21.0,unseen_main,goldencheetah_external__outdoor_cycling,zero_history,180,0.8,false,picp,"origin-within-session, session-within-user, equal-user mean",5,20260722;20260723;20260724;20260725;20260726,0.7532767057418823,0.7454699277877808,0.7654832005500793,143,25757,470820,False
0.22.0,unseen_main,,external,interval,history_quantile_tcn,0.11.0,0.21.0,unseen_main,goldencheetah_external__outdoor_cycling,zero_history,180,0.8,true,absolute_coverage_error,"origin-within-session, session-within-user, equal-user mean",5,20260722;20260723;20260724;20260725;20260726,0.045332658290863,0.0345167994499207,0.0532747983932495,143,25757,470820,False
0.22.0,unseen_main,,external,interval,history_quantile_tcn,0.11.0,0.21.0,unseen_main,goldencheetah_external__outdoor_cycling,zero_history,180,0.8,true,conformal_adjustment_bpm,"origin-within-session, session-within-user, equal-user mean",5,20260722;20260723;20260724;20260725;20260726,0.0,0.0,0.049713134765625,143,25757,470820,False
0.22.0,unseen_main,,external,interval,history_quantile_tcn,0.11.0,0.21.0,unseen_main,goldencheetah_external__outdoor_cycling,zero_history,180,0.8,true,mean_interval_width_bpm,"origin-within-session, session-within-user, equal-user mean",5,20260722;20260723;20260724;20260725;20260726,29.382104873657227,28.833717346191406,29.9235782623291,143,25757,470820,False
0.22.0,unseen_main,,external,interval,history_quantile_tcn,0.11.0,0.21.0,unseen_main,goldencheetah_external__outdoor_cycling,zero_history,180,0.8,true,picp,"origin-within-session, session-within-user, equal-user mean",5,20260722;20260723;20260724;20260725;20260726,0.754667341709137,0.7467252016067505,0.7654832005500793,143,25757,470820,False
0.22.0,unseen_main,,external,interval,history_quantile_tcn,0.11.0,0.21.0,unseen_main,goldencheetah_external__outdoor_cycling,zero_history,180,0.9,false,absolute_coverage_error,"origin-within-session, session-within-user, equal-user mean",5,20260722;20260723;20260724;20260725;20260726,0.0378241181373596,0.0337839365005493,0.0458562612533569,143,25757,470820,False
0.22.0,unseen_main,,external,interval,history_quantile_tcn,0.11.0,0.21.0,unseen_main,goldencheetah_external__outdoor_cycling,zero_history,180,0.9,false,conformal_adjustment_bpm,"origin-within-session, session-within-user, equal-user mean",5,20260722;20260723;20260724;20260725;20260726,0.0,0.0,0.0,143,25757,470820,False
0.22.0,unseen_main,,external,interval,history_quantile_tcn,0.11.0,0.21.0,unseen_main,goldencheetah_external__outdoor_cycling,zero_history,180,0.9,false,mean_interval_width_bpm,"origin-within-session, session-within-user, equal-user mean",5,20260722;20260723;20260724;20260725;20260726,39.09172058105469,38.10911560058594,39.43275451660156,143,25757,470820,False
0.22.0,unseen_main,,external,interval,history_quantile_tcn,0.11.0,0.21.0,unseen_main,goldencheetah_external__outdoor_cycling,zero_history,180,0.9,false,picp,"origin-within-session, session-within-user, equal-user mean",5,20260722;20260723;20260724;20260725;20260726,0.8621758818626404,0.8541437387466431,0.8662160634994507,143,25757,470820,False
0.22.0,unseen_main,,external,interval,history_quantile_tcn,0.11.0,0.21.0,unseen_main,goldencheetah_external__outdoor_cycling,zero_history,180,0.9,true,absolute_coverage_error,"origin-within-session, session-within-user, equal-user mean",5,20260722;20260723;20260724;20260725;20260726,0.0378241181373596,0.0337839365005493,0.0442251801490783,143,25757,470820,False
0.22.0,unseen_main,,external,interval,history_quantile_tcn,0.11.0,0.21.0,unseen_main,goldencheetah_external__outdoor_cycling,zero_history,180,0.9,true,conformal_adjustment_bpm,"origin-within-session, session-within-user, equal-user mean",5,20260722;20260723;20260724;20260725;20260726,0.0625,0.0,0.134613037109375,143,25757,470820,False
0.22.0,unseen_main,,external,interval,history_quantile_tcn,0.11.0,0.21.0,unseen_main,goldencheetah_external__outdoor_cycling,zero_history,180,0.9,true,mean_interval_width_bpm,"origin-within-session, session-within-user, equal-user mean",5,20260722;20260723;20260724;20260725;20260726,39.09172058105469,38.265357971191406,39.584449768066406,143,25757,470820,False
0.22.0,unseen_main,,external,interval,history_quantile_tcn,0.11.0,0.21.0,unseen_main,goldencheetah_external__outdoor_cycling,zero_history,180,0.9,true,picp,"origin-within-session, session-within-user, equal-user mean",5,20260722;20260723;20260724;20260725;20260726,0.8621758818626404,0.8557748198509216,0.8662160634994507,143,25757,470820,False
0.22.0,unseen_main,,external,interval,history_quantile_tcn,0.11.0,0.21.0,unseen_main,goldencheetah_external__outdoor_cycling,zero_history,300,0.5,false,absolute_coverage_error,"origin-within-session, session-within-user, equal-user mean",5,20260722;20260723;20260724;20260725;20260726,0.0369954705238342,0.031661570072174,0.0470583736896514,143,25757,470820,False
0.22.0,unseen_main,,external,interval,history_quantile_tcn,0.11.0,0.21.0,unseen_main,goldencheetah_external__outdoor_cycling,zero_history,300,0.5,false,conformal_adjustment_bpm,"origin-within-session, session-within-user, equal-user mean",5,20260722;20260723;20260724;20260725;20260726,0.0,0.0,0.0,143,25757,470820,False
0.22.0,unseen_main,,external,interval,history_quantile_tcn,0.11.0,0.21.0,unseen_main,goldencheetah_external__outdoor_cycling,zero_history,300,0.5,false,mean_interval_width_bpm,"origin-within-session, session-within-user, equal-user mean",5,20260722;20260723;20260724;20260725;20260726,16.282981872558594,15.914728164672852,16.49094581604004,143,25757,470820,False
0.22.0,unseen_main,,external,interval,history_quantile_tcn,0.11.0,0.21.0,unseen_main,goldencheetah_external__outdoor_cycling,zero_history,300,0.5,false,picp,"origin-within-session, session-within-user, equal-user mean",5,20260722;20260723;20260724;20260725;20260726,0.4630045294761657,0.4529416263103485,0.4683384299278259,143,25757,470820,False
0.22.0,unseen_main,,external,interval,history_quantile_tcn,0.11.0,0.21.0,unseen_main,goldencheetah_external__outdoor_cycling,zero_history,300,0.5,true,absolute_coverage_error,"origin-within-session, session-within-user, equal-user mean",5,20260722;20260723;20260724;20260725;20260726,0.0369954705238342,0.031661570072174,0.0470583736896514,143,25757,470820,False
0.22.0,unseen_main,,external,interval,history_quantile_tcn,0.11.0,0.21.0,unseen_main,goldencheetah_external__outdoor_cycling,zero_history,300,0.5,true,conformal_adjustment_bpm,"origin-within-session, session-within-user, equal-user mean",5,20260722;20260723;20260724;20260725;20260726,0.0,0.0,0.0,143,25757,470820,False
0.22.0,unseen_main,,external,interval,history_quantile_tcn,0.11.0,0.21.0,unseen_main,goldencheetah_external__outdoor_cycling,zero_history,300,0.5,true,mean_interval_width_bpm,"origin-within-session, session-within-user, equal-user mean",5,20260722;20260723;20260724;20260725;20260726,16.282981872558594,15.914728164672852,16.49094581604004,143,25757,470820,False
0.22.0,unseen_main,,external,interval,history_quantile_tcn,0.11.0,0.21.0,unseen_main,goldencheetah_external__outdoor_cycling,zero_history,300,0.5,true,picp,"origin-within-session, session-within-user, equal-user mean",5,20260722;20260723;20260724;20260725;20260726,0.4630045294761657,0.4529416263103485,0.4683384299278259,143,25757,470820,False
0.22.0,unseen_main,,external,interval,history_quantile_tcn,0.11.0,0.21.0,unseen_main,goldencheetah_external__outdoor_cycling,zero_history,300,0.8,false,absolute_coverage_error,"origin-within-session, session-within-user, equal-user mean",5,20260722;20260723;20260724;20260725;20260726,0.0550104260444641,0.0495849132537842,0.0615897655487061,143,25757,470820,False
0.22.0,unseen_main,,external,interval,history_quantile_tcn,0.11.0,0.21.0,unseen_main,goldencheetah_external__outdoor_cycling,zero_history,300,0.8,false,conformal_adjustment_bpm,"origin-within-session, session-within-user, equal-user mean",5,20260722;20260723;20260724;20260725;20260726,0.0,0.0,0.0,143,25757,470820,False
0.22.0,unseen_main,,external,interval,history_quantile_tcn,0.11.0,0.21.0,unseen_main,goldencheetah_external__outdoor_cycling,zero_history,300,0.8,false,mean_interval_width_bpm,"origin-within-session, session-within-user, equal-user mean",5,20260722;20260723;20260724;20260725;20260726,31.98242950439453,31.20751571655273,32.495853424072266,143,25757,470820,False
0.22.0,unseen_main,,external,interval,history_quantile_tcn,0.11.0,0.21.0,unseen_main,goldencheetah_external__outdoor_cycling,zero_history,300,0.8,false,picp,"origin-within-session, session-within-user, equal-user mean",5,20260722;20260723;20260724;20260725;20260726,0.7449895739555359,0.738410234451294,0.7504150867462158,143,25757,470820,False
0.22.0,unseen_main,,external,interval,history_quantile_tcn,0.11.0,0.21.0,unseen_main,goldencheetah_external__outdoor_cycling,zero_history,300,0.8,true,absolute_coverage_error,"origin-within-session, session-within-user, equal-user mean",5,20260722;20260723;20260724;20260725;20260726,0.0550104260444641,0.0495849132537842,0.0615897655487061,143,25757,470820,False
0.22.0,unseen_main,,external,interval,history_quantile_tcn,0.11.0,0.21.0,unseen_main,goldencheetah_external__outdoor_cycling,zero_history,300,0.8,true,conformal_adjustment_bpm,"origin-within-session, session-within-user, equal-user mean",5,20260722;20260723;20260724;20260725;20260726,0.0,0.0,0.0,143,25757,470820,False
0.22.0,unseen_main,,external,interval,history_quantile_tcn,0.11.0,0.21.0,unseen_main,goldencheetah_external__outdoor_cycling,zero_history,300,0.8,true,mean_interval_width_bpm,"origin-within-session, session-within-user, equal-user mean",5,20260722;20260723;20260724;20260725;20260726,31.98242950439453,31.20751571655273,32.495853424072266,143,25757,470820,False
0.22.0,unseen_main,,external,interval,history_quantile_tcn,0.11.0,0.21.0,unseen_main,goldencheetah_external__outdoor_cycling,zero_history,300,0.8,true,picp,"origin-within-session, session-within-user, equal-user mean",5,20260722;20260723;20260724;20260725;20260726,0.7449895739555359,0.738410234451294,0.7504150867462158,143,25757,470820,False
0.22.0,unseen_main,,external,interval,history_quantile_tcn,0.11.0,0.21.0,unseen_main,goldencheetah_external__outdoor_cycling,zero_history,300,0.9,false,absolute_coverage_error,"origin-within-session, session-within-user, equal-user mean",5,20260722;20260723;20260724;20260725;20260726,0.0476289629936218,0.0445124745368957,0.0516918540000915,143,25757,470820,False
0.22.0,unseen_main,,external,interval,history_quantile_tcn,0.11.0,0.21.0,unseen_main,goldencheetah_external__outdoor_cycling,zero_history,300,0.9,false,conformal_adjustment_bpm,"origin-within-session, session-within-user, equal-user mean",5,20260722;20260723;20260724;20260725;20260726,0.0,0.0,0.0,143,25757,470820,False
0.22.0,unseen_main,,external,interval,history_quantile_tcn,0.11.0,0.21.0,unseen_main,goldencheetah_external__outdoor_cycling,zero_history,300,0.9,false,mean_interval_width_bpm,"origin-within-session, session-within-user, equal-user mean",5,20260722;20260723;20260724;20260725;20260726,42.220123291015625,41.42851638793945,42.51486206054688,143,25757,470820,False
0.22.0,unseen_main,,external,interval,history_quantile_tcn,0.11.0,0.21.0,unseen_main,goldencheetah_external__outdoor_cycling,zero_history,300,0.9,false,picp,"origin-within-session, session-within-user, equal-user mean",5,20260722;20260723;20260724;20260725;20260726,0.8523710370063782,0.8483081459999084,0.8554875254631042,143,25757,470820,False
0.22.0,unseen_main,,external,interval,history_quantile_tcn,0.11.0,0.21.0,unseen_main,goldencheetah_external__outdoor_cycling,zero_history,300,0.9,true,absolute_coverage_error,"origin-within-session, session-within-user, equal-user mean",5,20260722;20260723;20260724;20260725;20260726,0.0474300026893615,0.0445124745368957,0.0516918540000915,143,25757,470820,False
0.22.0,unseen_main,,external,interval,history_quantile_tcn,0.11.0,0.21.0,unseen_main,goldencheetah_external__outdoor_cycling,zero_history,300,0.9,true,conformal_adjustment_bpm,"origin-within-session, session-within-user, equal-user mean",5,20260722;20260723;20260724;20260725;20260726,0.0,0.0,0.1164703369140625,143,25757,470820,False
0.22.0,unseen_main,,external,interval,history_quantile_tcn,0.11.0,0.21.0,unseen_main,goldencheetah_external__outdoor_cycling,zero_history,300,0.9,true,mean_interval_width_bpm,"origin-within-session, session-within-user, equal-user mean",5,20260722;20260723;20260724;20260725;20260726,42.220123291015625,41.42851638793945,42.51486206054688,143,25757,470820,False
0.22.0,unseen_main,,external,interval,history_quantile_tcn,0.11.0,0.21.0,unseen_main,goldencheetah_external__outdoor_cycling,zero_history,300,0.9,true,picp,"origin-within-session, session-within-user, equal-user mean",5,20260722;20260723;20260724;20260725;20260726,0.8525699973106384,0.8483081459999084,0.8554875254631042,143,25757,470820,False
0.22.0,unseen_main,,external,interval,history_quantile_tcn,0.11.0,0.21.0,unseen_main,goldencheetah_external__running,zero_history,60,0.5,false,absolute_coverage_error,"origin-within-session, session-within-user, equal-user mean",5,20260722;20260723;20260724;20260725;20260726,0.0206062793731689,0.0017856359481811,0.0323595106601715,50,3819,34670,False
0.22.0,unseen_main,,external,interval,history_quantile_tcn,0.11.0,0.21.0,unseen_main,goldencheetah_external__running,zero_history,60,0.5,false,conformal_adjustment_bpm,"origin-within-session, session-within-user, equal-user mean",5,20260722;20260723;20260724;20260725;20260726,0.0,0.0,0.0,50,3819,34670,False
0.22.0,unseen_main,,external,interval,history_quantile_tcn,0.11.0,0.21.0,unseen_main,goldencheetah_external__running,zero_history,60,0.5,false,mean_interval_width_bpm,"origin-within-session, session-within-user, equal-user mean",5,20260722;20260723;20260724;20260725;20260726,7.863608360290527,7.806486129760742,8.03419017791748,50,3819,34670,False
0.22.0,unseen_main,,external,interval,history_quantile_tcn,0.11.0,0.21.0,unseen_main,goldencheetah_external__running,zero_history,60,0.5,false,picp,"origin-within-session, session-within-user, equal-user mean",5,20260722;20260723;20260724;20260725;20260726,0.479393720626831,0.4676404893398285,0.4982143640518188,50,3819,34670,False
0.22.0,unseen_main,,external,interval,history_quantile_tcn,0.11.0,0.21.0,unseen_main,goldencheetah_external__running,zero_history,60,0.5,true,absolute_coverage_error,"origin-within-session, session-within-user, equal-user mean",5,20260722;20260723;20260724;20260725;20260726,0.016156792640686,0.0017856359481811,0.0220677554607391,50,3819,34670,False
0.22.0,unseen_main,,external,interval,history_quantile_tcn,0.11.0,0.21.0,unseen_main,goldencheetah_external__running,zero_history,60,0.5,true,conformal_adjustment_bpm,"origin-within-session, session-within-user, equal-user mean",5,20260722;20260723;20260724;20260725;20260726,0.0205078125,0.0,0.068359375,50,3819,34670,False
0.22.0,unseen_main,,external,interval,history_quantile_tcn,0.11.0,0.21.0,unseen_main,goldencheetah_external__running,zero_history,60,0.5,true,mean_interval_width_bpm,"origin-within-session, session-within-user, equal-user mean",5,20260722;20260723;20260724;20260725;20260726,8.000236511230469,7.846407413482666,8.07520580291748,50,3819,34670,False
0.22.0,unseen_main,,external,interval,history_quantile_tcn,0.11.0,0.21.0,unseen_main,goldencheetah_external__running,zero_history,60,0.5,true,picp,"origin-within-session, session-within-user, equal-user mean",5,20260722;20260723;20260724;20260725;20260726,0.4838432073593139,0.4779322445392608,0.4982143640518188,50,3819,34670,False
0.22.0,unseen_main,,external,interval,history_quantile_tcn,0.11.0,0.21.0,unseen_main,goldencheetah_external__running,zero_history,60,0.8,false,absolute_coverage_error,"origin-within-session, session-within-user, equal-user mean",5,20260722;20260723;20260724;20260725;20260726,0.0308663725852966,0.01989905834198,0.0418602108955383,50,3819,34670,False
0.22.0,unseen_main,,external,interval,history_quantile_tcn,0.11.0,0.21.0,unseen_main,goldencheetah_external__running,zero_history,60,0.8,false,conformal_adjustment_bpm,"origin-within-session, session-within-user, equal-user mean",5,20260722;20260723;20260724;20260725;20260726,0.0,0.0,0.0,50,3819,34670,False
0.22.0,unseen_main,,external,interval,history_quantile_tcn,0.11.0,0.21.0,unseen_main,goldencheetah_external__running,zero_history,60,0.8,false,mean_interval_width_bpm,"origin-within-session, session-within-user, equal-user mean",5,20260722;20260723;20260724;20260725;20260726,15.715795516967772,15.580875396728516,16.280048370361328,50,3819,34670,False
0.22.0,unseen_main,,external,interval,history_quantile_tcn,0.11.0,0.21.0,unseen_main,goldencheetah_external__running,zero_history,60,0.8,false,picp,"origin-within-session, session-within-user, equal-user mean",5,20260722;20260723;20260724;20260725;20260726,0.7691336274147034,0.7581397891044617,0.78010094165802,50,3819,34670,False
0.22.0,unseen_main,,external,interval,history_quantile_tcn,0.11.0,0.21.0,unseen_main,goldencheetah_external__running,zero_history,60,0.8,true,absolute_coverage_error,"origin-within-session, session-within-user, equal-user mean",5,20260722;20260723;20260724;20260725;20260726,0.02681725025177,0.01989905834198,0.0416627407073975,50,3819,34670,False
0.22.0,unseen_main,,external,interval,history_quantile_tcn,0.11.0,0.21.0,unseen_main,goldencheetah_external__running,zero_history,60,0.8,true,conformal_adjustment_bpm,"origin-within-session, session-within-user, equal-user mean",5,20260722;20260723;20260724;20260725;20260726,0.0,0.0,0.078125,50,3819,34670,False
0.22.0,unseen_main,,external,interval,history_quantile_tcn,0.11.0,0.21.0,unseen_main,goldencheetah_external__running,zero_history,60,0.8,true,mean_interval_width_bpm,"origin-within-session, session-within-user, equal-user mean",5,20260722;20260723;20260724;20260725;20260726,15.871940612792969,15.635224342346191,16.280048370361328,50,3819,34670,False
0.22.0,unseen_main,,external,interval,history_quantile_tcn,0.11.0,0.21.0,unseen_main,goldencheetah_external__running,zero_history,60,0.8,true,picp,"origin-within-session, session-within-user, equal-user mean",5,20260722;20260723;20260724;20260725;20260726,0.77318274974823,0.7583372592926025,0.78010094165802,50,3819,34670,False
0.22.0,unseen_main,,external,interval,history_quantile_tcn,0.11.0,0.21.0,unseen_main,goldencheetah_external__running,zero_history,60,0.9,false,absolute_coverage_error,"origin-within-session, session-within-user, equal-user mean",5,20260722;20260723;20260724;20260725;20260726,0.0307839751243591,0.0277855634689331,0.0454272270202636,50,3819,34670,False
0.22.0,unseen_main,,external,interval,history_quantile_tcn,0.11.0,0.21.0,unseen_main,goldencheetah_external__running,zero_history,60,0.9,false,conformal_adjustment_bpm,"origin-within-session, session-within-user, equal-user mean",5,20260722;20260723;20260724;20260725;20260726,0.0,0.0,0.0,50,3819,34670,False
0.22.0,unseen_main,,external,interval,history_quantile_tcn,0.11.0,0.21.0,unseen_main,goldencheetah_external__running,zero_history,60,0.9,false,mean_interval_width_bpm,"origin-within-session, session-within-user, equal-user mean",5,20260722;20260723;20260724;20260725;20260726,21.267454147338867,20.95981216430664,21.883827209472656,50,3819,34670,False
0.22.0,unseen_main,,external,interval,history_quantile_tcn,0.11.0,0.21.0,unseen_main,goldencheetah_external__running,zero_history,60,0.9,false,picp,"origin-within-session, session-within-user, equal-user mean",5,20260722;20260723;20260724;20260725;20260726,0.8692160248756409,0.8545727729797363,0.8722144365310669,50,3819,34670,False
0.22.0,unseen_main,,external,interval,history_quantile_tcn,0.11.0,0.21.0,unseen_main,goldencheetah_external__running,zero_history,60,0.9,true,absolute_coverage_error,"origin-within-session, session-within-user, equal-user mean",5,20260722;20260723;20260724;20260725;20260726,0.0273666620254516,0.0226158738136291,0.0436200141906738,50,3819,34670,False
0.22.0,unseen_main,,external,interval,history_quantile_tcn,0.11.0,0.21.0,unseen_main,goldencheetah_external__running,zero_history,60,0.9,true,conformal_adjustment_bpm,"origin-within-session, session-within-user, equal-user mean",5,20260722;20260723;20260724;20260725;20260726,0.040496826171875,0.0,0.2398834228515625,50,3819,34670,False
0.22.0,unseen_main,,external,interval,history_quantile_tcn,0.11.0,0.21.0,unseen_main,goldencheetah_external__running,zero_history,60,0.9,true,mean_interval_width_bpm,"origin-within-session, session-within-user, equal-user mean",5,20260722;20260723;20260724;20260725;20260726,21.56243705749512,21.099590301513672,21.883827209472656,50,3819,34670,False
0.22.0,unseen_main,,external,interval,history_quantile_tcn,0.11.0,0.21.0,unseen_main,goldencheetah_external__running,zero_history,60,0.9,true,picp,"origin-within-session, session-within-user, equal-user mean",5,20260722;20260723;20260724;20260725;20260726,0.8726333379745483,0.8563799858093262,0.8773841261863708,50,3819,34670,False
0.22.0,unseen_main,,external,interval,history_quantile_tcn,0.11.0,0.21.0,unseen_main,goldencheetah_external__running,zero_history,180,0.5,false,absolute_coverage_error,"origin-within-session, session-within-user, equal-user mean",5,20260722;20260723;20260724;20260725;20260726,0.0357946455478668,0.0113152265548706,0.0397208034992218,50,3819,34670,False
0.22.0,unseen_main,,external,interval,history_quantile_tcn,0.11.0,0.21.0,unseen_main,goldencheetah_external__running,zero_history,180,0.5,false,conformal_adjustment_bpm,"origin-within-session, session-within-user, equal-user mean",5,20260722;20260723;20260724;20260725;20260726,0.0,0.0,0.0,50,3819,34670,False
0.22.0,unseen_main,,external,interval,history_quantile_tcn,0.11.0,0.21.0,unseen_main,goldencheetah_external__running,zero_history,180,0.5,false,mean_interval_width_bpm,"origin-within-session, session-within-user, equal-user mean",5,20260722;20260723;20260724;20260725;20260726,10.372275352478027,10.233726501464844,10.912108421325684,50,3819,34670,False
0.22.0,unseen_main,,external,interval,history_quantile_tcn,0.11.0,0.21.0,unseen_main,goldencheetah_external__running,zero_history,180,0.5,false,picp,"origin-within-session, session-within-user, equal-user mean",5,20260722;20260723;20260724;20260725;20260726,0.4642053544521332,0.4602791965007782,0.4886847734451294,50,3819,34670,False
0.22.0,unseen_main,,external,interval,history_quantile_tcn,0.11.0,0.21.0,unseen_main,goldencheetah_external__running,zero_history,180,0.5,true,absolute_coverage_error,"origin-within-session, session-within-user, equal-user mean",5,20260722;20260723;20260724;20260725;20260726,0.0357946455478668,0.0113152265548706,0.0397208034992218,50,3819,34670,False
0.22.0,unseen_main,,external,interval,history_quantile_tcn,0.11.0,0.21.0,unseen_main,goldencheetah_external__running,zero_history,180,0.5,true,conformal_adjustment_bpm,"origin-within-session, session-within-user, equal-user mean",5,20260722;20260723;20260724;20260725;20260726,0.0,0.0,0.0240936279296875,50,3819,34670,False
0.22.0,unseen_main,,external,interval,history_quantile_tcn,0.11.0,0.21.0,unseen_main,goldencheetah_external__running,zero_history,180,0.5,true,mean_interval_width_bpm,"origin-within-session, session-within-user, equal-user mean",5,20260722;20260723;20260724;20260725;20260726,10.372275352478027,10.233726501464844,10.912108421325684,50,3819,34670,False
0.22.0,unseen_main,,external,interval,history_quantile_tcn,0.11.0,0.21.0,unseen_main,goldencheetah_external__running,zero_history,180,0.5,true,picp,"origin-within-session, session-within-user, equal-user mean",5,20260722;20260723;20260724;20260725;20260726,0.4642053544521332,0.4602791965007782,0.4886847734451294,50,3819,34670,False
0.22.0,unseen_main,,external,interval,history_quantile_tcn,0.11.0,0.21.0,unseen_main,goldencheetah_external__running,zero_history,180,0.8,false,absolute_coverage_error,"origin-within-session, session-within-user, equal-user mean",5,20260722;20260723;20260724;20260725;20260726,0.0408270239830017,0.0181074619293213,0.0419120669364929,50,3819,34670,False
0.22.0,unseen_main,,external,interval,history_quantile_tcn,0.11.0,0.21.0,unseen_main,goldencheetah_external__running,zero_history,180,0.8,false,conformal_adjustment_bpm,"origin-within-session, session-within-user, equal-user mean",5,20260722;20260723;20260724;20260725;20260726,0.0,0.0,0.0,50,3819,34670,False
0.22.0,unseen_main,,external,interval,history_quantile_tcn,0.11.0,0.21.0,unseen_main,goldencheetah_external__running,zero_history,180,0.8,false,mean_interval_width_bpm,"origin-within-session, session-within-user, equal-user mean",5,20260722;20260723;20260724;20260725;20260726,20.462024688720703,20.291139602661133,21.220121383666992,50,3819,34670,False
0.22.0,unseen_main,,external,interval,history_quantile_tcn,0.11.0,0.21.0,unseen_main,goldencheetah_external__running,zero_history,180,0.8,false,picp,"origin-within-session, session-within-user, equal-user mean",5,20260722;20260723;20260724;20260725;20260726,0.7591729760169983,0.7580879330635071,0.7818925380706787,50,3819,34670,False
0.22.0,unseen_main,,external,interval,history_quantile_tcn,0.11.0,0.21.0,unseen_main,goldencheetah_external__running,zero_history,180,0.8,true,absolute_coverage_error,"origin-within-session, session-within-user, equal-user mean",5,20260722;20260723;20260724;20260725;20260726,0.0384976148605347,0.0181074619293213,0.0419120669364929,50,3819,34670,False
0.22.0,unseen_main,,external,interval,history_quantile_tcn,0.11.0,0.21.0,unseen_main,goldencheetah_external__running,zero_history,180,0.8,true,conformal_adjustment_bpm,"origin-within-session, session-within-user, equal-user mean",5,20260722;20260723;20260724;20260725;20260726,0.0,0.0,0.049713134765625,50,3819,34670,False
0.22.0,unseen_main,,external,interval,history_quantile_tcn,0.11.0,0.21.0,unseen_main,goldencheetah_external__running,zero_history,180,0.8,true,mean_interval_width_bpm,"origin-within-session, session-within-user, equal-user mean",5,20260722;20260723;20260724;20260725;20260726,20.462024688720703,20.34992218017578,21.220121383666992,50,3819,34670,False
0.22.0,unseen_main,,external,interval,history_quantile_tcn,0.11.0,0.21.0,unseen_main,goldencheetah_external__running,zero_history,180,0.8,true,picp,"origin-within-session, session-within-user, equal-user mean",5,20260722;20260723;20260724;20260725;20260726,0.7615023851394653,0.7580879330635071,0.7818925380706787,50,3819,34670,False
0.22.0,unseen_main,,external,interval,history_quantile_tcn,0.11.0,0.21.0,unseen_main,goldencheetah_external__running,zero_history,180,0.9,false,absolute_coverage_error,"origin-within-session, session-within-user, equal-user mean",5,20260722;20260723;20260724;20260725;20260726,0.036799693107605,0.0329631209373474,0.0442954540252685,50,3819,34670,False
0.22.0,unseen_main,,external,interval,history_quantile_tcn,0.11.0,0.21.0,unseen_main,goldencheetah_external__running,zero_history,180,0.9,false,conformal_adjustment_bpm,"origin-within-session, session-within-user, equal-user mean",5,20260722;20260723;20260724;20260725;20260726,0.0,0.0,0.0,50,3819,34670,False
0.22.0,unseen_main,,external,interval,history_quantile_tcn,0.11.0,0.21.0,unseen_main,goldencheetah_external__running,zero_history,180,0.9,false,mean_interval_width_bpm,"origin-within-session, session-within-user, equal-user mean",5,20260722;20260723;20260724;20260725;20260726,27.780183792114254,27.63351058959961,28.59972381591797,50,3819,34670,False
0.22.0,unseen_main,,external,interval,history_quantile_tcn,0.11.0,0.21.0,unseen_main,goldencheetah_external__running,zero_history,180,0.9,false,picp,"origin-within-session, session-within-user, equal-user mean",5,20260722;20260723;20260724;20260725;20260726,0.863200306892395,0.8557045459747314,0.8670368790626526,50,3819,34670,False
0.22.0,unseen_main,,external,interval,history_quantile_tcn,0.11.0,0.21.0,unseen_main,goldencheetah_external__running,zero_history,180,0.9,true,absolute_coverage_error,"origin-within-session, session-within-user, equal-user mean",5,20260722;20260723;20260724;20260725;20260726,0.0355276703834533,0.0329631209373474,0.0402748227119446,50,3819,34670,False
0.22.0,unseen_main,,external,interval,history_quantile_tcn,0.11.0,0.21.0,unseen_main,goldencheetah_external__running,zero_history,180,0.9,true,conformal_adjustment_bpm,"origin-within-session, session-within-user, equal-user mean",5,20260722;20260723;20260724;20260725;20260726,0.0625,0.0,0.134613037109375,50,3819,34670,False
0.22.0,unseen_main,,external,interval,history_quantile_tcn,0.11.0,0.21.0,unseen_main,goldencheetah_external__running,zero_history,180,0.9,true,mean_interval_width_bpm,"origin-within-session, session-within-user, equal-user mean",5,20260722;20260723;20260724;20260725;20260726,27.96503448486328,27.750001907348636,28.59972381591797,50,3819,34670,False
0.22.0,unseen_main,,external,interval,history_quantile_tcn,0.11.0,0.21.0,unseen_main,goldencheetah_external__running,zero_history,180,0.9,true,picp,"origin-within-session, session-within-user, equal-user mean",5,20260722;20260723;20260724;20260725;20260726,0.8644723296165466,0.8597251772880554,0.8670368790626526,50,3819,34670,False
0.22.0,unseen_main,,external,interval,history_quantile_tcn,0.11.0,0.21.0,unseen_main,goldencheetah_external__running,zero_history,300,0.5,false,absolute_coverage_error,"origin-within-session, session-within-user, equal-user mean",5,20260722;20260723;20260724;20260725;20260726,0.0348540246486663,0.0093724131584167,0.0383627712726593,50,3819,34670,False
0.22.0,unseen_main,,external,interval,history_quantile_tcn,0.11.0,0.21.0,unseen_main,goldencheetah_external__running,zero_history,300,0.5,false,conformal_adjustment_bpm,"origin-within-session, session-within-user, equal-user mean",5,20260722;20260723;20260724;20260725;20260726,0.0,0.0,0.0,50,3819,34670,False
0.22.0,unseen_main,,external,interval,history_quantile_tcn,0.11.0,0.21.0,unseen_main,goldencheetah_external__running,zero_history,300,0.5,false,mean_interval_width_bpm,"origin-within-session, session-within-user, equal-user mean",5,20260722;20260723;20260724;20260725;20260726,11.23154067993164,11.125938415527344,11.8343505859375,50,3819,34670,False
0.22.0,unseen_main,,external,interval,history_quantile_tcn,0.11.0,0.21.0,unseen_main,goldencheetah_external__running,zero_history,300,0.5,false,picp,"origin-within-session, session-within-user, equal-user mean",5,20260722;20260723;20260724;20260725;20260726,0.4651459753513336,0.4616372287273407,0.4906275868415832,50,3819,34670,False
0.22.0,unseen_main,,external,interval,history_quantile_tcn,0.11.0,0.21.0,unseen_main,goldencheetah_external__running,zero_history,300,0.5,true,absolute_coverage_error,"origin-within-session, session-within-user, equal-user mean",5,20260722;20260723;20260724;20260725;20260726,0.0348540246486663,0.0093724131584167,0.0383627712726593,50,3819,34670,False
0.22.0,unseen_main,,external,interval,history_quantile_tcn,0.11.0,0.21.0,unseen_main,goldencheetah_external__running,zero_history,300,0.5,true,conformal_adjustment_bpm,"origin-within-session, session-within-user, equal-user mean",5,20260722;20260723;20260724;20260725;20260726,0.0,0.0,0.0,50,3819,34670,False
0.22.0,unseen_main,,external,interval,history_quantile_tcn,0.11.0,0.21.0,unseen_main,goldencheetah_external__running,zero_history,300,0.5,true,mean_interval_width_bpm,"origin-within-session, session-within-user, equal-user mean",5,20260722;20260723;20260724;20260725;20260726,11.23154067993164,11.125938415527344,11.8343505859375,50,3819,34670,False
0.22.0,unseen_main,,external,interval,history_quantile_tcn,0.11.0,0.21.0,unseen_main,goldencheetah_external__running,zero_history,300,0.5,true,picp,"origin-within-session, session-within-user, equal-user mean",5,20260722;20260723;20260724;20260725;20260726,0.4651459753513336,0.4616372287273407,0.4906275868415832,50,3819,34670,False
0.22.0,unseen_main,,external,interval,history_quantile_tcn,0.11.0,0.21.0,unseen_main,goldencheetah_external__running,zero_history,300,0.8,false,absolute_coverage_error,"origin-within-session, session-within-user, equal-user mean",5,20260722;20260723;20260724;20260725;20260726,0.050260591506958,0.0307464480400085,0.062189507484436,50,3819,34670,False
0.22.0,unseen_main,,external,interval,history_quantile_tcn,0.11.0,0.21.0,unseen_main,goldencheetah_external__running,zero_history,300,0.8,false,conformal_adjustment_bpm,"origin-within-session, session-within-user, equal-user mean",5,20260722;20260723;20260724;20260725;20260726,0.0,0.0,0.0,50,3819,34670,False
0.22.0,unseen_main,,external,interval,history_quantile_tcn,0.11.0,0.21.0,unseen_main,goldencheetah_external__running,zero_history,300,0.8,false,mean_interval_width_bpm,"origin-within-session, session-within-user, equal-user mean",5,20260722;20260723;20260724;20260725;20260726,22.491943359375,22.2015380859375,23.064777374267575,50,3819,34670,False
0.22.0,unseen_main,,external,interval,history_quantile_tcn,0.11.0,0.21.0,unseen_main,goldencheetah_external__running,zero_history,300,0.8,false,picp,"origin-within-session, session-within-user, equal-user mean",5,20260722;20260723;20260724;20260725;20260726,0.749739408493042,0.737810492515564,0.7692535519599915,50,3819,34670,False
0.22.0,unseen_main,,external,interval,history_quantile_tcn,0.11.0,0.21.0,unseen_main,goldencheetah_external__running,zero_history,300,0.8,true,absolute_coverage_error,"origin-within-session, session-within-user, equal-user mean",5,20260722;20260723;20260724;20260725;20260726,0.050260591506958,0.0307464480400085,0.062189507484436,50,3819,34670,False
0.22.0,unseen_main,,external,interval,history_quantile_tcn,0.11.0,0.21.0,unseen_main,goldencheetah_external__running,zero_history,300,0.8,true,conformal_adjustment_bpm,"origin-within-session, session-within-user, equal-user mean",5,20260722;20260723;20260724;20260725;20260726,0.0,0.0,0.0,50,3819,34670,False
0.22.0,unseen_main,,external,interval,history_quantile_tcn,0.11.0,0.21.0,unseen_main,goldencheetah_external__running,zero_history,300,0.8,true,mean_interval_width_bpm,"origin-within-session, session-within-user, equal-user mean",5,20260722;20260723;20260724;20260725;20260726,22.491943359375,22.2015380859375,23.064777374267575,50,3819,34670,False
0.22.0,unseen_main,,external,interval,history_quantile_tcn,0.11.0,0.21.0,unseen_main,goldencheetah_external__running,zero_history,300,0.8,true,picp,"origin-within-session, session-within-user, equal-user mean",5,20260722;20260723;20260724;20260725;20260726,0.749739408493042,0.737810492515564,0.7692535519599915,50,3819,34670,False
0.22.0,unseen_main,,external,interval,history_quantile_tcn,0.11.0,0.21.0,unseen_main,goldencheetah_external__running,zero_history,300,0.9,false,absolute_coverage_error,"origin-within-session, session-within-user, equal-user mean",5,20260722;20260723;20260724;20260725;20260726,0.0499573588371277,0.0416578888893127,0.0505900621414184,50,3819,34670,False
0.22.0,unseen_main,,external,interval,history_quantile_tcn,0.11.0,0.21.0,unseen_main,goldencheetah_external__running,zero_history,300,0.9,false,conformal_adjustment_bpm,"origin-within-session, session-within-user, equal-user mean",5,20260722;20260723;20260724;20260725;20260726,0.0,0.0,0.0,50,3819,34670,False
0.22.0,unseen_main,,external,interval,history_quantile_tcn,0.11.0,0.21.0,unseen_main,goldencheetah_external__running,zero_history,300,0.9,false,mean_interval_width_bpm,"origin-within-session, session-within-user, equal-user mean",5,20260722;20260723;20260724;20260725;20260726,30.516435623168945,30.36455345153809,31.2345027923584,50,3819,34670,False
0.22.0,unseen_main,,external,interval,history_quantile_tcn,0.11.0,0.21.0,unseen_main,goldencheetah_external__running,zero_history,300,0.9,false,picp,"origin-within-session, session-within-user, equal-user mean",5,20260722;20260723;20260724;20260725;20260726,0.8500426411628723,0.8494099378585815,0.8583421111106873,50,3819,34670,False
0.22.0,unseen_main,,external,interval,history_quantile_tcn,0.11.0,0.21.0,unseen_main,goldencheetah_external__running,zero_history,300,0.9,true,absolute_coverage_error,"origin-within-session, session-within-user, equal-user mean",5,20260722;20260723;20260724;20260725;20260726,0.0495028138160705,0.0416578888893127,0.0501252651214599,50,3819,34670,False
0.22.0,unseen_main,,external,interval,history_quantile_tcn,0.11.0,0.21.0,unseen_main,goldencheetah_external__running,zero_history,300,0.9,true,conformal_adjustment_bpm,"origin-within-session, session-within-user, equal-user mean",5,20260722;20260723;20260724;20260725;20260726,0.0,0.0,0.1164703369140625,50,3819,34670,False
0.22.0,unseen_main,,external,interval,history_quantile_tcn,0.11.0,0.21.0,unseen_main,goldencheetah_external__running,zero_history,300,0.9,true,mean_interval_width_bpm,"origin-within-session, session-within-user, equal-user mean",5,20260722;20260723;20260724;20260725;20260726,30.597339630126957,30.465944290161133,31.2345027923584,50,3819,34670,False
0.22.0,unseen_main,,external,interval,history_quantile_tcn,0.11.0,0.21.0,unseen_main,goldencheetah_external__running,zero_history,300,0.9,true,picp,"origin-within-session, session-within-user, equal-user mean",5,20260722;20260723;20260724;20260725;20260726,0.8504971861839294,0.84987473487854,0.8583421111106873,50,3819,34670,False
0.22.0,unseen_main,,external,interval,history_quantile_tcn,0.11.0,0.21.0,unseen_main,goldencheetah_frozen_external,zero_history,60,0.5,false,absolute_coverage_error,"origin-within-session, session-within-user, equal-user mean",5,20260722;20260723;20260724;20260725;20260726,0.014422208070755,0.0003179013729095,0.0232039988040924,144,31851,531725,False
0.22.0,unseen_main,,external,interval,history_quantile_tcn,0.11.0,0.21.0,unseen_main,goldencheetah_frozen_external,zero_history,60,0.5,false,conformal_adjustment_bpm,"origin-within-session, session-within-user, equal-user mean",5,20260722;20260723;20260724;20260725;20260726,0.0,0.0,0.0,144,31851,531725,False
0.22.0,unseen_main,,external,interval,history_quantile_tcn,0.11.0,0.21.0,unseen_main,goldencheetah_frozen_external,zero_history,60,0.5,false,mean_interval_width_bpm,"origin-within-session, session-within-user, equal-user mean",5,20260722;20260723;20260724;20260725;20260726,11.124762535095217,10.939775466918944,11.398818969726562,144,31851,531725,False
0.22.0,unseen_main,,external,interval,history_quantile_tcn,0.11.0,0.21.0,unseen_main,goldencheetah_frozen_external,zero_history,60,0.5,false,picp,"origin-within-session, session-within-user, equal-user mean",5,20260722;20260723;20260724;20260725;20260726,0.485577791929245,0.4767960011959076,0.4996820986270904,144,31851,531725,False
0.22.0,unseen_main,,external,interval,history_quantile_tcn,0.11.0,0.21.0,unseen_main,goldencheetah_frozen_external,zero_history,60,0.5,true,absolute_coverage_error,"origin-within-session, session-within-user, equal-user mean",5,20260722;20260723;20260724;20260725;20260726,0.0124363303184509,0.0003179013729095,0.0172350108623504,144,31851,531725,False
0.22.0,unseen_main,,external,interval,history_quantile_tcn,0.11.0,0.21.0,unseen_main,goldencheetah_frozen_external,zero_history,60,0.5,true,conformal_adjustment_bpm,"origin-within-session, session-within-user, equal-user mean",5,20260722;20260723;20260724;20260725;20260726,0.0205078125,0.0,0.068359375,144,31851,531725,False
0.22.0,unseen_main,,external,interval,history_quantile_tcn,0.11.0,0.21.0,unseen_main,goldencheetah_frozen_external,zero_history,60,0.5,true,mean_interval_width_bpm,"origin-within-session, session-within-user, equal-user mean",5,20260722;20260723;20260724;20260725;20260726,11.181589126586914,11.053606033325195,11.398818969726562,144,31851,531725,False
0.22.0,unseen_main,,external,interval,history_quantile_tcn,0.11.0,0.21.0,unseen_main,goldencheetah_frozen_external,zero_history,60,0.5,true,picp,"origin-within-session, session-within-user, equal-user mean",5,20260722;20260723;20260724;20260725;20260726,0.4875636696815491,0.4827649891376495,0.4996820986270904,144,31851,531725,False
0.22.0,unseen_main,,external,interval,history_quantile_tcn,0.11.0,0.21.0,unseen_main,goldencheetah_frozen_external,zero_history,60,0.8,false,absolute_coverage_error,"origin-within-session, session-within-user, equal-user mean",5,20260722;20260723;20260724;20260725;20260726,0.0217383980751038,0.0052695751190185,0.0302232384681702,144,31851,531725,False
0.22.0,unseen_main,,external,interval,history_quantile_tcn,0.11.0,0.21.0,unseen_main,goldencheetah_frozen_external,zero_history,60,0.8,false,conformal_adjustment_bpm,"origin-within-session, session-within-user, equal-user mean",5,20260722;20260723;20260724;20260725;20260726,0.0,0.0,0.0,144,31851,531725,False
0.22.0,unseen_main,,external,interval,history_quantile_tcn,0.11.0,0.21.0,unseen_main,goldencheetah_frozen_external,zero_history,60,0.8,false,mean_interval_width_bpm,"origin-within-session, session-within-user, equal-user mean",5,20260722;20260723;20260724;20260725;20260726,22.10148429870605,21.684165954589844,22.875980377197266,144,31851,531725,False
0.22.0,unseen_main,,external,interval,history_quantile_tcn,0.11.0,0.21.0,unseen_main,goldencheetah_frozen_external,zero_history,60,0.8,false,picp,"origin-within-session, session-within-user, equal-user mean",5,20260722;20260723;20260724;20260725;20260726,0.7782616019248962,0.7697767615318298,0.7947304248809814,144,31851,531725,False
0.22.0,unseen_main,,external,interval,history_quantile_tcn,0.11.0,0.21.0,unseen_main,goldencheetah_frozen_external,zero_history,60,0.8,true,absolute_coverage_error,"origin-within-session, session-within-user, equal-user mean",5,20260722;20260723;20260724;20260725;20260726,0.0183001041412353,0.0052695751190185,0.0270402908325195,144,31851,531725,False
0.22.0,unseen_main,,external,interval,history_quantile_tcn,0.11.0,0.21.0,unseen_main,goldencheetah_frozen_external,zero_history,60,0.8,true,conformal_adjustment_bpm,"origin-within-session, session-within-user, equal-user mean",5,20260722;20260723;20260724;20260725;20260726,0.0,0.0,0.078125,144,31851,531725,False
0.22.0,unseen_main,,external,interval,history_quantile_tcn,0.11.0,0.21.0,unseen_main,goldencheetah_frozen_external,zero_history,60,0.8,true,mean_interval_width_bpm,"origin-within-session, session-within-user, equal-user mean",5,20260722;20260723;20260724;20260725;20260726,22.134252548217773,21.82609748840332,22.875980377197266,144,31851,531725,False
0.22.0,unseen_main,,external,interval,history_quantile_tcn,0.11.0,0.21.0,unseen_main,goldencheetah_frozen_external,zero_history,60,0.8,true,picp,"origin-within-session, session-within-user, equal-user mean",5,20260722;20260723;20260724;20260725;20260726,0.7816998958587646,0.7729597091674805,0.7947304248809814,144,31851,531725,False
0.22.0,unseen_main,,external,interval,history_quantile_tcn,0.11.0,0.21.0,unseen_main,goldencheetah_frozen_external,zero_history,60,0.9,false,absolute_coverage_error,"origin-within-session, session-within-user, equal-user mean",5,20260722;20260723;20260724;20260725;20260726,0.022135579586029,0.0117437481880188,0.027301812171936,144,31851,531725,False
0.22.0,unseen_main,,external,interval,history_quantile_tcn,0.11.0,0.21.0,unseen_main,goldencheetah_frozen_external,zero_history,60,0.9,false,conformal_adjustment_bpm,"origin-within-session, session-within-user, equal-user mean",5,20260722;20260723;20260724;20260725;20260726,0.0,0.0,0.0,144,31851,531725,False
0.22.0,unseen_main,,external,interval,history_quantile_tcn,0.11.0,0.21.0,unseen_main,goldencheetah_frozen_external,zero_history,60,0.9,false,mean_interval_width_bpm,"origin-within-session, session-within-user, equal-user mean",5,20260722;20260723;20260724;20260725;20260726,29.45018768310547,28.79417991638184,30.29715347290039,144,31851,531725,False
0.22.0,unseen_main,,external,interval,history_quantile_tcn,0.11.0,0.21.0,unseen_main,goldencheetah_frozen_external,zero_history,60,0.9,false,picp,"origin-within-session, session-within-user, equal-user mean",5,20260722;20260723;20260724;20260725;20260726,0.877864420413971,0.872698187828064,0.8882562518119812,144,31851,531725,False
0.22.0,unseen_main,,external,interval,history_quantile_tcn,0.11.0,0.21.0,unseen_main,goldencheetah_frozen_external,zero_history,60,0.9,true,absolute_coverage_error,"origin-within-session, session-within-user, equal-user mean",5,20260722;20260723;20260724;20260725;20260726,0.0198616623878479,0.0117437481880188,0.0225312352180481,144,31851,531725,False
0.22.0,unseen_main,,external,interval,history_quantile_tcn,0.11.0,0.21.0,unseen_main,goldencheetah_frozen_external,zero_history,60,0.9,true,conformal_adjustment_bpm,"origin-within-session, session-within-user, equal-user mean",5,20260722;20260723;20260724;20260725;20260726,0.040496826171875,0.0,0.2398834228515625,144,31851,531725,False
0.22.0,unseen_main,,external,interval,history_quantile_tcn,0.11.0,0.21.0,unseen_main,goldencheetah_frozen_external,zero_history,60,0.9,true,mean_interval_width_bpm,"origin-within-session, session-within-user, equal-user mean",5,20260722;20260723;20260724;20260725;20260726,29.547367095947266,29.273908615112305,30.29715347290039,144,31851,531725,False
0.22.0,unseen_main,,external,interval,history_quantile_tcn,0.11.0,0.21.0,unseen_main,goldencheetah_frozen_external,zero_history,60,0.9,true,picp,"origin-within-session, session-within-user, equal-user mean",5,20260722;20260723;20260724;20260725;20260726,0.8801383376121521,0.8774687647819519,0.8882562518119812,144,31851,531725,False
0.22.0,unseen_main,,external,interval,history_quantile_tcn,0.11.0,0.21.0,unseen_main,goldencheetah_frozen_external,zero_history,180,0.5,false,absolute_coverage_error,"origin-within-session, session-within-user, equal-user mean",5,20260722;20260723;20260724;20260725;20260726,0.0409887135028839,0.0249315500259399,0.0445211827754974,144,31851,531725,False
0.22.0,unseen_main,,external,interval,history_quantile_tcn,0.11.0,0.21.0,unseen_main,goldencheetah_frozen_external,zero_history,180,0.5,false,conformal_adjustment_bpm,"origin-within-session, session-within-user, equal-user mean",5,20260722;20260723;20260724;20260725;20260726,0.0,0.0,0.0,144,31851,531725,False
0.22.0,unseen_main,,external,interval,history_quantile_tcn,0.11.0,0.21.0,unseen_main,goldencheetah_frozen_external,zero_history,180,0.5,false,mean_interval_width_bpm,"origin-within-session, session-within-user, equal-user mean",5,20260722;20260723;20260724;20260725;20260726,14.243669509887695,14.13250732421875,14.696770668029783,144,31851,531725,False
0.22.0,unseen_main,,external,interval,history_quantile_tcn,0.11.0,0.21.0,unseen_main,goldencheetah_frozen_external,zero_history,180,0.5,false,picp,"origin-within-session, session-within-user, equal-user mean",5,20260722;20260723;20260724;20260725;20260726,0.4590112864971161,0.4554788172245025,0.47506844997406,144,31851,531725,False
0.22.0,unseen_main,,external,interval,history_quantile_tcn,0.11.0,0.21.0,unseen_main,goldencheetah_frozen_external,zero_history,180,0.5,true,absolute_coverage_error,"origin-within-session, session-within-user, equal-user mean",5,20260722;20260723;20260724;20260725;20260726,0.0393362045288085,0.0249315500259399,0.0445211827754974,144,31851,531725,False
0.22.0,unseen_main,,external,interval,history_quantile_tcn,0.11.0,0.21.0,unseen_main,goldencheetah_frozen_external,zero_history,180,0.5,true,conformal_adjustment_bpm,"origin-within-session, session-within-user, equal-user mean",5,20260722;20260723;20260724;20260725;20260726,0.0,0.0,0.0240936279296875,144,31851,531725,False
0.22.0,unseen_main,,external,interval,history_quantile_tcn,0.11.0,0.21.0,unseen_main,goldencheetah_frozen_external,zero_history,180,0.5,true,mean_interval_width_bpm,"origin-within-session, session-within-user, equal-user mean",5,20260722;20260723;20260724;20260725;20260726,14.243669509887695,14.149924278259276,14.696770668029783,144,31851,531725,False
0.22.0,unseen_main,,external,interval,history_quantile_tcn,0.11.0,0.21.0,unseen_main,goldencheetah_frozen_external,zero_history,180,0.5,true,picp,"origin-within-session, session-within-user, equal-user mean",5,20260722;20260723;20260724;20260725;20260726,0.4606637954711914,0.4554788172245025,0.47506844997406,144,31851,531725,False
0.22.0,unseen_main,,external,interval,history_quantile_tcn,0.11.0,0.21.0,unseen_main,goldencheetah_frozen_external,zero_history,180,0.8,false,absolute_coverage_error,"origin-within-session, session-within-user, equal-user mean",5,20260722;20260723;20260724;20260725;20260726,0.0510584592819214,0.0379463911056519,0.0574257850646973,144,31851,531725,False
0.22.0,unseen_main,,external,interval,history_quantile_tcn,0.11.0,0.21.0,unseen_main,goldencheetah_frozen_external,zero_history,180,0.8,false,conformal_adjustment_bpm,"origin-within-session, session-within-user, equal-user mean",5,20260722;20260723;20260724;20260725;20260726,0.0,0.0,0.0,144,31851,531725,False
0.22.0,unseen_main,,external,interval,history_quantile_tcn,0.11.0,0.21.0,unseen_main,goldencheetah_frozen_external,zero_history,180,0.8,false,mean_interval_width_bpm,"origin-within-session, session-within-user, equal-user mean",5,20260722;20260723;20260724;20260725;20260726,28.14222526550293,27.574974060058597,28.696237564086918,144,31851,531725,False
0.22.0,unseen_main,,external,interval,history_quantile_tcn,0.11.0,0.21.0,unseen_main,goldencheetah_frozen_external,zero_history,180,0.8,false,picp,"origin-within-session, session-within-user, equal-user mean",5,20260722;20260723;20260724;20260725;20260726,0.7489415407180786,0.7425742149353027,0.7620536088943481,144,31851,531725,False
0.22.0,unseen_main,,external,interval,history_quantile_tcn,0.11.0,0.21.0,unseen_main,goldencheetah_frozen_external,zero_history,180,0.8,true,absolute_coverage_error,"origin-within-session, session-within-user, equal-user mean",5,20260722;20260723;20260724;20260725;20260726,0.0495005130767822,0.0379463911056519,0.0560098171234131,144,31851,531725,False
0.22.0,unseen_main,,external,interval,history_quantile_tcn,0.11.0,0.21.0,unseen_main,goldencheetah_frozen_external,zero_history,180,0.8,true,conformal_adjustment_bpm,"origin-within-session, session-within-user, equal-user mean",5,20260722;20260723;20260724;20260725;20260726,0.0,0.0,0.049713134765625,144,31851,531725,False
0.22.0,unseen_main,,external,interval,history_quantile_tcn,0.11.0,0.21.0,unseen_main,goldencheetah_frozen_external,zero_history,180,0.8,true,mean_interval_width_bpm,"origin-within-session, session-within-user, equal-user mean",5,20260722;20260723;20260724;20260725;20260726,28.14222526550293,27.641380310058597,28.696237564086918,144,31851,531725,False
0.22.0,unseen_main,,external,interval,history_quantile_tcn,0.11.0,0.21.0,unseen_main,goldencheetah_frozen_external,zero_history,180,0.8,true,picp,"origin-within-session, session-within-user, equal-user mean",5,20260722;20260723;20260724;20260725;20260726,0.7504994869232178,0.7439901828765869,0.7620536088943481,144,31851,531725,False
0.22.0,unseen_main,,external,interval,history_quantile_tcn,0.11.0,0.21.0,unseen_main,goldencheetah_frozen_external,zero_history,180,0.9,false,absolute_coverage_error,"origin-within-session, session-within-user, equal-user mean",5,20260722;20260723;20260724;20260725;20260726,0.041431987285614,0.036566162109375,0.0482888460159302,144,31851,531725,False
0.22.0,unseen_main,,external,interval,history_quantile_tcn,0.11.0,0.21.0,unseen_main,goldencheetah_frozen_external,zero_history,180,0.9,false,conformal_adjustment_bpm,"origin-within-session, session-within-user, equal-user mean",5,20260722;20260723;20260724;20260725;20260726,0.0,0.0,0.0,144,31851,531725,False
0.22.0,unseen_main,,external,interval,history_quantile_tcn,0.11.0,0.21.0,unseen_main,goldencheetah_frozen_external,zero_history,180,0.9,false,mean_interval_width_bpm,"origin-within-session, session-within-user, equal-user mean",5,20260722;20260723;20260724;20260725;20260726,37.49761962890625,36.60104370117188,37.87653732299805,144,31851,531725,False
0.22.0,unseen_main,,external,interval,history_quantile_tcn,0.11.0,0.21.0,unseen_main,goldencheetah_frozen_external,zero_history,180,0.9,false,picp,"origin-within-session, session-within-user, equal-user mean",5,20260722;20260723;20260724;20260725;20260726,0.858568012714386,0.8517111539840698,0.863433837890625,144,31851,531725,False
0.22.0,unseen_main,,external,interval,history_quantile_tcn,0.11.0,0.21.0,unseen_main,goldencheetah_frozen_external,zero_history,180,0.9,true,absolute_coverage_error,"origin-within-session, session-within-user, equal-user mean",5,20260722;20260723;20260724;20260725;20260726,0.041431987285614,0.036566162109375,0.0466796398162842,144,31851,531725,False
0.22.0,unseen_main,,external,interval,history_quantile_tcn,0.11.0,0.21.0,unseen_main,goldencheetah_frozen_external,zero_history,180,0.9,true,conformal_adjustment_bpm,"origin-within-session, session-within-user, equal-user mean",5,20260722;20260723;20260724;20260725;20260726,0.0625,0.0,0.134613037109375,144,31851,531725,False
0.22.0,unseen_main,,external,interval,history_quantile_tcn,0.11.0,0.21.0,unseen_main,goldencheetah_frozen_external,zero_history,180,0.9,true,mean_interval_width_bpm,"origin-within-session, session-within-user, equal-user mean",5,20260722;20260723;20260724;20260725;20260726,37.49761962890625,36.75728225708008,37.87653732299805,144,31851,531725,False
0.22.0,unseen_main,,external,interval,history_quantile_tcn,0.11.0,0.21.0,unseen_main,goldencheetah_frozen_external,zero_history,180,0.9,true,picp,"origin-within-session, session-within-user, equal-user mean",5,20260722;20260723;20260724;20260725;20260726,0.858568012714386,0.8533203601837158,0.863433837890625,144,31851,531725,False
0.22.0,unseen_main,,external,interval,history_quantile_tcn,0.11.0,0.21.0,unseen_main,goldencheetah_frozen_external,zero_history,300,0.5,false,absolute_coverage_error,"origin-within-session, session-within-user, equal-user mean",5,20260722;20260723;20260724;20260725;20260726,0.0412026047706604,0.0350540578365325,0.0498613715171813,144,31851,531725,False
0.22.0,unseen_main,,external,interval,history_quantile_tcn,0.11.0,0.21.0,unseen_main,goldencheetah_frozen_external,zero_history,300,0.5,false,conformal_adjustment_bpm,"origin-within-session, session-within-user, equal-user mean",5,20260722;20260723;20260724;20260725;20260726,0.0,0.0,0.0,144,31851,531725,False
0.22.0,unseen_main,,external,interval,history_quantile_tcn,0.11.0,0.21.0,unseen_main,goldencheetah_frozen_external,zero_history,300,0.5,false,mean_interval_width_bpm,"origin-within-session, session-within-user, equal-user mean",5,20260722;20260723;20260724;20260725;20260726,15.57339096069336,15.25236701965332,15.714067459106444,144,31851,531725,False
0.22.0,unseen_main,,external,interval,history_quantile_tcn,0.11.0,0.21.0,unseen_main,goldencheetah_frozen_external,zero_history,300,0.5,false,picp,"origin-within-session, session-within-user, equal-user mean",5,20260722;20260723;20260724;20260725;20260726,0.4587973952293396,0.4501386284828186,0.4649459421634674,144,31851,531725,False
0.22.0,unseen_main,,external,interval,history_quantile_tcn,0.11.0,0.21.0,unseen_main,goldencheetah_frozen_external,zero_history,300,0.5,true,absolute_coverage_error,"origin-within-session, session-within-user, equal-user mean",5,20260722;20260723;20260724;20260725;20260726,0.0412026047706604,0.0350540578365325,0.0498613715171813,144,31851,531725,False
0.22.0,unseen_main,,external,interval,history_quantile_tcn,0.11.0,0.21.0,unseen_main,goldencheetah_frozen_external,zero_history,300,0.5,true,conformal_adjustment_bpm,"origin-within-session, session-within-user, equal-user mean",5,20260722;20260723;20260724;20260725;20260726,0.0,0.0,0.0,144,31851,531725,False
0.22.0,unseen_main,,external,interval,history_quantile_tcn,0.11.0,0.21.0,unseen_main,goldencheetah_frozen_external,zero_history,300,0.5,true,mean_interval_width_bpm,"origin-within-session, session-within-user, equal-user mean",5,20260722;20260723;20260724;20260725;20260726,15.57339096069336,15.25236701965332,15.714067459106444,144,31851,531725,False
0.22.0,unseen_main,,external,interval,history_quantile_tcn,0.11.0,0.21.0,unseen_main,goldencheetah_frozen_external,zero_history,300,0.5,true,picp,"origin-within-session, session-within-user, equal-user mean",5,20260722;20260723;20260724;20260725;20260726,0.4587973952293396,0.4501386284828186,0.4649459421634674,144,31851,531725,False
0.22.0,unseen_main,,external,interval,history_quantile_tcn,0.11.0,0.21.0,unseen_main,goldencheetah_frozen_external,zero_history,300,0.8,false,absolute_coverage_error,"origin-within-session, session-within-user, equal-user mean",5,20260722;20260723;20260724;20260725;20260726,0.0576596736907959,0.051298189163208,0.0637721300125122,144,31851,531725,False
0.22.0,unseen_main,,external,interval,history_quantile_tcn,0.11.0,0.21.0,unseen_main,goldencheetah_frozen_external,zero_history,300,0.8,false,conformal_adjustment_bpm,"origin-within-session, session-within-user, equal-user mean",5,20260722;20260723;20260724;20260725;20260726,0.0,0.0,0.0,144,31851,531725,False
0.22.0,unseen_main,,external,interval,history_quantile_tcn,0.11.0,0.21.0,unseen_main,goldencheetah_frozen_external,zero_history,300,0.8,false,mean_interval_width_bpm,"origin-within-session, session-within-user, equal-user mean",5,20260722;20260723;20260724;20260725;20260726,30.69872093200684,29.91119766235352,31.01689910888672,144,31851,531725,False
0.22.0,unseen_main,,external,interval,history_quantile_tcn,0.11.0,0.21.0,unseen_main,goldencheetah_frozen_external,zero_history,300,0.8,false,picp,"origin-within-session, session-within-user, equal-user mean",5,20260722;20260723;20260724;20260725;20260726,0.7423403263092041,0.7362278699874878,0.748701810836792,144,31851,531725,False
0.22.0,unseen_main,,external,interval,history_quantile_tcn,0.11.0,0.21.0,unseen_main,goldencheetah_frozen_external,zero_history,300,0.8,true,absolute_coverage_error,"origin-within-session, session-within-user, equal-user mean",5,20260722;20260723;20260724;20260725;20260726,0.0576596736907959,0.051298189163208,0.0637721300125122,144,31851,531725,False
0.22.0,unseen_main,,external,interval,history_quantile_tcn,0.11.0,0.21.0,unseen_main,goldencheetah_frozen_external,zero_history,300,0.8,true,conformal_adjustment_bpm,"origin-within-session, session-within-user, equal-user mean",5,20260722;20260723;20260724;20260725;20260726,0.0,0.0,0.0,144,31851,531725,False
0.22.0,unseen_main,,external,interval,history_quantile_tcn,0.11.0,0.21.0,unseen_main,goldencheetah_frozen_external,zero_history,300,0.8,true,mean_interval_width_bpm,"origin-within-session, session-within-user, equal-user mean",5,20260722;20260723;20260724;20260725;20260726,30.69872093200684,29.91119766235352,31.01689910888672,144,31851,531725,False
0.22.0,unseen_main,,external,interval,history_quantile_tcn,0.11.0,0.21.0,unseen_main,goldencheetah_frozen_external,zero_history,300,0.8,true,picp,"origin-within-session, session-within-user, equal-user mean",5,20260722;20260723;20260724;20260725;20260726,0.7423403263092041,0.7362278699874878,0.748701810836792,144,31851,531725,False
0.22.0,unseen_main,,external,interval,history_quantile_tcn,0.11.0,0.21.0,unseen_main,goldencheetah_frozen_external,zero_history,300,0.9,false,absolute_coverage_error,"origin-within-session, session-within-user, equal-user mean",5,20260722;20260723;20260724;20260725;20260726,0.0497300267219543,0.0464714407920837,0.0537096500396728,144,31851,531725,False
0.22.0,unseen_main,,external,interval,history_quantile_tcn,0.11.0,0.21.0,unseen_main,goldencheetah_frozen_external,zero_history,300,0.9,false,conformal_adjustment_bpm,"origin-within-session, session-within-user, equal-user mean",5,20260722;20260723;20260724;20260725;20260726,0.0,0.0,0.0,144,31851,531725,False
0.22.0,unseen_main,,external,interval,history_quantile_tcn,0.11.0,0.21.0,unseen_main,goldencheetah_frozen_external,zero_history,300,0.9,false,mean_interval_width_bpm,"origin-within-session, session-within-user, equal-user mean",5,20260722;20260723;20260724;20260725;20260726,40.56033706665039,39.80841064453125,40.72726821899414,144,31851,531725,False
0.22.0,unseen_main,,external,interval,history_quantile_tcn,0.11.0,0.21.0,unseen_main,goldencheetah_frozen_external,zero_history,300,0.9,false,picp,"origin-within-session, session-within-user, equal-user mean",5,20260722;20260723;20260724;20260725;20260726,0.8502699732780457,0.8462903499603271,0.8535285592079163,144,31851,531725,False
0.22.0,unseen_main,,external,interval,history_quantile_tcn,0.11.0,0.21.0,unseen_main,goldencheetah_frozen_external,zero_history,300,0.9,true,absolute_coverage_error,"origin-within-session, session-within-user, equal-user mean",5,20260722;20260723;20260724;20260725;20260726,0.0497300267219543,0.0464714407920837,0.0537096500396728,144,31851,531725,False
0.22.0,unseen_main,,external,interval,history_quantile_tcn,0.11.0,0.21.0,unseen_main,goldencheetah_frozen_external,zero_history,300,0.9,true,conformal_adjustment_bpm,"origin-within-session, session-within-user, equal-user mean",5,20260722;20260723;20260724;20260725;20260726,0.0,0.0,0.1164703369140625,144,31851,531725,False
0.22.0,unseen_main,,external,interval,history_quantile_tcn,0.11.0,0.21.0,unseen_main,goldencheetah_frozen_external,zero_history,300,0.9,true,mean_interval_width_bpm,"origin-within-session, session-within-user, equal-user mean",5,20260722;20260723;20260724;20260725;20260726,40.56033706665039,39.80841064453125,40.72726821899414,144,31851,531725,False
0.22.0,unseen_main,,external,interval,history_quantile_tcn,0.11.0,0.21.0,unseen_main,goldencheetah_frozen_external,zero_history,300,0.9,true,picp,"origin-within-session, session-within-user, equal-user mean",5,20260722;20260723;20260724;20260725;20260726,0.8502699732780457,0.8462903499603271,0.8535285592079163,144,31851,531725,False
0.22.0,unseen_main,,external,point,history_quantile_tcn,0.11.0,0.21.0,unseen_main,goldencheetah_external__indoor_virtual_cycling,zero_history,60,,,bias_bpm,"origin-within-session, session-within-user, equal-user mean",5,20260722;20260723;20260724;20260725;20260726,0.1074906811118125,-0.1879741251468658,0.2147653847932815,41,2275,26235,False
0.22.0,unseen_main,,external,point,history_quantile_tcn,0.11.0,0.21.0,unseen_main,goldencheetah_external__indoor_virtual_cycling,zero_history,60,,,mae_bpm,"origin-within-session, session-within-user, equal-user mean",5,20260722;20260723;20260724;20260725;20260726,6.399306774139404,6.338993072509766,6.4427900314331055,41,2275,26235,False
0.22.0,unseen_main,,external,point,history_quantile_tcn,0.11.0,0.21.0,unseen_main,goldencheetah_external__indoor_virtual_cycling,zero_history,60,,,rmse_bpm,"origin-within-session, session-within-user, equal-user mean",5,20260722;20260723;20260724;20260725;20260726,8.198446273803711,8.144787788391113,8.217548370361328,41,2275,26235,False
0.22.0,unseen_main,,external,point,history_quantile_tcn,0.11.0,0.21.0,unseen_main,goldencheetah_external__indoor_virtual_cycling,zero_history,180,,,bias_bpm,"origin-within-session, session-within-user, equal-user mean",5,20260722;20260723;20260724;20260725;20260726,0.4024859666824341,0.0917317941784858,0.8681378960609436,41,2275,26235,False
0.22.0,unseen_main,,external,point,history_quantile_tcn,0.11.0,0.21.0,unseen_main,goldencheetah_external__indoor_virtual_cycling,zero_history,180,,,mae_bpm,"origin-within-session, session-within-user, equal-user mean",5,20260722;20260723;20260724;20260725;20260726,9.528862953186035,9.498204231262209,9.550980567932127,41,2275,26235,False
0.22.0,unseen_main,,external,point,history_quantile_tcn,0.11.0,0.21.0,unseen_main,goldencheetah_external__indoor_virtual_cycling,zero_history,180,,,rmse_bpm,"origin-within-session, session-within-user, equal-user mean",5,20260722;20260723;20260724;20260725;20260726,11.934809684753418,11.917107582092283,12.011630058288574,41,2275,26235,False
0.22.0,unseen_main,,external,point,history_quantile_tcn,0.11.0,0.21.0,unseen_main,goldencheetah_external__indoor_virtual_cycling,zero_history,300,,,bias_bpm,"origin-within-session, session-within-user, equal-user mean",5,20260722;20260723;20260724;20260725;20260726,0.503746747970581,0.1296472251415252,0.7722455859184265,41,2275,26235,False
0.22.0,unseen_main,,external,point,history_quantile_tcn,0.11.0,0.21.0,unseen_main,goldencheetah_external__indoor_virtual_cycling,zero_history,300,,,mae_bpm,"origin-within-session, session-within-user, equal-user mean",5,20260722;20260723;20260724;20260725;20260726,11.373435020446776,11.362031936645508,11.418524742126465,41,2275,26235,False
0.22.0,unseen_main,,external,point,history_quantile_tcn,0.11.0,0.21.0,unseen_main,goldencheetah_external__indoor_virtual_cycling,zero_history,300,,,rmse_bpm,"origin-within-session, session-within-user, equal-user mean",5,20260722;20260723;20260724;20260725;20260726,14.08333683013916,14.072417259216309,14.12509059906006,41,2275,26235,False
0.22.0,unseen_main,,external,point,history_quantile_tcn,0.11.0,0.21.0,unseen_main,goldencheetah_external__outdoor_cycling,zero_history,60,,,bias_bpm,"origin-within-session, session-within-user, equal-user mean",5,20260722;20260723;20260724;20260725;20260726,0.3369713723659515,0.25195974111557,0.478632241487503,143,25757,470820,False
0.22.0,unseen_main,,external,point,history_quantile_tcn,0.11.0,0.21.0,unseen_main,goldencheetah_external__outdoor_cycling,zero_history,60,,,mae_bpm,"origin-within-session, session-within-user, equal-user mean",5,20260722;20260723;20260724;20260725;20260726,7.703134536743164,7.667156219482422,7.711769580841064,143,25757,470820,False
0.22.0,unseen_main,,external,point,history_quantile_tcn,0.11.0,0.21.0,unseen_main,goldencheetah_external__outdoor_cycling,zero_history,60,,,rmse_bpm,"origin-within-session, session-within-user, equal-user mean",5,20260722;20260723;20260724;20260725;20260726,9.956713676452637,9.932750701904297,9.96631908416748,143,25757,470820,False
0.22.0,unseen_main,,external,point,history_quantile_tcn,0.11.0,0.21.0,unseen_main,goldencheetah_external__outdoor_cycling,zero_history,180,,,bias_bpm,"origin-within-session, session-within-user, equal-user mean",5,20260722;20260723;20260724;20260725;20260726,0.1706539094448089,-0.0178231857717037,0.4815654158592224,143,25757,470820,False
0.22.0,unseen_main,,external,point,history_quantile_tcn,0.11.0,0.21.0,unseen_main,goldencheetah_external__outdoor_cycling,zero_history,180,,,mae_bpm,"origin-within-session, session-within-user, equal-user mean",5,20260722;20260723;20260724;20260725;20260726,10.524621963500977,10.503573417663574,10.551509857177734,143,25757,470820,False
0.22.0,unseen_main,,external,point,history_quantile_tcn,0.11.0,0.21.0,unseen_main,goldencheetah_external__outdoor_cycling,zero_history,180,,,rmse_bpm,"origin-within-session, session-within-user, equal-user mean",5,20260722;20260723;20260724;20260725;20260726,13.29464626312256,13.242704391479492,13.32229709625244,143,25757,470820,False
0.22.0,unseen_main,,external,point,history_quantile_tcn,0.11.0,0.21.0,unseen_main,goldencheetah_external__outdoor_cycling,zero_history,300,,,bias_bpm,"origin-within-session, session-within-user, equal-user mean",5,20260722;20260723;20260724;20260725;20260726,0.1149719357490539,-0.0603643357753753,0.4089901447296142,143,25757,470820,False
0.22.0,unseen_main,,external,point,history_quantile_tcn,0.11.0,0.21.0,unseen_main,goldencheetah_external__outdoor_cycling,zero_history,300,,,mae_bpm,"origin-within-session, session-within-user, equal-user mean",5,20260722;20260723;20260724;20260725;20260726,11.564311981201172,11.526803970336914,11.578137397766112,143,25757,470820,False
0.22.0,unseen_main,,external,point,history_quantile_tcn,0.11.0,0.21.0,unseen_main,goldencheetah_external__outdoor_cycling,zero_history,300,,,rmse_bpm,"origin-within-session, session-within-user, equal-user mean",5,20260722;20260723;20260724;20260725;20260726,14.481162071228027,14.444169044494627,14.5242280960083,143,25757,470820,False
0.22.0,unseen_main,,external,point,history_quantile_tcn,0.11.0,0.21.0,unseen_main,goldencheetah_external__running,zero_history,60,,,bias_bpm,"origin-within-session, session-within-user, equal-user mean",5,20260722;20260723;20260724;20260725;20260726,0.4983861446380615,0.3724235892295837,0.5235275030136108,50,3819,34670,False
0.22.0,unseen_main,,external,point,history_quantile_tcn,0.11.0,0.21.0,unseen_main,goldencheetah_external__running,zero_history,60,,,mae_bpm,"origin-within-session, session-within-user, equal-user mean",5,20260722;20260723;20260724;20260725;20260726,5.716474533081055,5.706521034240723,5.73973560333252,50,3819,34670,False
0.22.0,unseen_main,,external,point,history_quantile_tcn,0.11.0,0.21.0,unseen_main,goldencheetah_external__running,zero_history,60,,,rmse_bpm,"origin-within-session, session-within-user, equal-user mean",5,20260722;20260723;20260724;20260725;20260726,7.660640239715576,7.6448493003845215,7.667455673217773,50,3819,34670,False
0.22.0,unseen_main,,external,point,history_quantile_tcn,0.11.0,0.21.0,unseen_main,goldencheetah_external__running,zero_history,180,,,bias_bpm,"origin-within-session, session-within-user, equal-user mean",5,20260722;20260723;20260724;20260725;20260726,0.5630188584327698,0.2356650233268737,0.6340605616569519,50,3819,34670,False
0.22.0,unseen_main,,external,point,history_quantile_tcn,0.11.0,0.21.0,unseen_main,goldencheetah_external__running,zero_history,180,,,mae_bpm,"origin-within-session, session-within-user, equal-user mean",5,20260722;20260723;20260724;20260725;20260726,7.69429874420166,7.681581974029541,7.713495254516602,50,3819,34670,False
0.22.0,unseen_main,,external,point,history_quantile_tcn,0.11.0,0.21.0,unseen_main,goldencheetah_external__running,zero_history,180,,,rmse_bpm,"origin-within-session, session-within-user, equal-user mean",5,20260722;20260723;20260724;20260725;20260726,9.82957363128662,9.803021430969238,9.866436004638672,50,3819,34670,False
0.22.0,unseen_main,,external,point,history_quantile_tcn,0.11.0,0.21.0,unseen_main,goldencheetah_external__running,zero_history,300,,,bias_bpm,"origin-within-session, session-within-user, equal-user mean",5,20260722;20260723;20260724;20260725;20260726,0.5534021258354187,0.4969091117382049,0.6888583302497864,50,3819,34670,False
0.22.0,unseen_main,,external,point,history_quantile_tcn,0.11.0,0.21.0,unseen_main,goldencheetah_external__running,zero_history,300,,,mae_bpm,"origin-within-session, session-within-user, equal-user mean",5,20260722;20260723;20260724;20260725;20260726,8.71331787109375,8.64622974395752,8.74850082397461,50,3819,34670,False
0.22.0,unseen_main,,external,point,history_quantile_tcn,0.11.0,0.21.0,unseen_main,goldencheetah_external__running,zero_history,300,,,rmse_bpm,"origin-within-session, session-within-user, equal-user mean",5,20260722;20260723;20260724;20260725;20260726,10.98603630065918,10.907204627990724,11.061192512512209,50,3819,34670,False
0.22.0,unseen_main,,external,point,history_quantile_tcn,0.11.0,0.21.0,unseen_main,goldencheetah_frozen_external,zero_history,60,,,bias_bpm,"origin-within-session, session-within-user, equal-user mean",5,20260722;20260723;20260724;20260725;20260726,0.3051168918609619,0.2461805939674377,0.4368697702884674,144,31851,531725,False
0.22.0,unseen_main,,external,point,history_quantile_tcn,0.11.0,0.21.0,unseen_main,goldencheetah_frozen_external,zero_history,60,,,mae_bpm,"origin-within-session, session-within-user, equal-user mean",5,20260722;20260723;20260724;20260725;20260726,7.464600563049316,7.426656246185303,7.470535278320312,144,31851,531725,False
0.22.0,unseen_main,,external,point,history_quantile_tcn,0.11.0,0.21.0,unseen_main,goldencheetah_frozen_external,zero_history,60,,,rmse_bpm,"origin-within-session, session-within-user, equal-user mean",5,20260722;20260723;20260724;20260725;20260726,9.640419960021973,9.61687183380127,9.6461820602417,144,31851,531725,False
0.22.0,unseen_main,,external,point,history_quantile_tcn,0.11.0,0.21.0,unseen_main,goldencheetah_frozen_external,zero_history,180,,,bias_bpm,"origin-within-session, session-within-user, equal-user mean",5,20260722;20260723;20260724;20260725;20260726,0.2239597141742706,0.0289215706288814,0.5009855628013611,144,31851,531725,False
0.22.0,unseen_main,,external,point,history_quantile_tcn,0.11.0,0.21.0,unseen_main,goldencheetah_frozen_external,zero_history,180,,,mae_bpm,"origin-within-session, session-within-user, equal-user mean",5,20260722;20260723;20260724;20260725;20260726,10.205812454223633,10.191957473754885,10.230972290039062,144,31851,531725,False
0.22.0,unseen_main,,external,point,history_quantile_tcn,0.11.0,0.21.0,unseen_main,goldencheetah_frozen_external,zero_history,180,,,rmse_bpm,"origin-within-session, session-within-user, equal-user mean",5,20260722;20260723;20260724;20260725;20260726,12.87796115875244,12.834049224853516,12.903179168701172,144,31851,531725,False
0.22.0,unseen_main,,external,point,history_quantile_tcn,0.11.0,0.21.0,unseen_main,goldencheetah_frozen_external,zero_history,300,,,bias_bpm,"origin-within-session, session-within-user, equal-user mean",5,20260722;20260723;20260724;20260725;20260726,0.1771104037761688,-0.0280243959277868,0.4338157176971435,144,31851,531725,False
0.22.0,unseen_main,,external,point,history_quantile_tcn,0.11.0,0.21.0,unseen_main,goldencheetah_frozen_external,zero_history,300,,,mae_bpm,"origin-within-session, session-within-user, equal-user mean",5,20260722;20260723;20260724;20260725;20260726,11.213605880737305,11.186100959777832,11.22553825378418,144,31851,531725,False
0.22.0,unseen_main,,external,point,history_quantile_tcn,0.11.0,0.21.0,unseen_main,goldencheetah_frozen_external,zero_history,300,,,rmse_bpm,"origin-within-session, session-within-user, equal-user mean",5,20260722;20260723;20260724;20260725;20260726,14.02754020690918,13.991010665893556,14.066523551940918,144,31851,531725,False
0.22.0,unseen_tcn,,evaluation,point,tcn,0.9.0,,unseen_user_train,goldencheetah_external__indoor_virtual_cycling,not_applicable,60,,,bias_bpm,"origin-within-session, session-within-user, equal-user mean",3,20260722;20260723;20260724,-0.4527362585067749,-0.5297099351882935,-0.4449142217636108,41,2275,26235,False
0.22.0,unseen_tcn,,evaluation,point,tcn,0.9.0,,unseen_user_train,goldencheetah_external__indoor_virtual_cycling,not_applicable,60,,,mae_bpm,"origin-within-session, session-within-user, equal-user mean",3,20260722;20260723;20260724,6.486262798309326,6.437654972076416,6.50501823425293,41,2275,26235,False
0.22.0,unseen_tcn,,evaluation,point,tcn,0.9.0,,unseen_user_train,goldencheetah_external__indoor_virtual_cycling,not_applicable,60,,,rmse_bpm,"origin-within-session, session-within-user, equal-user mean",3,20260722;20260723;20260724,8.220742225646973,8.199655532836914,8.282567024230957,41,2275,26235,False
0.22.0,unseen_tcn,,evaluation,point,tcn,0.9.0,,unseen_user_train,goldencheetah_external__indoor_virtual_cycling,not_applicable,180,,,bias_bpm,"origin-within-session, session-within-user, equal-user mean",3,20260722;20260723;20260724,-0.273635983467102,-0.2903184294700622,-0.1448673754930496,41,2275,26235,False
0.22.0,unseen_tcn,,evaluation,point,tcn,0.9.0,,unseen_user_train,goldencheetah_external__indoor_virtual_cycling,not_applicable,180,,,mae_bpm,"origin-within-session, session-within-user, equal-user mean",3,20260722;20260723;20260724,9.632904052734377,9.581259727478027,9.643104553222656,41,2275,26235,False
0.22.0,unseen_tcn,,evaluation,point,tcn,0.9.0,,unseen_user_train,goldencheetah_external__indoor_virtual_cycling,not_applicable,180,,,rmse_bpm,"origin-within-session, session-within-user, equal-user mean",3,20260722;20260723;20260724,12.063974380493164,12.007176399230955,12.070191383361816,41,2275,26235,False
0.22.0,unseen_tcn,,evaluation,point,tcn,0.9.0,,unseen_user_train,goldencheetah_external__indoor_virtual_cycling,not_applicable,300,,,bias_bpm,"origin-within-session, session-within-user, equal-user mean",3,20260722;20260723;20260724,-0.1359016299247741,-0.4694871604442596,-0.1099738478660583,41,2275,26235,False
0.22.0,unseen_tcn,,evaluation,point,tcn,0.9.0,,unseen_user_train,goldencheetah_external__indoor_virtual_cycling,not_applicable,300,,,mae_bpm,"origin-within-session, session-within-user, equal-user mean",3,20260722;20260723;20260724,11.568689346313477,11.46929931640625,11.59188175201416,41,2275,26235,False
0.22.0,unseen_tcn,,evaluation,point,tcn,0.9.0,,unseen_user_train,goldencheetah_external__indoor_virtual_cycling,not_applicable,300,,,rmse_bpm,"origin-within-session, session-within-user, equal-user mean",3,20260722;20260723;20260724,14.30461311340332,14.206832885742188,14.310023307800291,41,2275,26235,False
0.22.0,unseen_tcn,,evaluation,point,tcn,0.9.0,,unseen_user_train,goldencheetah_external__outdoor_cycling,not_applicable,60,,,bias_bpm,"origin-within-session, session-within-user, equal-user mean",3,20260722;20260723;20260724,0.1927304863929748,0.0298987794667482,0.2591842710971832,143,25757,470820,False
0.22.0,unseen_tcn,,evaluation,point,tcn,0.9.0,,unseen_user_train,goldencheetah_external__outdoor_cycling,not_applicable,60,,,mae_bpm,"origin-within-session, session-within-user, equal-user mean",3,20260722;20260723;20260724,7.746150970458984,7.692971706390381,7.772051334381103,143,25757,470820,False
0.22.0,unseen_tcn,,evaluation,point,tcn,0.9.0,,unseen_user_train,goldencheetah_external__outdoor_cycling,not_applicable,60,,,rmse_bpm,"origin-within-session, session-within-user, equal-user mean",3,20260722;20260723;20260724,9.981890678405762,9.949600219726562,10.009873390197754,143,25757,470820,False
0.22.0,unseen_tcn,,evaluation,point,tcn,0.9.0,,unseen_user_train,goldencheetah_external__outdoor_cycling,not_applicable,180,,,bias_bpm,"origin-within-session, session-within-user, equal-user mean",3,20260722;20260723;20260724,-0.0576328113675117,-0.378391832113266,0.1254760026931762,143,25757,470820,False
0.22.0,unseen_tcn,,evaluation,point,tcn,0.9.0,,unseen_user_train,goldencheetah_external__outdoor_cycling,not_applicable,180,,,mae_bpm,"origin-within-session, session-within-user, equal-user mean",3,20260722;20260723;20260724,10.505462646484377,10.496793746948242,10.558757781982422,143,25757,470820,False
0.22.0,unseen_tcn,,evaluation,point,tcn,0.9.0,,unseen_user_train,goldencheetah_external__outdoor_cycling,not_applicable,180,,,rmse_bpm,"origin-within-session, session-within-user, equal-user mean",3,20260722;20260723;20260724,13.276666641235352,13.261185646057127,13.29011058807373,143,25757,470820,False
0.22.0,unseen_tcn,,evaluation,point,tcn,0.9.0,,unseen_user_train,goldencheetah_external__outdoor_cycling,not_applicable,300,,,bias_bpm,"origin-within-session, session-within-user, equal-user mean",3,20260722;20260723;20260724,-0.1537857502698898,-0.5521018505096436,0.0645802244544029,143,25757,470820,False
0.22.0,unseen_tcn,,evaluation,point,tcn,0.9.0,,unseen_user_train,goldencheetah_external__outdoor_cycling,not_applicable,300,,,mae_bpm,"origin-within-session, session-within-user, equal-user mean",3,20260722;20260723;20260724,11.573172569274902,11.567816734313965,11.62845516204834,143,25757,470820,False
0.22.0,unseen_tcn,,evaluation,point,tcn,0.9.0,,unseen_user_train,goldencheetah_external__outdoor_cycling,not_applicable,300,,,rmse_bpm,"origin-within-session, session-within-user, equal-user mean",3,20260722;20260723;20260724,14.53281593322754,14.521180152893066,14.549763679504396,143,25757,470820,False
0.22.0,unseen_tcn,,evaluation,point,tcn,0.9.0,,unseen_user_train,goldencheetah_external__running,not_applicable,60,,,bias_bpm,"origin-within-session, session-within-user, equal-user mean",3,20260722;20260723;20260724,0.4914380311965942,0.3685324788093567,0.6163565516471863,50,3819,34670,False
0.22.0,unseen_tcn,,evaluation,point,tcn,0.9.0,,unseen_user_train,goldencheetah_external__running,not_applicable,60,,,mae_bpm,"origin-within-session, session-within-user, equal-user mean",3,20260722;20260723;20260724,5.730733871459961,5.674779891967773,5.800718784332275,50,3819,34670,False
0.22.0,unseen_tcn,,evaluation,point,tcn,0.9.0,,unseen_user_train,goldencheetah_external__running,not_applicable,60,,,rmse_bpm,"origin-within-session, session-within-user, equal-user mean",3,20260722;20260723;20260724,7.681959629058838,7.612652778625488,7.772279739379883,50,3819,34670,False
0.22.0,unseen_tcn,,evaluation,point,tcn,0.9.0,,unseen_user_train,goldencheetah_external__running,not_applicable,180,,,bias_bpm,"origin-within-session, session-within-user, equal-user mean",3,20260722;20260723;20260724,0.4085873067378998,0.3159075081348419,0.4560162723064422,50,3819,34670,False
0.22.0,unseen_tcn,,evaluation,point,tcn,0.9.0,,unseen_user_train,goldencheetah_external__running,not_applicable,180,,,mae_bpm,"origin-within-session, session-within-user, equal-user mean",3,20260722;20260723;20260724,7.599831581115723,7.587071418762207,7.652937412261963,50,3819,34670,False
0.22.0,unseen_tcn,,evaluation,point,tcn,0.9.0,,unseen_user_train,goldencheetah_external__running,not_applicable,180,,,rmse_bpm,"origin-within-session, session-within-user, equal-user mean",3,20260722;20260723;20260724,9.792139053344728,9.769140243530272,9.822393417358398,50,3819,34670,False
0.22.0,unseen_tcn,,evaluation,point,tcn,0.9.0,,unseen_user_train,goldencheetah_external__running,not_applicable,300,,,bias_bpm,"origin-within-session, session-within-user, equal-user mean",3,20260722;20260723;20260724,0.617285966873169,0.5822622776031494,0.6489846706390381,50,3819,34670,False
0.22.0,unseen_tcn,,evaluation,point,tcn,0.9.0,,unseen_user_train,goldencheetah_external__running,not_applicable,300,,,mae_bpm,"origin-within-session, session-within-user, equal-user mean",3,20260722;20260723;20260724,8.620933532714844,8.612839698791504,8.674707412719727,50,3819,34670,False
0.22.0,unseen_tcn,,evaluation,point,tcn,0.9.0,,unseen_user_train,goldencheetah_external__running,not_applicable,300,,,rmse_bpm,"origin-within-session, session-within-user, equal-user mean",3,20260722;20260723;20260724,10.975996971130373,10.947674751281738,11.00706672668457,50,3819,34670,False
0.22.0,unseen_tcn,,evaluation,point,tcn,0.9.0,,unseen_user_train,goldencheetah_frozen_external,not_applicable,60,,,bias_bpm,"origin-within-session, session-within-user, equal-user mean",3,20260722;20260723;20260724,0.1612910032272339,0.0246681403368711,0.2438616752624511,144,31851,531725,False
0.22.0,unseen_tcn,,evaluation,point,tcn,0.9.0,,unseen_user_train,goldencheetah_frozen_external,not_applicable,60,,,mae_bpm,"origin-within-session, session-within-user, equal-user mean",3,20260722;20260723;20260724,7.505107402801514,7.4522833824157715,7.535810470581055,144,31851,531725,False
0.22.0,unseen_tcn,,evaluation,point,tcn,0.9.0,,unseen_user_train,goldencheetah_frozen_external,not_applicable,60,,,rmse_bpm,"origin-within-session, session-within-user, equal-user mean",3,20260722;20260723;20260724,9.66793155670166,9.634078025817873,9.700908660888672,144,31851,531725,False
0.22.0,unseen_tcn,,evaluation,point,tcn,0.9.0,,unseen_user_train,goldencheetah_frozen_external,not_applicable,180,,,bias_bpm,"origin-within-session, session-within-user, equal-user mean",3,20260722;20260723;20260724,-0.0579958893358707,-0.3304600119590759,0.1355563104152679,144,31851,531725,False
0.22.0,unseen_tcn,,evaluation,point,tcn,0.9.0,,unseen_user_train,goldencheetah_frozen_external,not_applicable,180,,,mae_bpm,"origin-within-session, session-within-user, equal-user mean",3,20260722;20260723;20260724,10.18344497680664,10.173812866210938,10.228565216064451,144,31851,531725,False
0.22.0,unseen_tcn,,evaluation,point,tcn,0.9.0,,unseen_user_train,goldencheetah_frozen_external,not_applicable,180,,,rmse_bpm,"origin-within-session, session-within-user, equal-user mean",3,20260722;20260723;20260724,12.86550521850586,12.847283363342283,12.87283706665039,144,31851,531725,False
0.22.0,unseen_tcn,,evaluation,point,tcn,0.9.0,,unseen_user_train,goldencheetah_frozen_external,not_applicable,300,,,bias_bpm,"origin-within-session, session-within-user, equal-user mean",3,20260722;20260723;20260724,-0.1215219870209693,-0.4831318259239197,0.0905100479722023,144,31851,531725,False
0.22.0,unseen_tcn,,evaluation,point,tcn,0.9.0,,unseen_user_train,goldencheetah_frozen_external,not_applicable,300,,,mae_bpm,"origin-within-session, session-within-user, equal-user mean",3,20260722;20260723;20260724,11.217134475708008,11.21510410308838,11.276585578918455,144,31851,531725,False
0.22.0,unseen_tcn,,evaluation,point,tcn,0.9.0,,unseen_user_train,goldencheetah_frozen_external,not_applicable,300,,,rmse_bpm,"origin-within-session, session-within-user, equal-user mean",3,20260722;20260723;20260724,14.080402374267578,14.058435440063477,14.09572982788086,144,31851,531725,False
0.22.0,unseen_tcn,,evaluation,point,tcn,0.9.0,,unseen_user_train,unseen_user_test,not_applicable,60,,,bias_bpm,"origin-within-session, session-within-user, equal-user mean",3,20260722;20260723;20260724,0.1338401734828949,0.0073826448060572,0.178588718175888,105,15026,101184,False
0.22.0,unseen_tcn,,evaluation,point,tcn,0.9.0,,unseen_user_train,unseen_user_test,not_applicable,60,,,mae_bpm,"origin-within-session, session-within-user, equal-user mean",3,20260722;20260723;20260724,5.896884441375732,5.866712093353272,5.918589115142822,105,15026,101184,False
0.22.0,unseen_tcn,,evaluation,point,tcn,0.9.0,,unseen_user_train,unseen_user_test,not_applicable,60,,,rmse_bpm,"origin-within-session, session-within-user, equal-user mean",3,20260722;20260723;20260724,7.174217700958252,7.148554801940918,7.2072248458862305,105,15026,101184,False
0.22.0,unseen_tcn,,evaluation,point,tcn,0.9.0,,unseen_user_train,unseen_user_test,not_applicable,180,,,bias_bpm,"origin-within-session, session-within-user, equal-user mean",3,20260722;20260723;20260724,0.2637268304824829,0.0936843156814575,0.347748190164566,105,15026,101184,False
0.22.0,unseen_tcn,,evaluation,point,tcn,0.9.0,,unseen_user_train,unseen_user_test,not_applicable,180,,,mae_bpm,"origin-within-session, session-within-user, equal-user mean",3,20260722;20260723;20260724,7.453430652618408,7.448401927947998,7.477725505828857,105,15026,101184,False
0.22.0,unseen_tcn,,evaluation,point,tcn,0.9.0,,unseen_user_train,unseen_user_test,not_applicable,180,,,rmse_bpm,"origin-within-session, session-within-user, equal-user mean",3,20260722;20260723;20260724,8.972810745239258,8.962983131408691,9.005101203918457,105,15026,101184,False
0.22.0,unseen_tcn,,evaluation,point,tcn,0.9.0,,unseen_user_train,unseen_user_test,not_applicable,300,,,bias_bpm,"origin-within-session, session-within-user, equal-user mean",3,20260722;20260723;20260724,0.2576769292354584,0.0372701287269592,0.3362094759941101,105,15026,101184,False
0.22.0,unseen_tcn,,evaluation,point,tcn,0.9.0,,unseen_user_train,unseen_user_test,not_applicable,300,,,mae_bpm,"origin-within-session, session-within-user, equal-user mean",3,20260722;20260723;20260724,8.256620407104492,8.251749038696289,8.282685279846191,105,15026,101184,False
0.22.0,unseen_tcn,,evaluation,point,tcn,0.9.0,,unseen_user_train,unseen_user_test,not_applicable,300,,,rmse_bpm,"origin-within-session, session-within-user, equal-user mean",3,20260722;20260723;20260724,9.879201889038086,9.875694274902344,9.923550605773926,105,15026,101184,False
0.22.0,unseen_tcn,,evaluation,point,tcn,0.9.0,,unseen_user_train,unseen_user_validation,not_applicable,60,,,bias_bpm,"origin-within-session, session-within-user, equal-user mean",3,20260722;20260723;20260724,0.4444049000740051,0.3160685300827026,0.5462995171546936,127,19062,123370,False
0.22.0,unseen_tcn,,evaluation,point,tcn,0.9.0,,unseen_user_train,unseen_user_validation,not_applicable,60,,,mae_bpm,"origin-within-session, session-within-user, equal-user mean",3,20260722;20260723;20260724,6.2762770652771,6.25480842590332,6.299915790557861,127,19062,123370,False
0.22.0,unseen_tcn,,evaluation,point,tcn,0.9.0,,unseen_user_train,unseen_user_validation,not_applicable,60,,,rmse_bpm,"origin-within-session, session-within-user, equal-user mean",3,20260722;20260723;20260724,7.590862274169922,7.5777106285095215,7.630946636199951,127,19062,123370,False
0.22.0,unseen_tcn,,evaluation,point,tcn,0.9.0,,unseen_user_train,unseen_user_validation,not_applicable,180,,,bias_bpm,"origin-within-session, session-within-user, equal-user mean",3,20260722;20260723;20260724,0.5890976786613464,0.3825600445270538,0.7322943210601807,127,19062,123370,False
0.22.0,unseen_tcn,,evaluation,point,tcn,0.9.0,,unseen_user_train,unseen_user_validation,not_applicable,180,,,mae_bpm,"origin-within-session, session-within-user, equal-user mean",3,20260722;20260723;20260724,7.802235126495361,7.791611194610596,7.813872814178467,127,19062,123370,False
0.22.0,unseen_tcn,,evaluation,point,tcn,0.9.0,,unseen_user_train,unseen_user_validation,not_applicable,180,,,rmse_bpm,"origin-within-session, session-within-user, equal-user mean",3,20260722;20260723;20260724,9.39658260345459,9.37819766998291,9.401030540466309,127,19062,123370,False
0.22.0,unseen_tcn,,evaluation,point,tcn,0.9.0,,unseen_user_train,unseen_user_validation,not_applicable,300,,,bias_bpm,"origin-within-session, session-within-user, equal-user mean",3,20260722;20260723;20260724,0.4945950806140899,0.2357068508863449,0.6378120183944702,127,19062,123370,False
0.22.0,unseen_tcn,,evaluation,point,tcn,0.9.0,,unseen_user_train,unseen_user_validation,not_applicable,300,,,mae_bpm,"origin-within-session, session-within-user, equal-user mean",3,20260722;20260723;20260724,8.31740951538086,8.313872337341309,8.33614444732666,127,19062,123370,False
0.22.0,unseen_tcn,,evaluation,point,tcn,0.9.0,,unseen_user_train,unseen_user_validation,not_applicable,300,,,rmse_bpm,"origin-within-session, session-within-user, equal-user mean",3,20260722;20260723;20260724,9.966140747070312,9.96137237548828,10.008280754089355,127,19062,123370,False
